scenario_id,scenario_description,weekly_wage,column,unit,treasury,rulespec,signed_delta_rulespec_minus_treasury,absolute_delta,relative_absolute_delta,classification,reason_code,reason_title
single_parent_three_children_area1_rent,"Single parent, children aged 0, 1, and 10, Area 1 rent.",0,gross_wage1,NZD/week,0,0,0,0,0,match,MATCH_SNAPSHOT_PRECISION,Match at oracle precision
single_parent_three_children_area1_rent,"Single parent, children aged 0, 1, and 10, Area 1 rent.",0,hours1,hours/week,0,0,0,0,0,match,MATCH_SNAPSHOT_PRECISION,Match at oracle precision
single_parent_three_children_area1_rent,"Single parent, children aged 0, 1, and 10, Area 1 rent.",0,gross_wage1_annual,NZD/year,0,0,0,0,0,match,MATCH_SNAPSHOT_PRECISION,Match at oracle precision
single_parent_three_children_area1_rent,"Single parent, children aged 0, 1, and 10, Area 1 rent.",0,gross_wage2,NZD/week,0,0,0,0,0,match,MATCH_SNAPSHOT_PRECISION,Match at oracle precision
single_parent_three_children_area1_rent,"Single parent, children aged 0, 1, and 10, Area 1 rent.",0,wage1_tax,NZD/week,0,0,0,0,0,match,MATCH_SNAPSHOT_PRECISION,Match at oracle precision
single_parent_three_children_area1_rent,"Single parent, children aged 0, 1, and 10, Area 1 rent.",0,wage1_ACC_levy,NZD/week,0,0,0,0,0,match,MATCH_SNAPSHOT_PRECISION,Match at oracle precision
single_parent_three_children_area1_rent,"Single parent, children aged 0, 1, and 10, Area 1 rent.",0,net_wage1,NZD/week,0,0,0,0,0,match,MATCH_SNAPSHOT_PRECISION,Match at oracle precision
single_parent_three_children_area1_rent,"Single parent, children aged 0, 1, and 10, Area 1 rent.",0,net_wage,NZD/week,0,0,0,0,0,match,MATCH_SNAPSHOT_PRECISION,Match at oracle precision
single_parent_three_children_area1_rent,"Single parent, children aged 0, 1, and 10, Area 1 rent.",0,net_benefit,NZD/week,517.39,521.52,4.13,4.13,0.007982373064806045729527049227855196273604,b,B_BENEFIT_VINTAGE,Main-benefit forecast vintage
single_parent_three_children_area1_rent,"Single parent, children aged 0, 1, and 10, Area 1 rent.",0,FTC_abated,NZD/week,379.419178,399.4602739726027397260273972602739726028,20.0410959726027397260273972602739726028,20.0410959726027397260273972602739726028,0.05282046120663605392668737809630163871896,b,B_WFF_VINTAGE,Working for Families forecast vintage
single_parent_three_children_area1_rent,"Single parent, children aged 0, 1, and 10, Area 1 rent.",0,IWTC_abated,NZD/week,0,0,0,0,0,match,MATCH_SNAPSHOT_PRECISION,Match at oracle precision
single_parent_three_children_area1_rent,"Single parent, children aged 0, 1, and 10, Area 1 rent.",0,MFTC,NZD/week,0,0,0,0,0,match,MATCH_SNAPSHOT_PRECISION,Match at oracle precision
single_parent_three_children_area1_rent,"Single parent, children aged 0, 1, and 10, Area 1 rent.",0,IETC_abated,NZD/week,0,0,0,0,0,match,MATCH_SNAPSHOT_PRECISION,Match at oracle precision
single_parent_three_children_area1_rent,"Single parent, children aged 0, 1, and 10, Area 1 rent.",0,WinterEnergy,NZD/week,13.424658,13.42465753424657534246575342465753424658,-0.00000046575342465753424657534246575342,0.00000046575342465753424657534246575342,0.00000003469387634735531039787698619610421360455,match,MATCH_SNAPSHOT_PRECISION,Match at oracle precision
single_parent_three_children_area1_rent,"Single parent, children aged 0, 1, and 10, Area 1 rent.",0,BestStart_Total,NZD/week,147.210959,154.9972602739726027397260273972602739726,7.7863012739726027397260273972602739726,7.7863012739726027397260273972602739726,0.05289213063256114471563239661566415019822,b,B_WFF_VINTAGE,Working for Families forecast vintage
single_parent_three_children_area1_rent,"Single parent, children aged 0, 1, and 10, Area 1 rent.",0,AS_Amount,NZD/week,304.204969,302.07678846153846153846153846,-2.12818053846153846153846154,2.12818053846153846153846154,0.006995876975505743502626551573521469992819,b,B_AS_UPSTREAM_VINTAGE,"Accommodation Supplement compound difference, primary vintage"
single_parent_three_children_area1_rent,"Single parent, children aged 0, 1, and 10, Area 1 rent.",0,WFF_abated,NZD/week,379.419178,399.4602739726027397260273972602739726028,20.0410959726027397260273972602739726028,20.0410959726027397260273972602739726028,0.05282046120663605392668737809630163871896,b,B_WFF_VINTAGE,Working for Families forecast vintage
single_parent_three_children_area1_rent,"Single parent, children aged 0, 1, and 10, Area 1 rent.",0,Net_Income,NZD/week,1361.649764,1391.478980242360379346680716542191780822,29.829216242360379346680716542191780822,29.829216242360379346680716542191780822,0.02190667308951289132429263692964718996713,b,B_COMPOUND_NET_INCOME,Compound forecast-vintage level difference
single_parent_three_children_area1_rent,"Single parent, children aged 0, 1, and 10, Area 1 rent.",0,Net_Income_annual,NZD/year,71000.309107,72555.68968406593406593406593398571428571,1555.38057706593406593406593398571428571,1555.38057706593406593406593398571428571,0.02190667331774457518115021710120502512012,b,B_COMPOUND_NET_INCOME,Compound forecast-vintage level difference
single_parent_three_children_area1_rent,"Single parent, children aged 0, 1, and 10, Area 1 rent.",0,EMTR,ratio,0.1925,0.192452054794520547945205479452054794,-0.000047945205479452054794520547945206,0.000047945205479452054794520547945206,0.0002490660024906600249066002490660051948052,c,C_EMTR_DISCRETE_ROUNDING,EMTR statutory discreteness/period convention
single_parent_three_children_area1_rent,"Single parent, children aged 0, 1, and 10, Area 1 rent.",160,gross_wage1,NZD/week,160,160,0,0,0,match,MATCH_SNAPSHOT_PRECISION,Match at oracle precision
single_parent_three_children_area1_rent,"Single parent, children aged 0, 1, and 10, Area 1 rent.",160,hours1,hours/week,8.648649,8.648648648648648648648648648648648648649,-0.000000351351351351351351351351351351351,0.000000351351351351351351351351351351351,0.00000004062499834960944204711641683589552541674,match,MATCH_SNAPSHOT_PRECISION,Match at oracle precision
single_parent_three_children_area1_rent,"Single parent, children aged 0, 1, and 10, Area 1 rent.",160,gross_wage1_annual,NZD/year,8342.857143,8342.857142857142857142857142857142857142,-0.000000142857142857142857142857142858,0.000000142857142857142857142857142858,0.00000000001712328767093966973166199195675236315143,match,MATCH_SNAPSHOT_PRECISION,Match at oracle precision
single_parent_three_children_area1_rent,"Single parent, children aged 0, 1, and 10, Area 1 rent.",160,gross_wage2,NZD/week,0,0,0,0,0,match,MATCH_SNAPSHOT_PRECISION,Match at oracle precision
single_parent_three_children_area1_rent,"Single parent, children aged 0, 1, and 10, Area 1 rent.",160,wage1_tax,NZD/week,16.8,16.8,0,0,0,match,MATCH_SNAPSHOT_PRECISION,Match at oracle precision
single_parent_three_children_area1_rent,"Single parent, children aged 0, 1, and 10, Area 1 rent.",160,wage1_ACC_levy,NZD/week,2.8,2.8,0,0,0,match,MATCH_SNAPSHOT_PRECISION,Match at oracle precision
single_parent_three_children_area1_rent,"Single parent, children aged 0, 1, and 10, Area 1 rent.",160,net_wage1,NZD/week,140.4,140.4,0,0,0,match,MATCH_SNAPSHOT_PRECISION,Match at oracle precision
single_parent_three_children_area1_rent,"Single parent, children aged 0, 1, and 10, Area 1 rent.",160,net_wage,NZD/week,140.4,140.4,0,0,0,match,MATCH_SNAPSHOT_PRECISION,Match at oracle precision
single_parent_three_children_area1_rent,"Single parent, children aged 0, 1, and 10, Area 1 rent.",160,net_benefit,NZD/week,0,0,0,0,0,match,MATCH_SNAPSHOT_PRECISION,Match at oracle precision
single_parent_three_children_area1_rent,"Single parent, children aged 0, 1, and 10, Area 1 rent.",160,FTC_abated,NZD/week,379.419178,399.4602739726027397260273972602739726028,20.0410959726027397260273972602739726028,20.0410959726027397260273972602739726028,0.05282046120663605392668737809630163871896,b,B_WFF_VINTAGE,Working for Families forecast vintage
single_parent_three_children_area1_rent,"Single parent, children aged 0, 1, and 10, Area 1 rent.",160,IWTC_abated,NZD/week,97.5,147.5,50,50,0.5128205128205128205128205128205128205128,b,B_WFF_VINTAGE,Working for Families forecast vintage
single_parent_three_children_area1_rent,"Single parent, children aged 0, 1, and 10, Area 1 rent.",160,MFTC,NZD/week,0,0,0,0,0,match,MATCH_SNAPSHOT_PRECISION,Match at oracle precision
single_parent_three_children_area1_rent,"Single parent, children aged 0, 1, and 10, Area 1 rent.",160,IETC_abated,NZD/week,0,0,0,0,0,match,MATCH_SNAPSHOT_PRECISION,Match at oracle precision
single_parent_three_children_area1_rent,"Single parent, children aged 0, 1, and 10, Area 1 rent.",160,WinterEnergy,NZD/week,0,0,0,0,0,match,MATCH_SNAPSHOT_PRECISION,Match at oracle precision
single_parent_three_children_area1_rent,"Single parent, children aged 0, 1, and 10, Area 1 rent.",160,BestStart_Total,NZD/week,147.210959,154.9972602739726027397260273972602739726,7.7863012739726027397260273972602739726,7.7863012739726027397260273972602739726,0.05289213063256114471563239661566415019822,b,B_WFF_VINTAGE,Working for Families forecast vintage
single_parent_three_children_area1_rent,"Single parent, children aged 0, 1, and 10, Area 1 rent.",160,AS_Amount,NZD/week,304.204969,302.07678846153846153846153846,-2.12818053846153846153846154,2.12818053846153846153846154,0.006995876975505743502626551573521469992819,b,B_AS_UPSTREAM_VINTAGE,"Accommodation Supplement compound difference, primary vintage"
single_parent_three_children_area1_rent,"Single parent, children aged 0, 1, and 10, Area 1 rent.",160,WFF_abated,NZD/week,476.919178,546.9602739726027397260273972602739726028,70.0410959726027397260273972602739726028,70.0410959726027397260273972602739726028,0.1468615631401653127189349413419352421236,b,B_WFF_VINTAGE,Working for Families forecast vintage
single_parent_three_children_area1_rent,"Single parent, children aged 0, 1, and 10, Area 1 rent.",160,Net_Income,NZD/week,1068.735106,1144.434322708113804004214963117534246575,75.699216708113804004214963117534246575,75.699216708113804004214963117534246575,0.07083066354153599217897775608162182573144,b,B_COMPOUND_NET_INCOME,Compound forecast-vintage level difference
single_parent_three_children_area1_rent,"Single parent, children aged 0, 1, and 10, Area 1 rent.",160,Net_Income_annual,NZD/year,55726.901964,59674.07539835164835164835164827142857141,3947.17343435164835164835164827142857141,3947.17343435164835164835164827142857141,0.07083066338232030614965609733085553679838,b,B_COMPOUND_NET_INCOME,Compound forecast-vintage level difference
single_parent_three_children_area1_rent,"Single parent, children aged 0, 1, and 10, Area 1 rent.",160,EMTR,ratio,0.1225,0.122452054794520547945205479452054794,-0.000047945205479452054794520547945206,0.000047945205479452054794520547945206,0.0003913894324853228962818003913894367346939,c,C_EMTR_DISCRETE_ROUNDING,EMTR statutory discreteness/period convention
single_parent_three_children_area1_rent,"Single parent, children aged 0, 1, and 10, Area 1 rent.",250,gross_wage1,NZD/week,250,250,0,0,0,match,MATCH_SNAPSHOT_PRECISION,Match at oracle precision
single_parent_three_children_area1_rent,"Single parent, children aged 0, 1, and 10, Area 1 rent.",250,hours1,hours/week,13.513514,13.51351351351351351351351351351351351351,-0.00000048648648648648648648648648648649,0.00000048648648648648648648648648648649,0.00000003599999870400004665599832038406072617381,match,MATCH_SNAPSHOT_PRECISION,Match at oracle precision
single_parent_three_children_area1_rent,"Single parent, children aged 0, 1, and 10, Area 1 rent.",250,gross_wage1_annual,NZD/year,13035.714286,13035.71428571428571428571428571428571428,-0.00000028571428571428571428571428572,0.00000028571428571428571428571428572,0.00000000002191780821869769187465868072647323439504,match,MATCH_SNAPSHOT_PRECISION,Match at oracle precision
single_parent_three_children_area1_rent,"Single parent, children aged 0, 1, and 10, Area 1 rent.",250,gross_wage2,NZD/week,0,0,0,0,0,match,MATCH_SNAPSHOT_PRECISION,Match at oracle precision
single_parent_three_children_area1_rent,"Single parent, children aged 0, 1, and 10, Area 1 rent.",250,wage1_tax,NZD/week,26.25,26.25,0,0,0,match,MATCH_SNAPSHOT_PRECISION,Match at oracle precision
single_parent_three_children_area1_rent,"Single parent, children aged 0, 1, and 10, Area 1 rent.",250,wage1_ACC_levy,NZD/week,4.375,4.375095890410958904109589041095890410959,0.000095890410958904109589041095890410959,0.000095890410958904109589041095890410959,0.0000219178082191780821917808219178082192,c,C_ACC_ANNUAL_CENTS,ACC period/rounding convention
single_parent_three_children_area1_rent,"Single parent, children aged 0, 1, and 10, Area 1 rent.",250,net_wage1,NZD/week,219.375,219.374904109589041095890410958904109589,-0.000095890410958904109589041095890411,0.000095890410958904109589041095890411,0.0000004371072864223549155056004371072866096866,c,C_NET_WAGE_ROUNDING,Net-wage rounding propagation
single_parent_three_children_area1_rent,"Single parent, children aged 0, 1, and 10, Area 1 rent.",250,net_wage,NZD/week,219.375,219.374904109589041095890410958904109589,-0.000095890410958904109589041095890411,0.000095890410958904109589041095890411,0.0000004371072864223549155056004371072866096866,c,C_NET_WAGE_ROUNDING,Net-wage rounding propagation
single_parent_three_children_area1_rent,"Single parent, children aged 0, 1, and 10, Area 1 rent.",250,net_benefit,NZD/week,0,0,0,0,0,match,MATCH_SNAPSHOT_PRECISION,Match at oracle precision
single_parent_three_children_area1_rent,"Single parent, children aged 0, 1, and 10, Area 1 rent.",250,FTC_abated,NZD/week,379.419178,399.4602739726027397260273972602739726028,20.0410959726027397260273972602739726028,20.0410959726027397260273972602739726028,0.05282046120663605392668737809630163871896,b,B_WFF_VINTAGE,Working for Families forecast vintage
single_parent_three_children_area1_rent,"Single parent, children aged 0, 1, and 10, Area 1 rent.",250,IWTC_abated,NZD/week,97.5,147.5,50,50,0.5128205128205128205128205128205128205128,b,B_WFF_VINTAGE,Working for Families forecast vintage
single_parent_three_children_area1_rent,"Single parent, children aged 0, 1, and 10, Area 1 rent.",250,MFTC,NZD/week,0,0,0,0,0,match,MATCH_SNAPSHOT_PRECISION,Match at oracle precision
single_parent_three_children_area1_rent,"Single parent, children aged 0, 1, and 10, Area 1 rent.",250,IETC_abated,NZD/week,0,0,0,0,0,match,MATCH_SNAPSHOT_PRECISION,Match at oracle precision
single_parent_three_children_area1_rent,"Single parent, children aged 0, 1, and 10, Area 1 rent.",250,WinterEnergy,NZD/week,0,0,0,0,0,match,MATCH_SNAPSHOT_PRECISION,Match at oracle precision
single_parent_three_children_area1_rent,"Single parent, children aged 0, 1, and 10, Area 1 rent.",250,BestStart_Total,NZD/week,147.210959,154.9972602739726027397260273972602739726,7.7863012739726027397260273972602739726,7.7863012739726027397260273972602739726,0.05289213063256114471563239661566415019822,b,B_WFF_VINTAGE,Working for Families forecast vintage
single_parent_three_children_area1_rent,"Single parent, children aged 0, 1, and 10, Area 1 rent.",250,AS_Amount,NZD/week,304.204969,302.07678846153846153846153846,-2.12818053846153846153846154,2.12818053846153846153846154,0.006995876975505743502626551573521469992819,b,B_AS_UPSTREAM_VINTAGE,"Accommodation Supplement compound difference, primary vintage"
single_parent_three_children_area1_rent,"Single parent, children aged 0, 1, and 10, Area 1 rent.",250,WFF_abated,NZD/week,476.919178,546.9602739726027397260273972602739726028,70.0410959726027397260273972602739726028,70.0410959726027397260273972602739726028,0.1468615631401653127189349413419352421236,b,B_WFF_VINTAGE,Working for Families forecast vintage
single_parent_three_children_area1_rent,"Single parent, children aged 0, 1, and 10, Area 1 rent.",250,Net_Income,NZD/week,1147.710106,1223.409226817702845100105374076438356164,75.699120817702845100105374076438356164,75.699120817702845100105374076438356164,0.06595665614684658453299824309156894028778,b,B_COMPOUND_NET_INCOME,Compound forecast-vintage level difference
single_parent_three_children_area1_rent,"Single parent, children aged 0, 1, and 10, Area 1 rent.",250,Net_Income_annual,NZD/year,59844.884107,63792.05254120879120879120879112857142855,3947.16843420879120879120879112857142855,3947.16843420879120879120879112857142855,0.06595665599671692933923135938956479511042,b,B_COMPOUND_NET_INCOME,Compound forecast-vintage level difference
single_parent_three_children_area1_rent,"Single parent, children aged 0, 1, and 10, Area 1 rent.",250,EMTR,ratio,0.1225,0.122452054794520547945205479452054794,-0.000047945205479452054794520547945206,0.000047945205479452054794520547945206,0.0003913894324853228962818003913894367346939,c,C_EMTR_DISCRETE_ROUNDING,EMTR statutory discreteness/period convention
single_parent_three_children_area1_rent,"Single parent, children aged 0, 1, and 10, Area 1 rent.",370,gross_wage1,NZD/week,370,370,0,0,0,match,MATCH_SNAPSHOT_PRECISION,Match at oracle precision
single_parent_three_children_area1_rent,"Single parent, children aged 0, 1, and 10, Area 1 rent.",370,hours1,hours/week,20,20,0,0,0,match,MATCH_SNAPSHOT_PRECISION,Match at oracle precision
single_parent_three_children_area1_rent,"Single parent, children aged 0, 1, and 10, Area 1 rent.",370,gross_wage1_annual,NZD/year,19292.857143,19292.85714285714285714285714285714285714,-0.00000014285714285714285714285714286,0.00000014285714285714285714285714286,0.000000000007404664938856685191122867936533707012688,match,MATCH_SNAPSHOT_PRECISION,Match at oracle precision
single_parent_three_children_area1_rent,"Single parent, children aged 0, 1, and 10, Area 1 rent.",370,gross_wage2,NZD/week,0,0,0,0,0,match,MATCH_SNAPSHOT_PRECISION,Match at oracle precision
single_parent_three_children_area1_rent,"Single parent, children aged 0, 1, and 10, Area 1 rent.",370,wage1_tax,NZD/week,43.807534,43.80753424657534246575342465753424657534,0.00000024657534246575342465753424657534,0.00000024657534246575342465753424657534,0.00000000562860585728823322165393392322288672994,match,MATCH_SNAPSHOT_PRECISION,Match at oracle precision
single_parent_three_children_area1_rent,"Single parent, children aged 0, 1, and 10, Area 1 rent.",370,wage1_ACC_levy,NZD/week,6.475,6.475095890410958904109589041095890410959,0.000095890410958904109589041095890410959,0.000095890410958904109589041095890410959,0.00001480932987782302850796001480932987783784,c,C_ACC_ANNUAL_CENTS,ACC period/rounding convention
single_parent_three_children_area1_rent,"Single parent, children aged 0, 1, and 10, Area 1 rent.",370,net_wage1,NZD/week,319.717466,319.7173698630136986301369863013698630137,-0.0000961369863013698630136986301369863,0.0000961369863013698630136986301369863,0.0000003006935701828997450320672507049905743967,c,C_NET_WAGE_ROUNDING,Net-wage rounding propagation
single_parent_three_children_area1_rent,"Single parent, children aged 0, 1, and 10, Area 1 rent.",370,net_wage,NZD/week,319.717466,319.7173698630136986301369863013698630137,-0.0000961369863013698630136986301369863,0.0000961369863013698630136986301369863,0.0000003006935701828997450320672507049905743967,c,C_NET_WAGE_ROUNDING,Net-wage rounding propagation
single_parent_three_children_area1_rent,"Single parent, children aged 0, 1, and 10, Area 1 rent.",370,net_benefit,NZD/week,0,0,0,0,0,match,MATCH_SNAPSHOT_PRECISION,Match at oracle precision
single_parent_three_children_area1_rent,"Single parent, children aged 0, 1, and 10, Area 1 rent.",370,FTC_abated,NZD/week,379.419178,399.4602739726027397260273972602739726028,20.0410959726027397260273972602739726028,20.0410959726027397260273972602739726028,0.05282046120663605392668737809630163871896,b,B_WFF_VINTAGE,Working for Families forecast vintage
single_parent_three_children_area1_rent,"Single parent, children aged 0, 1, and 10, Area 1 rent.",370,IWTC_abated,NZD/week,97.5,147.5,50,50,0.5128205128205128205128205128205128205128,b,B_WFF_VINTAGE,Working for Families forecast vintage
single_parent_three_children_area1_rent,"Single parent, children aged 0, 1, and 10, Area 1 rent.",370,MFTC,NZD/week,375.807534,377.7306111696522655426765015961538461538,1.9230771696522655426765015961538461538,1.9230771696522655426765015961538461538,0.00511718631391851112457075327328016301504,b,B_WFF_VINTAGE,Working for Families forecast vintage
single_parent_three_children_area1_rent,"Single parent, children aged 0, 1, and 10, Area 1 rent.",370,IETC_abated,NZD/week,0,0,0,0,0,match,MATCH_SNAPSHOT_PRECISION,Match at oracle precision
single_parent_three_children_area1_rent,"Single parent, children aged 0, 1, and 10, Area 1 rent.",370,WinterEnergy,NZD/week,0,0,0,0,0,match,MATCH_SNAPSHOT_PRECISION,Match at oracle precision
single_parent_three_children_area1_rent,"Single parent, children aged 0, 1, and 10, Area 1 rent.",370,BestStart_Total,NZD/week,147.210959,154.9972602739726027397260273972602739726,7.7863012739726027397260273972602739726,7.7863012739726027397260273972602739726,0.05289213063256114471563239661566415019822,b,B_WFF_VINTAGE,Working for Families forecast vintage
single_parent_three_children_area1_rent,"Single parent, children aged 0, 1, and 10, Area 1 rent.",370,AS_Amount,NZD/week,304.204969,302.07678846153846153846153846,-2.12818053846153846153846154,2.12818053846153846153846154,0.006995876975505743502626551573521469992819,b,B_AS_UPSTREAM_VINTAGE,"Accommodation Supplement compound difference, primary vintage"
single_parent_three_children_area1_rent,"Single parent, children aged 0, 1, and 10, Area 1 rent.",370,WFF_abated,NZD/week,476.919178,546.9602739726027397260273972602739726028,70.0410959726027397260273972602739726028,70.0410959726027397260273972602739726028,0.1468615631401653127189349413419352421236,b,B_WFF_VINTAGE,Working for Families forecast vintage
single_parent_three_children_area1_rent,"Single parent, children aged 0, 1, and 10, Area 1 rent.",370,Net_Income,NZD/week,1623.860106,1701.482303740779768177028451015057955743,77.622197740779768177028451015057955743,77.622197740779768177028451015057955743,0.04780103745019262649280728805284040628005,b,B_COMPOUND_NET_INCOME,Compound forecast-vintage level difference
single_parent_three_children_area1_rent,"Single parent, children aged 0, 1, and 10, Area 1 rent.",370,Net_Income_annual,NZD/year,84672.705536,88720.14869505494505494505494578516483517,4047.44315905494505494505494578516483517,4047.44315905494505494505494578516483517,0.04780103734058796208754529888776890535534,b,B_COMPOUND_NET_INCOME,Compound forecast-vintage level difference
single_parent_three_children_area1_rent,"Single parent, children aged 0, 1, and 10, Area 1 rent.",370,EMTR,ratio,1.0175,1.017452054794520547945205479452054794,-0.000047945205479452054794520547945206,0.000047945205479452054794520547945206,0.00004712059506580054525260004712059557739558,c,C_EMTR_DISCRETE_ROUNDING,EMTR statutory discreteness/period convention
single_parent_three_children_area1_rent,"Single parent, children aged 0, 1, and 10, Area 1 rent.",555,gross_wage1,NZD/week,555,555,0,0,0,match,MATCH_SNAPSHOT_PRECISION,Match at oracle precision
single_parent_three_children_area1_rent,"Single parent, children aged 0, 1, and 10, Area 1 rent.",555,hours1,hours/week,30,30,0,0,0,match,MATCH_SNAPSHOT_PRECISION,Match at oracle precision
single_parent_three_children_area1_rent,"Single parent, children aged 0, 1, and 10, Area 1 rent.",555,gross_wage1_annual,NZD/year,28939.285714,28939.28571428571428571428571428571428571,0.00000028571428571428571428571428571,0.00000028571428571428571428571428571,0.000000000009872886585312826228165497482050257904303,match,MATCH_SNAPSHOT_PRECISION,Match at oracle precision
single_parent_three_children_area1_rent,"Single parent, children aged 0, 1, and 10, Area 1 rent.",555,gross_wage2,NZD/week,0,0,0,0,0,match,MATCH_SNAPSHOT_PRECISION,Match at oracle precision
single_parent_three_children_area1_rent,"Single parent, children aged 0, 1, and 10, Area 1 rent.",555,wage1_tax,NZD/week,76.182534,76.18253424657534246575342465753424657535,0.00000024657534246575342465753424657535,0.00000024657534246575342465753424657535,0.000000003236638761133272682391140291754406594036,match,MATCH_SNAPSHOT_PRECISION,Match at oracle precision
single_parent_three_children_area1_rent,"Single parent, children aged 0, 1, and 10, Area 1 rent.",555,wage1_ACC_levy,NZD/week,9.7125,9.71254794520547945205479452054794520548,0.00004794520547945205479452054794520548,0.00004794520547945205479452054794520548,0.000004936443292607676169320004936443292664093,c,C_ACC_ANNUAL_CENTS,ACC period/rounding convention
single_parent_three_children_area1_rent,"Single parent, children aged 0, 1, and 10, Area 1 rent.",555,net_wage1,NZD/week,469.104966,469.1049178082191780821917808219178082191,-0.0000481917808219178082191780821917809,0.0000481917808219178082191780821917809,0.0000001027313380048886718013939809619941222281,c,C_NET_WAGE_ROUNDING,Net-wage rounding propagation
single_parent_three_children_area1_rent,"Single parent, children aged 0, 1, and 10, Area 1 rent.",555,net_wage,NZD/week,469.104966,469.1049178082191780821917808219178082191,-0.0000481917808219178082191780821917809,0.0000481917808219178082191780821917809,0.0000001027313380048886718013939809619941222281,c,C_NET_WAGE_ROUNDING,Net-wage rounding propagation
single_parent_three_children_area1_rent,"Single parent, children aged 0, 1, and 10, Area 1 rent.",555,net_benefit,NZD/week,0,0,0,0,0,match,MATCH_SNAPSHOT_PRECISION,Match at oracle precision
single_parent_three_children_area1_rent,"Single parent, children aged 0, 1, and 10, Area 1 rent.",555,FTC_abated,NZD/week,379.419178,399.4602739726027397260273972602739726028,20.0410959726027397260273972602739726028,20.0410959726027397260273972602739726028,0.05282046120663605392668737809630163871896,b,B_WFF_VINTAGE,Working for Families forecast vintage
single_parent_three_children_area1_rent,"Single parent, children aged 0, 1, and 10, Area 1 rent.",555,IWTC_abated,NZD/week,97.5,147.5,50,50,0.5128205128205128205128205128205128205128,b,B_WFF_VINTAGE,Working for Families forecast vintage
single_parent_three_children_area1_rent,"Single parent, children aged 0, 1, and 10, Area 1 rent.",555,MFTC,NZD/week,223.182534,225.1056111696522655426765015769230769231,1.9230771696522655426765015769230769231,1.9230771696522655426765015769230769231,0.008616611413025113975435468336976032914386,b,B_WFF_VINTAGE,Working for Families forecast vintage
single_parent_three_children_area1_rent,"Single parent, children aged 0, 1, and 10, Area 1 rent.",555,IETC_abated,NZD/week,0,0,0,0,0,match,MATCH_SNAPSHOT_PRECISION,Match at oracle precision
single_parent_three_children_area1_rent,"Single parent, children aged 0, 1, and 10, Area 1 rent.",555,WinterEnergy,NZD/week,0,0,0,0,0,match,MATCH_SNAPSHOT_PRECISION,Match at oracle precision
single_parent_three_children_area1_rent,"Single parent, children aged 0, 1, and 10, Area 1 rent.",555,BestStart_Total,NZD/week,147.210959,154.9972602739726027397260273972602739726,7.7863012739726027397260273972602739726,7.7863012739726027397260273972602739726,0.05289213063256114471563239661566415019822,b,B_WFF_VINTAGE,Working for Families forecast vintage
single_parent_three_children_area1_rent,"Single parent, children aged 0, 1, and 10, Area 1 rent.",555,AS_Amount,NZD/week,304.204969,302.07678846153846153846153846,-2.12818053846153846153846154,2.12818053846153846153846154,0.006995876975505743502626551573521469992819,b,B_AS_UPSTREAM_VINTAGE,"Accommodation Supplement compound difference, primary vintage"
single_parent_three_children_area1_rent,"Single parent, children aged 0, 1, and 10, Area 1 rent.",555,WFF_abated,NZD/week,476.919178,546.9602739726027397260273972602739726028,70.0410959726027397260273972602739726028,70.0410959726027397260273972602739726028,0.1468615631401653127189349413419352421236,b,B_WFF_VINTAGE,Working for Families forecast vintage
single_parent_three_children_area1_rent,"Single parent, children aged 0, 1, and 10, Area 1 rent.",555,Net_Income,NZD/week,1620.622606,1698.244851685985247629083245516375131718,77.622245685985247629083245516375131718,77.622245685985247629083245516375131718,0.04789655864271292759511417398825000206001,b,B_COMPOUND_NET_INCOME,Compound forecast-vintage level difference
single_parent_three_children_area1_rent,"Single parent, children aged 0, 1, and 10, Area 1 rent.",555,Net_Income_annual,NZD/year,84503.893036,88551.33869505494505494505494478241758243,4047.44565905494505494505494478241758243,4047.44565905494505494505494478241758243,0.0478965585328792952504732570813676043008,b,B_COMPOUND_NET_INCOME,Compound forecast-vintage level difference
single_parent_three_children_area1_rent,"Single parent, children aged 0, 1, and 10, Area 1 rent.",555,EMTR,ratio,1.0175,1.017452054794520547945205477534246575,-0.000047945205479452054794522465753425,0.000047945205479452054794522465753425,0.00004712059506580054525260193194439803439803,c,C_EMTR_DISCRETE_ROUNDING,EMTR statutory discreteness/period convention
single_parent_three_children_area1_rent,"Single parent, children aged 0, 1, and 10, Area 1 rent.",740,gross_wage1,NZD/week,740,740,0,0,0,match,MATCH_SNAPSHOT_PRECISION,Match at oracle precision
single_parent_three_children_area1_rent,"Single parent, children aged 0, 1, and 10, Area 1 rent.",740,hours1,hours/week,40,40,0,0,0,match,MATCH_SNAPSHOT_PRECISION,Match at oracle precision
single_parent_three_children_area1_rent,"Single parent, children aged 0, 1, and 10, Area 1 rent.",740,gross_wage1_annual,NZD/year,38585.714286,38585.71428571428571428571428571428571428,-0.00000028571428571428571428571428572,0.00000028571428571428571428571428572,0.000000000007404664938856685191122867936533707012688,match,MATCH_SNAPSHOT_PRECISION,Match at oracle precision
single_parent_three_children_area1_rent,"Single parent, children aged 0, 1, and 10, Area 1 rent.",740,gross_wage2,NZD/week,0,0,0,0,0,match,MATCH_SNAPSHOT_PRECISION,Match at oracle precision
single_parent_three_children_area1_rent,"Single parent, children aged 0, 1, and 10, Area 1 rent.",740,wage1_tax,NZD/week,108.557534,108.5575342465753424657534246575342465753,0.0000002465753424657534246575342465753,0.0000002465753424657534246575342465753,0.000000002271379363368307764411213012404095325157,match,MATCH_SNAPSHOT_PRECISION,Match at oracle precision
single_parent_three_children_area1_rent,"Single parent, children aged 0, 1, and 10, Area 1 rent.",740,wage1_ACC_levy,NZD/week,12.95,12.95,0,0,0,match,MATCH_SNAPSHOT_PRECISION,Match at oracle precision
single_parent_three_children_area1_rent,"Single parent, children aged 0, 1, and 10, Area 1 rent.",740,net_wage1,NZD/week,618.492466,618.4924657534246575342465753424657534247,-0.0000002465753424657534246575342465753,0.0000002465753424657534246575342465753,0.0000000003986715376832956032443154231975721431019,match,MATCH_SNAPSHOT_PRECISION,Match at oracle precision
single_parent_three_children_area1_rent,"Single parent, children aged 0, 1, and 10, Area 1 rent.",740,net_wage,NZD/week,618.492466,618.4924657534246575342465753424657534247,-0.0000002465753424657534246575342465753,0.0000002465753424657534246575342465753,0.0000000003986715376832956032443154231975721431019,match,MATCH_SNAPSHOT_PRECISION,Match at oracle precision
single_parent_three_children_area1_rent,"Single parent, children aged 0, 1, and 10, Area 1 rent.",740,net_benefit,NZD/week,0,0,0,0,0,match,MATCH_SNAPSHOT_PRECISION,Match at oracle precision
single_parent_three_children_area1_rent,"Single parent, children aged 0, 1, and 10, Area 1 rent.",740,FTC_abated,NZD/week,379.419178,399.4602739726027397260273972602739726028,20.0410959726027397260273972602739726028,20.0410959726027397260273972602739726028,0.05282046120663605392668737809630163871896,b,B_WFF_VINTAGE,Working for Families forecast vintage
single_parent_three_children_area1_rent,"Single parent, children aged 0, 1, and 10, Area 1 rent.",740,IWTC_abated,NZD/week,97.5,147.5,50,50,0.5128205128205128205128205128205128205128,b,B_WFF_VINTAGE,Working for Families forecast vintage
single_parent_three_children_area1_rent,"Single parent, children aged 0, 1, and 10, Area 1 rent.",740,MFTC,NZD/week,70.557534,72.480611169652265542676501575,1.923077169652265542676501575,1.923077169652265542676501575,0.02725544758483573905341563630894469752869,b,B_WFF_VINTAGE,Working for Families forecast vintage
single_parent_three_children_area1_rent,"Single parent, children aged 0, 1, and 10, Area 1 rent.",740,IETC_abated,NZD/week,0,0,0,0,0,match,MATCH_SNAPSHOT_PRECISION,Match at oracle precision
single_parent_three_children_area1_rent,"Single parent, children aged 0, 1, and 10, Area 1 rent.",740,WinterEnergy,NZD/week,0,0,0,0,0,match,MATCH_SNAPSHOT_PRECISION,Match at oracle precision
single_parent_three_children_area1_rent,"Single parent, children aged 0, 1, and 10, Area 1 rent.",740,BestStart_Total,NZD/week,147.210959,154.9972602739726027397260273972602739726,7.7863012739726027397260273972602739726,7.7863012739726027397260273972602739726,0.05289213063256114471563239661566415019822,b,B_WFF_VINTAGE,Working for Families forecast vintage
single_parent_three_children_area1_rent,"Single parent, children aged 0, 1, and 10, Area 1 rent.",740,AS_Amount,NZD/week,304.204969,302.07678846153846153846153846,-2.12818053846153846153846154,2.12818053846153846153846154,0.006995876975505743502626551573521469992819,b,B_AS_UPSTREAM_VINTAGE,"Accommodation Supplement compound difference, primary vintage"
single_parent_three_children_area1_rent,"Single parent, children aged 0, 1, and 10, Area 1 rent.",740,WFF_abated,NZD/week,476.919178,546.9602739726027397260273972602739726028,70.0410959726027397260273972602739726028,70.0410959726027397260273972602739726028,0.1468615631401653127189349413419352421236,b,B_WFF_VINTAGE,Working for Families forecast vintage
single_parent_three_children_area1_rent,"Single parent, children aged 0, 1, and 10, Area 1 rent.",740,Net_Income,NZD/week,1617.385106,1695.007399631190727081138040035000000001,77.622293631190727081138040035000000001,77.622293631190727081138040035000000001,0.0479924622424405626257436551632249295617,b,B_COMPOUND_NET_INCOME,Compound forecast-vintage level difference
single_parent_three_children_area1_rent,"Single parent, children aged 0, 1, and 10, Area 1 rent.",740,Net_Income_annual,NZD/year,84335.080536,88382.52869505494505494505494468214285719,4047.44815905494505494505494468214285719,4047.44815905494505494505494468214285719,0.04799246213237700553543057026437109202347,b,B_COMPOUND_NET_INCOME,Compound forecast-vintage level difference
single_parent_three_children_area1_rent,"Single parent, children aged 0, 1, and 10, Area 1 rent.",740,EMTR,ratio,1.0175,1.017452054794520547945205479452054795,-0.000047945205479452054794520547945205,0.000047945205479452054794520547945205,0.00004712059506580054525260004712059459459459,c,C_EMTR_DISCRETE_ROUNDING,EMTR statutory discreteness/period convention
single_parent_three_children_area1_rent,"Single parent, children aged 0, 1, and 10, Area 1 rent.",1000,gross_wage1,NZD/week,1000,1000,0,0,0,match,MATCH_SNAPSHOT_PRECISION,Match at oracle precision
single_parent_three_children_area1_rent,"Single parent, children aged 0, 1, and 10, Area 1 rent.",1000,hours1,hours/week,54.054054,54.05405405405405405405405405405405405405,0.00000005405405405405405405405405405405,0.00000005405405405405405405405405405405,0.000000001000000001000000001000000000999925001,match,MATCH_SNAPSHOT_PRECISION,Match at oracle precision
single_parent_three_children_area1_rent,"Single parent, children aged 0, 1, and 10, Area 1 rent.",1000,gross_wage1_annual,NZD/year,52142.857143,52142.85714285714285714285714285714285714,-0.00000014285714285714285714285714286,0.00000014285714285714285714285714286,0.000000000002739726027389754175267425331081459108682,match,MATCH_SNAPSHOT_PRECISION,Match at oracle precision
single_parent_three_children_area1_rent,"Single parent, children aged 0, 1, and 10, Area 1 rent.",1000,gross_wage2,NZD/week,0,0,0,0,0,match,MATCH_SNAPSHOT_PRECISION,Match at oracle precision
single_parent_three_children_area1_rent,"Single parent, children aged 0, 1, and 10, Area 1 rent.",1000,wage1_tax,NZD/week,154.057534,154.0575342465753424657534246575342465754,0.0000002465753424657534246575342465754,0.0000002465753424657534246575342465754,0.00000000160054062961798041410642238746597099237,match,MATCH_SNAPSHOT_PRECISION,Match at oracle precision
single_parent_three_children_area1_rent,"Single parent, children aged 0, 1, and 10, Area 1 rent.",1000,wage1_ACC_levy,NZD/week,17.5,17.5,0,0,0,match,MATCH_SNAPSHOT_PRECISION,Match at oracle precision
single_parent_three_children_area1_rent,"Single parent, children aged 0, 1, and 10, Area 1 rent.",1000,net_wage1,NZD/week,828.442466,828.4424657534246575342465753424657534246,-0.0000002465753424657534246575342465754,0.0000002465753424657534246575342465754,0.0000000002976372561589007493702456418686291728556,match,MATCH_SNAPSHOT_PRECISION,Match at oracle precision
single_parent_three_children_area1_rent,"Single parent, children aged 0, 1, and 10, Area 1 rent.",1000,net_wage,NZD/week,828.442466,828.4424657534246575342465753424657534246,-0.0000002465753424657534246575342465754,0.0000002465753424657534246575342465754,0.0000000002976372561589007493702456418686291728556,match,MATCH_SNAPSHOT_PRECISION,Match at oracle precision
single_parent_three_children_area1_rent,"Single parent, children aged 0, 1, and 10, Area 1 rent.",1000,net_benefit,NZD/week,0,0,0,0,0,match,MATCH_SNAPSHOT_PRECISION,Match at oracle precision
single_parent_three_children_area1_rent,"Single parent, children aged 0, 1, and 10, Area 1 rent.",1000,FTC_abated,NZD/week,341.220548,361.2661643835616438356164383561643835617,20.0456163835616438356164383561643835617,20.0456163835616438356164383561643835617,0.05874680320706138668887091276860731013684,b,B_WFF_VINTAGE,Working for Families forecast vintage
single_parent_three_children_area1_rent,"Single parent, children aged 0, 1, and 10, Area 1 rent.",1000,IWTC_abated,NZD/week,97.5,147.5,50,50,0.5128205128205128205128205128205128205128,b,B_WFF_VINTAGE,Working for Families forecast vintage
single_parent_three_children_area1_rent,"Single parent, children aged 0, 1, and 10, Area 1 rent.",1000,MFTC,NZD/week,0,0,0,0,0,match,MATCH_SNAPSHOT_PRECISION,Match at oracle precision
single_parent_three_children_area1_rent,"Single parent, children aged 0, 1, and 10, Area 1 rent.",1000,IETC_abated,NZD/week,0,0,0,0,0,match,MATCH_SNAPSHOT_PRECISION,Match at oracle precision
single_parent_three_children_area1_rent,"Single parent, children aged 0, 1, and 10, Area 1 rent.",1000,WinterEnergy,NZD/week,0,0,0,0,0,match,MATCH_SNAPSHOT_PRECISION,Match at oracle precision
single_parent_three_children_area1_rent,"Single parent, children aged 0, 1, and 10, Area 1 rent.",1000,BestStart_Total,NZD/week,147.210959,154.9972602739726027397260273972602739726,7.7863012739726027397260273972602739726,7.7863012739726027397260273972602739726,0.05289213063256114471563239661566415019822,b,B_WFF_VINTAGE,Working for Families forecast vintage
single_parent_three_children_area1_rent,"Single parent, children aged 0, 1, and 10, Area 1 rent.",1000,AS_Amount,NZD/week,278.991271,278.33393131868131868131868131,-0.65733968131868131868131869,0.65733968131868131868131869,0.002356129921063664098226638388266993485972,b,B_AS_UPSTREAM_VINTAGE,"Accommodation Supplement compound difference, primary vintage"
single_parent_three_children_area1_rent,"Single parent, children aged 0, 1, and 10, Area 1 rent.",1000,WFF_abated,NZD/week,438.720548,508.7661643835616438356164383561643835617,70.0456163835616438356164383561643835617,70.0456163835616438356164383561643835617,0.1596588459393555549525262681705174738287,b,B_WFF_VINTAGE,Working for Families forecast vintage
single_parent_three_children_area1_rent,"Single parent, children aged 0, 1, and 10, Area 1 rent.",1000,Net_Income,NZD/week,1693.365243,1770.539821729640222790907722405890410959,77.174578729640222790907722405890410959,77.174578729640222790907722405890410959,0.04557467979732250993822230140452363764443,b,B_COMPOUND_NET_INCOME,Compound forecast-vintage level difference
single_parent_three_children_area1_rent,"Single parent, children aged 0, 1, and 10, Area 1 rent.",1000,Net_Income_annual,NZD/year,88296.901964,92321.00499018838304552590266830714285714,4024.10302618838304552590266830714285714,4024.10302618838304552590266830714285714,0.04557467970766484553446549129830059659261,b,B_COMPOUND_NET_INCOME,Compound forecast-vintage level difference
single_parent_three_children_area1_rent,"Single parent, children aged 0, 1, and 10, Area 1 rent.",1000,EMTR,ratio,0.7175,0.721972602739726027397260273972602739,0.004472602739726027397260273972602739,0.004472602739726027397260273972602739,0.00623359266860770368956135745310486271777,c,C_EMTR_DISCRETE_ROUNDING,EMTR statutory discreteness/period convention
single_parent_three_children_area1_rent,"Single parent, children aged 0, 1, and 10, Area 1 rent.",1500,gross_wage1,NZD/week,1500,1500,0,0,0,match,MATCH_SNAPSHOT_PRECISION,Match at oracle precision
single_parent_three_children_area1_rent,"Single parent, children aged 0, 1, and 10, Area 1 rent.",1500,hours1,hours/week,81.081081,81.08108108108108108108108108108108108108,0.00000008108108108108108108108108108108,0.00000008108108108108108108108108108108,0.000000001000000001000000001000000000999986667667,match,MATCH_SNAPSHOT_PRECISION,Match at oracle precision
single_parent_three_children_area1_rent,"Single parent, children aged 0, 1, and 10, Area 1 rent.",1500,gross_wage1_annual,NZD/year,78214.285714,78214.28571428571428571428571428571428571,0.00000028571428571428571428571428571,0.00000028571428571428571428571428571,0.000000000003652968036543024540772759906943462136646,match,MATCH_SNAPSHOT_PRECISION,Match at oracle precision
single_parent_three_children_area1_rent,"Single parent, children aged 0, 1, and 10, Area 1 rent.",1500,gross_wage2,NZD/week,0,0,0,0,0,match,MATCH_SNAPSHOT_PRECISION,Match at oracle precision
single_parent_three_children_area1_rent,"Single parent, children aged 0, 1, and 10, Area 1 rent.",1500,wage1_tax,NZD/week,300.869863,300.8698630136986301369863013753424657534,0.0000000136986301369863013753424657534,0.0000000136986301369863013753424657534,0.00000000004553008400507797411182543647915976217266,match,MATCH_SNAPSHOT_PRECISION,Match at oracle precision
single_parent_three_children_area1_rent,"Single parent, children aged 0, 1, and 10, Area 1 rent.",1500,wage1_ACC_levy,NZD/week,26.25,26.25,0,0,0,match,MATCH_SNAPSHOT_PRECISION,Match at oracle precision
single_parent_three_children_area1_rent,"Single parent, children aged 0, 1, and 10, Area 1 rent.",1500,net_wage1,NZD/week,1172.880137,1172.880136986301369863013698624657534247,-0.000000013698630136986301375342465753,0.000000013698630136986301375342465753,0.00000000001167948002941267422567193305022267590844,match,MATCH_SNAPSHOT_PRECISION,Match at oracle precision
single_parent_three_children_area1_rent,"Single parent, children aged 0, 1, and 10, Area 1 rent.",1500,net_wage,NZD/week,1172.880137,1172.880136986301369863013698624657534247,-0.000000013698630136986301375342465753,0.000000013698630136986301375342465753,0.00000000001167948002941267422567193305022267590844,match,MATCH_SNAPSHOT_PRECISION,Match at oracle precision
single_parent_three_children_area1_rent,"Single parent, children aged 0, 1, and 10, Area 1 rent.",1500,net_benefit,NZD/week,0,0,0,0,0,match,MATCH_SNAPSHOT_PRECISION,Match at oracle precision
single_parent_three_children_area1_rent,"Single parent, children aged 0, 1, and 10, Area 1 rent.",1500,FTC_abated,NZD/week,203.720548,223.7631506849315068493150684931506849315,20.0426026849315068493150684931506849315,20.0426026849315068493150684931506849315,0.09838282334156840599758777643358138292216,b,B_WFF_VINTAGE,Working for Families forecast vintage
single_parent_three_children_area1_rent,"Single parent, children aged 0, 1, and 10, Area 1 rent.",1500,IWTC_abated,NZD/week,97.5,147.5,50,50,0.5128205128205128205128205128205128205128,b,B_WFF_VINTAGE,Working for Families forecast vintage
single_parent_three_children_area1_rent,"Single parent, children aged 0, 1, and 10, Area 1 rent.",1500,MFTC,NZD/week,0,0,0,0,0,match,MATCH_SNAPSHOT_PRECISION,Match at oracle precision
single_parent_three_children_area1_rent,"Single parent, children aged 0, 1, and 10, Area 1 rent.",1500,IETC_abated,NZD/week,0,0,0,0,0,match,MATCH_SNAPSHOT_PRECISION,Match at oracle precision
single_parent_three_children_area1_rent,"Single parent, children aged 0, 1, and 10, Area 1 rent.",1500,WinterEnergy,NZD/week,0,0,0,0,0,match,MATCH_SNAPSHOT_PRECISION,Match at oracle precision
single_parent_three_children_area1_rent,"Single parent, children aged 0, 1, and 10, Area 1 rent.",1500,BestStart_Total,NZD/week,147.210959,154.9972602739726027397260273972602739726,7.7863012739726027397260273972602739726,7.7863012739726027397260273972602739726,0.05289213063256114471563239661566415019822,b,B_WFF_VINTAGE,Working for Families forecast vintage
single_parent_three_children_area1_rent,"Single parent, children aged 0, 1, and 10, Area 1 rent.",1500,AS_Amount,NZD/week,153.991271,153.33393131868131868131868131,-0.65733968131868131868131869,0.65733968131868131868131869,0.004268681445707927942755396115926596904314,b,B_AS_UPSTREAM_VINTAGE,"Accommodation Supplement compound difference, primary vintage"
single_parent_three_children_area1_rent,"Single parent, children aged 0, 1, and 10, Area 1 rent.",1500,WFF_abated,NZD/week,301.220548,371.2631506849315068493150684931506849315,70.0426026849315068493150684931506849315,70.0426026849315068493150684931506849315,0.2325292983828298023324592998653952549462,b,B_WFF_VINTAGE,Working for Families forecast vintage
single_parent_three_children_area1_rent,"Single parent, children aged 0, 1, and 10, Area 1 rent.",1500,Net_Income,NZD/week,1775.302914,1852.474479263886798133373475825068493151,77.171565263886798133373475825068493151,77.171565263886798133373475825068493151,0.04346951985225367468380862232115307233197,b,B_COMPOUND_NET_INCOME,Compound forecast-vintage level difference
single_parent_three_children_area1_rent,"Single parent, children aged 0, 1, and 10, Area 1 rent.",1500,Net_Income_annual,NZD/year,92569.36625,96593.31213304552590266875981087857142858,4023.94588304552590266875981087857142858,4023.94588304552590266875981087857142858,0.0434695196268077065145593973522376948171,b,B_COMPOUND_NET_INCOME,Compound forecast-vintage level difference
single_parent_three_children_area1_rent,"Single parent, children aged 0, 1, and 10, Area 1 rent.",1500,EMTR,ratio,0.8725,0.871698630136986301369863016438356165,-0.000801369863013698630136983561643835,0.000801369863013698630136983561643835,0.0009184754876947835302429611021705845272206,c,C_EMTR_DISCRETE_ROUNDING,EMTR statutory discreteness/period convention
couple_two_children_area2_mortgage,"Couple, children aged 2 and 15, partner not working, Area 2 mortgage.",0,gross_wage1,NZD/week,0,0,0,0,0,match,MATCH_SNAPSHOT_PRECISION,Match at oracle precision
couple_two_children_area2_mortgage,"Couple, children aged 2 and 15, partner not working, Area 2 mortgage.",0,hours1,hours/week,0,0,0,0,0,match,MATCH_SNAPSHOT_PRECISION,Match at oracle precision
couple_two_children_area2_mortgage,"Couple, children aged 2 and 15, partner not working, Area 2 mortgage.",0,gross_wage1_annual,NZD/year,0,0,0,0,0,match,MATCH_SNAPSHOT_PRECISION,Match at oracle precision
couple_two_children_area2_mortgage,"Couple, children aged 2 and 15, partner not working, Area 2 mortgage.",0,gross_wage2,NZD/week,0,0,0,0,0,match,MATCH_SNAPSHOT_PRECISION,Match at oracle precision
couple_two_children_area2_mortgage,"Couple, children aged 2 and 15, partner not working, Area 2 mortgage.",0,wage1_tax,NZD/week,0,0,0,0,0,match,MATCH_SNAPSHOT_PRECISION,Match at oracle precision
couple_two_children_area2_mortgage,"Couple, children aged 2 and 15, partner not working, Area 2 mortgage.",0,wage1_ACC_levy,NZD/week,0,0,0,0,0,match,MATCH_SNAPSHOT_PRECISION,Match at oracle precision
couple_two_children_area2_mortgage,"Couple, children aged 2 and 15, partner not working, Area 2 mortgage.",0,net_wage1,NZD/week,0,0,0,0,0,match,MATCH_SNAPSHOT_PRECISION,Match at oracle precision
couple_two_children_area2_mortgage,"Couple, children aged 2 and 15, partner not working, Area 2 mortgage.",0,net_wage,NZD/week,0,0,0,0,0,match,MATCH_SNAPSHOT_PRECISION,Match at oracle precision
couple_two_children_area2_mortgage,"Couple, children aged 2 and 15, partner not working, Area 2 mortgage.",0,net_benefit,NZD/week,664.1,669.4,5.3,5.3,0.007980725794308086131606685740099382623099,b,B_BENEFIT_VINTAGE,Main-benefit forecast vintage
couple_two_children_area2_mortgage,"Couple, children aged 2 and 15, partner not working, Area 2 mortgage.",0,FTC_abated,NZD/week,261.857534,275.6849315068493150684931506849315068493,13.8273975068493150684931506849315068493,13.8273975068493150684931506849315068493,0.05280503980782662937814556324711859101713,b,B_WFF_VINTAGE,Working for Families forecast vintage
couple_two_children_area2_mortgage,"Couple, children aged 2 and 15, partner not working, Area 2 mortgage.",0,IWTC_abated,NZD/week,0,0,0,0,0,match,MATCH_SNAPSHOT_PRECISION,Match at oracle precision
couple_two_children_area2_mortgage,"Couple, children aged 2 and 15, partner not working, Area 2 mortgage.",0,MFTC,NZD/week,0,0,0,0,0,match,MATCH_SNAPSHOT_PRECISION,Match at oracle precision
couple_two_children_area2_mortgage,"Couple, children aged 2 and 15, partner not working, Area 2 mortgage.",0,IETC_abated,NZD/week,0,0,0,0,0,match,MATCH_SNAPSHOT_PRECISION,Match at oracle precision
couple_two_children_area2_mortgage,"Couple, children aged 2 and 15, partner not working, Area 2 mortgage.",0,WinterEnergy,NZD/week,13.424658,13.42465753424657534246575342465753424658,-0.00000046575342465753424657534246575342,0.00000046575342465753424657534246575342,0.00000003469387634735531039787698619610421360455,match,MATCH_SNAPSHOT_PRECISION,Match at oracle precision
couple_two_children_area2_mortgage,"Couple, children aged 2 and 15, partner not working, Area 2 mortgage.",0,BestStart_Total,NZD/week,73.605479,77.49863013698630136986301369863013698631,3.89315113698630136986301369863013698631,3.89315113698630136986301369863013698631,0.05289213778482850943559532706295053098303,b,B_WFF_VINTAGE,Working for Families forecast vintage
couple_two_children_area2_mortgage,"Couple, children aged 2 and 15, partner not working, Area 2 mortgage.",0,AS_Amount,NZD/week,220,220,0,0,0,match,MATCH_SNAPSHOT_PRECISION,Match at oracle precision
couple_two_children_area2_mortgage,"Couple, children aged 2 and 15, partner not working, Area 2 mortgage.",0,WFF_abated,NZD/week,261.857534,275.6849315068493150684931506849315068493,13.8273975068493150684931506849315068493,13.8273975068493150684931506849315068493,0.05280503980782662937814556324711859101713,b,B_WFF_VINTAGE,Working for Families forecast vintage
couple_two_children_area2_mortgage,"Couple, children aged 2 and 15, partner not working, Area 2 mortgage.",0,Net_Income,NZD/week,1232.987671,1256.008219178082191780821917808219178082,23.020548178082191780821917808219178082,23.020548178082191780821917808219178082,0.01867054206585184239106792967130908000945,b,B_COMPOUND_NET_INCOME,Compound forecast-vintage level difference
couple_two_children_area2_mortgage,"Couple, children aged 2 and 15, partner not working, Area 2 mortgage.",0,Net_Income_annual,NZD/year,64291.5,65491.85714285714285714285714285714285713,1200.35714285714285714285714285714285713,1200.35714285714285714285714285714285713,0.01867054187345361139719647453951366599208,b,B_COMPOUND_NET_INCOME,Compound forecast-vintage level difference
couple_two_children_area2_mortgage,"Couple, children aged 2 and 15, partner not working, Area 2 mortgage.",0,EMTR,ratio,0.1925,0.192452054794520547945205479452054794,-0.000047945205479452054794520547945206,0.000047945205479452054794520547945206,0.0002490660024906600249066002490660051948052,c,C_EMTR_DISCRETE_ROUNDING,EMTR statutory discreteness/period convention
couple_two_children_area2_mortgage,"Couple, children aged 2 and 15, partner not working, Area 2 mortgage.",160,gross_wage1,NZD/week,160,160,0,0,0,match,MATCH_SNAPSHOT_PRECISION,Match at oracle precision
couple_two_children_area2_mortgage,"Couple, children aged 2 and 15, partner not working, Area 2 mortgage.",160,hours1,hours/week,8.648649,8.648648648648648648648648648648648648649,-0.000000351351351351351351351351351351351,0.000000351351351351351351351351351351351,0.00000004062499834960944204711641683589552541674,match,MATCH_SNAPSHOT_PRECISION,Match at oracle precision
couple_two_children_area2_mortgage,"Couple, children aged 2 and 15, partner not working, Area 2 mortgage.",160,gross_wage1_annual,NZD/year,8342.857143,8342.857142857142857142857142857142857142,-0.000000142857142857142857142857142858,0.000000142857142857142857142857142858,0.00000000001712328767093966973166199195675236315143,match,MATCH_SNAPSHOT_PRECISION,Match at oracle precision
couple_two_children_area2_mortgage,"Couple, children aged 2 and 15, partner not working, Area 2 mortgage.",160,gross_wage2,NZD/week,0,0,0,0,0,match,MATCH_SNAPSHOT_PRECISION,Match at oracle precision
couple_two_children_area2_mortgage,"Couple, children aged 2 and 15, partner not working, Area 2 mortgage.",160,wage1_tax,NZD/week,16.8,16.8,0,0,0,match,MATCH_SNAPSHOT_PRECISION,Match at oracle precision
couple_two_children_area2_mortgage,"Couple, children aged 2 and 15, partner not working, Area 2 mortgage.",160,wage1_ACC_levy,NZD/week,2.8,2.8,0,0,0,match,MATCH_SNAPSHOT_PRECISION,Match at oracle precision
couple_two_children_area2_mortgage,"Couple, children aged 2 and 15, partner not working, Area 2 mortgage.",160,net_wage1,NZD/week,140.4,140.4,0,0,0,match,MATCH_SNAPSHOT_PRECISION,Match at oracle precision
couple_two_children_area2_mortgage,"Couple, children aged 2 and 15, partner not working, Area 2 mortgage.",160,net_wage,NZD/week,140.4,140.4,0,0,0,match,MATCH_SNAPSHOT_PRECISION,Match at oracle precision
couple_two_children_area2_mortgage,"Couple, children aged 2 and 15, partner not working, Area 2 mortgage.",160,net_benefit,NZD/week,0,0,0,0,0,match,MATCH_SNAPSHOT_PRECISION,Match at oracle precision
couple_two_children_area2_mortgage,"Couple, children aged 2 and 15, partner not working, Area 2 mortgage.",160,FTC_abated,NZD/week,261.857534,275.6849315068493150684931506849315068493,13.8273975068493150684931506849315068493,13.8273975068493150684931506849315068493,0.05280503980782662937814556324711859101713,b,B_WFF_VINTAGE,Working for Families forecast vintage
couple_two_children_area2_mortgage,"Couple, children aged 2 and 15, partner not working, Area 2 mortgage.",160,IWTC_abated,NZD/week,97.5,147.5,50,50,0.5128205128205128205128205128205128205128,b,B_WFF_VINTAGE,Working for Families forecast vintage
couple_two_children_area2_mortgage,"Couple, children aged 2 and 15, partner not working, Area 2 mortgage.",160,MFTC,NZD/week,0,0,0,0,0,match,MATCH_SNAPSHOT_PRECISION,Match at oracle precision
couple_two_children_area2_mortgage,"Couple, children aged 2 and 15, partner not working, Area 2 mortgage.",160,IETC_abated,NZD/week,0,0,0,0,0,match,MATCH_SNAPSHOT_PRECISION,Match at oracle precision
couple_two_children_area2_mortgage,"Couple, children aged 2 and 15, partner not working, Area 2 mortgage.",160,WinterEnergy,NZD/week,0,0,0,0,0,match,MATCH_SNAPSHOT_PRECISION,Match at oracle precision
couple_two_children_area2_mortgage,"Couple, children aged 2 and 15, partner not working, Area 2 mortgage.",160,BestStart_Total,NZD/week,73.605479,77.49863013698630136986301369863013698631,3.89315113698630136986301369863013698631,3.89315113698630136986301369863013698631,0.05289213778482850943559532706295053098303,b,B_WFF_VINTAGE,Working for Families forecast vintage
couple_two_children_area2_mortgage,"Couple, children aged 2 and 15, partner not working, Area 2 mortgage.",160,AS_Amount,NZD/week,220,220,0,0,0,match,MATCH_SNAPSHOT_PRECISION,Match at oracle precision
couple_two_children_area2_mortgage,"Couple, children aged 2 and 15, partner not working, Area 2 mortgage.",160,WFF_abated,NZD/week,359.357534,423.1849315068493150684931506849315068493,63.8273975068493150684931506849315068493,63.8273975068493150684931506849315068493,0.1776153036125000653763756924181573075056,b,B_WFF_VINTAGE,Working for Families forecast vintage
couple_two_children_area2_mortgage,"Couple, children aged 2 and 15, partner not working, Area 2 mortgage.",160,Net_Income,NZD/week,793.363014,861.0835616438356164383561643835616438356,67.7205476438356164383561643835616438356,67.7205476438356164383561643835616438356,0.08535884134855272751390974773064180659624,b,B_COMPOUND_NET_INCOME,Compound forecast-vintage level difference
couple_two_children_area2_mortgage,"Couple, children aged 2 and 15, partner not working, Area 2 mortgage.",160,Net_Income_annual,NZD/year,41368.214286,44899.35714285714285714285714285714285714,3531.14285685714285714285714285714285714,3531.14285685714285714285714285714285714,0.08535884175334507106558109610680677127113,b,B_COMPOUND_NET_INCOME,Compound forecast-vintage level difference
couple_two_children_area2_mortgage,"Couple, children aged 2 and 15, partner not working, Area 2 mortgage.",160,EMTR,ratio,0.1225,0.1224520547945205479452054794520547945,-0.0000479452054794520547945205479452055,0.0000479452054794520547945205479452055,0.0003913894324853228962818003913894326530612,c,C_EMTR_DISCRETE_ROUNDING,EMTR statutory discreteness/period convention
couple_two_children_area2_mortgage,"Couple, children aged 2 and 15, partner not working, Area 2 mortgage.",250,gross_wage1,NZD/week,250,250,0,0,0,match,MATCH_SNAPSHOT_PRECISION,Match at oracle precision
couple_two_children_area2_mortgage,"Couple, children aged 2 and 15, partner not working, Area 2 mortgage.",250,hours1,hours/week,13.513514,13.51351351351351351351351351351351351351,-0.00000048648648648648648648648648648649,0.00000048648648648648648648648648648649,0.00000003599999870400004665599832038406072617381,match,MATCH_SNAPSHOT_PRECISION,Match at oracle precision
couple_two_children_area2_mortgage,"Couple, children aged 2 and 15, partner not working, Area 2 mortgage.",250,gross_wage1_annual,NZD/year,13035.714286,13035.71428571428571428571428571428571428,-0.00000028571428571428571428571428572,0.00000028571428571428571428571428572,0.00000000002191780821869769187465868072647323439504,match,MATCH_SNAPSHOT_PRECISION,Match at oracle precision
couple_two_children_area2_mortgage,"Couple, children aged 2 and 15, partner not working, Area 2 mortgage.",250,gross_wage2,NZD/week,0,0,0,0,0,match,MATCH_SNAPSHOT_PRECISION,Match at oracle precision
couple_two_children_area2_mortgage,"Couple, children aged 2 and 15, partner not working, Area 2 mortgage.",250,wage1_tax,NZD/week,26.25,26.25,0,0,0,match,MATCH_SNAPSHOT_PRECISION,Match at oracle precision
couple_two_children_area2_mortgage,"Couple, children aged 2 and 15, partner not working, Area 2 mortgage.",250,wage1_ACC_levy,NZD/week,4.375,4.375095890410958904109589041095890410959,0.000095890410958904109589041095890410959,0.000095890410958904109589041095890410959,0.0000219178082191780821917808219178082192,c,C_ACC_ANNUAL_CENTS,ACC period/rounding convention
couple_two_children_area2_mortgage,"Couple, children aged 2 and 15, partner not working, Area 2 mortgage.",250,net_wage1,NZD/week,219.375,219.374904109589041095890410958904109589,-0.000095890410958904109589041095890411,0.000095890410958904109589041095890411,0.0000004371072864223549155056004371072866096866,c,C_NET_WAGE_ROUNDING,Net-wage rounding propagation
couple_two_children_area2_mortgage,"Couple, children aged 2 and 15, partner not working, Area 2 mortgage.",250,net_wage,NZD/week,219.375,219.374904109589041095890410958904109589,-0.000095890410958904109589041095890411,0.000095890410958904109589041095890411,0.0000004371072864223549155056004371072866096866,c,C_NET_WAGE_ROUNDING,Net-wage rounding propagation
couple_two_children_area2_mortgage,"Couple, children aged 2 and 15, partner not working, Area 2 mortgage.",250,net_benefit,NZD/week,0,0,0,0,0,match,MATCH_SNAPSHOT_PRECISION,Match at oracle precision
couple_two_children_area2_mortgage,"Couple, children aged 2 and 15, partner not working, Area 2 mortgage.",250,FTC_abated,NZD/week,261.857534,275.6849315068493150684931506849315068493,13.8273975068493150684931506849315068493,13.8273975068493150684931506849315068493,0.05280503980782662937814556324711859101713,b,B_WFF_VINTAGE,Working for Families forecast vintage
couple_two_children_area2_mortgage,"Couple, children aged 2 and 15, partner not working, Area 2 mortgage.",250,IWTC_abated,NZD/week,97.5,147.5,50,50,0.5128205128205128205128205128205128205128,b,B_WFF_VINTAGE,Working for Families forecast vintage
couple_two_children_area2_mortgage,"Couple, children aged 2 and 15, partner not working, Area 2 mortgage.",250,MFTC,NZD/week,0,0,0,0,0,match,MATCH_SNAPSHOT_PRECISION,Match at oracle precision
couple_two_children_area2_mortgage,"Couple, children aged 2 and 15, partner not working, Area 2 mortgage.",250,IETC_abated,NZD/week,0,0,0,0,0,match,MATCH_SNAPSHOT_PRECISION,Match at oracle precision
couple_two_children_area2_mortgage,"Couple, children aged 2 and 15, partner not working, Area 2 mortgage.",250,WinterEnergy,NZD/week,0,0,0,0,0,match,MATCH_SNAPSHOT_PRECISION,Match at oracle precision
couple_two_children_area2_mortgage,"Couple, children aged 2 and 15, partner not working, Area 2 mortgage.",250,BestStart_Total,NZD/week,73.605479,77.49863013698630136986301369863013698631,3.89315113698630136986301369863013698631,3.89315113698630136986301369863013698631,0.05289213778482850943559532706295053098303,b,B_WFF_VINTAGE,Working for Families forecast vintage
couple_two_children_area2_mortgage,"Couple, children aged 2 and 15, partner not working, Area 2 mortgage.",250,AS_Amount,NZD/week,220,220,0,0,0,match,MATCH_SNAPSHOT_PRECISION,Match at oracle precision
couple_two_children_area2_mortgage,"Couple, children aged 2 and 15, partner not working, Area 2 mortgage.",250,WFF_abated,NZD/week,359.357534,423.1849315068493150684931506849315068493,63.8273975068493150684931506849315068493,63.8273975068493150684931506849315068493,0.1776153036125000653763756924181573075056,b,B_WFF_VINTAGE,Working for Families forecast vintage
couple_two_children_area2_mortgage,"Couple, children aged 2 and 15, partner not working, Area 2 mortgage.",250,Net_Income,NZD/week,872.338014,940.0584657534246575342465753424657534246,67.7204517534246575342465753424657534246,67.7204517534246575342465753424657534246,0.0776309763722215337668943719131168728646,b,B_COMPOUND_NET_INCOME,Compound forecast-vintage level difference
couple_two_children_area2_mortgage,"Couple, children aged 2 and 15, partner not working, Area 2 mortgage.",250,Net_Income_annual,NZD/year,45486.196429,49017.33428571428571428571428571428571428,3531.13785671428571428571428571428571428,3531.13785671428571428571428571428571428,0.07763097673436127073023932672764314140758,b,B_COMPOUND_NET_INCOME,Compound forecast-vintage level difference
couple_two_children_area2_mortgage,"Couple, children aged 2 and 15, partner not working, Area 2 mortgage.",250,EMTR,ratio,0.1225,0.1224520547945205479452054794520547945,-0.0000479452054794520547945205479452055,0.0000479452054794520547945205479452055,0.0003913894324853228962818003913894326530612,c,C_EMTR_DISCRETE_ROUNDING,EMTR statutory discreteness/period convention
couple_two_children_area2_mortgage,"Couple, children aged 2 and 15, partner not working, Area 2 mortgage.",370,gross_wage1,NZD/week,370,370,0,0,0,match,MATCH_SNAPSHOT_PRECISION,Match at oracle precision
couple_two_children_area2_mortgage,"Couple, children aged 2 and 15, partner not working, Area 2 mortgage.",370,hours1,hours/week,20,20,0,0,0,match,MATCH_SNAPSHOT_PRECISION,Match at oracle precision
couple_two_children_area2_mortgage,"Couple, children aged 2 and 15, partner not working, Area 2 mortgage.",370,gross_wage1_annual,NZD/year,19292.857143,19292.85714285714285714285714285714285714,-0.00000014285714285714285714285714286,0.00000014285714285714285714285714286,0.000000000007404664938856685191122867936533707012688,match,MATCH_SNAPSHOT_PRECISION,Match at oracle precision
couple_two_children_area2_mortgage,"Couple, children aged 2 and 15, partner not working, Area 2 mortgage.",370,gross_wage2,NZD/week,0,0,0,0,0,match,MATCH_SNAPSHOT_PRECISION,Match at oracle precision
couple_two_children_area2_mortgage,"Couple, children aged 2 and 15, partner not working, Area 2 mortgage.",370,wage1_tax,NZD/week,43.807534,43.80753424657534246575342465753424657534,0.00000024657534246575342465753424657534,0.00000024657534246575342465753424657534,0.00000000562860585728823322165393392322288672994,match,MATCH_SNAPSHOT_PRECISION,Match at oracle precision
couple_two_children_area2_mortgage,"Couple, children aged 2 and 15, partner not working, Area 2 mortgage.",370,wage1_ACC_levy,NZD/week,6.475,6.475095890410958904109589041095890410959,0.000095890410958904109589041095890410959,0.000095890410958904109589041095890410959,0.00001480932987782302850796001480932987783784,c,C_ACC_ANNUAL_CENTS,ACC period/rounding convention
couple_two_children_area2_mortgage,"Couple, children aged 2 and 15, partner not working, Area 2 mortgage.",370,net_wage1,NZD/week,319.717466,319.7173698630136986301369863013698630137,-0.0000961369863013698630136986301369863,0.0000961369863013698630136986301369863,0.0000003006935701828997450320672507049905743967,c,C_NET_WAGE_ROUNDING,Net-wage rounding propagation
couple_two_children_area2_mortgage,"Couple, children aged 2 and 15, partner not working, Area 2 mortgage.",370,net_wage,NZD/week,319.717466,319.7173698630136986301369863013698630137,-0.0000961369863013698630136986301369863,0.0000961369863013698630136986301369863,0.0000003006935701828997450320672507049905743967,c,C_NET_WAGE_ROUNDING,Net-wage rounding propagation
couple_two_children_area2_mortgage,"Couple, children aged 2 and 15, partner not working, Area 2 mortgage.",370,net_benefit,NZD/week,0,0,0,0,0,match,MATCH_SNAPSHOT_PRECISION,Match at oracle precision
couple_two_children_area2_mortgage,"Couple, children aged 2 and 15, partner not working, Area 2 mortgage.",370,FTC_abated,NZD/week,261.857534,275.6849315068493150684931506849315068493,13.8273975068493150684931506849315068493,13.8273975068493150684931506849315068493,0.05280503980782662937814556324711859101713,b,B_WFF_VINTAGE,Working for Families forecast vintage
couple_two_children_area2_mortgage,"Couple, children aged 2 and 15, partner not working, Area 2 mortgage.",370,IWTC_abated,NZD/week,97.5,147.5,50,50,0.5128205128205128205128205128205128205128,b,B_WFF_VINTAGE,Working for Families forecast vintage
couple_two_children_area2_mortgage,"Couple, children aged 2 and 15, partner not working, Area 2 mortgage.",370,MFTC,NZD/week,0,0,0,0,0,match,MATCH_SNAPSHOT_PRECISION,Match at oracle precision
couple_two_children_area2_mortgage,"Couple, children aged 2 and 15, partner not working, Area 2 mortgage.",370,IETC_abated,NZD/week,0,0,0,0,0,match,MATCH_SNAPSHOT_PRECISION,Match at oracle precision
couple_two_children_area2_mortgage,"Couple, children aged 2 and 15, partner not working, Area 2 mortgage.",370,WinterEnergy,NZD/week,0,0,0,0,0,match,MATCH_SNAPSHOT_PRECISION,Match at oracle precision
couple_two_children_area2_mortgage,"Couple, children aged 2 and 15, partner not working, Area 2 mortgage.",370,BestStart_Total,NZD/week,73.605479,77.49863013698630136986301369863013698631,3.89315113698630136986301369863013698631,3.89315113698630136986301369863013698631,0.05289213778482850943559532706295053098303,b,B_WFF_VINTAGE,Working for Families forecast vintage
couple_two_children_area2_mortgage,"Couple, children aged 2 and 15, partner not working, Area 2 mortgage.",370,AS_Amount,NZD/week,220,220,0,0,0,match,MATCH_SNAPSHOT_PRECISION,Match at oracle precision
couple_two_children_area2_mortgage,"Couple, children aged 2 and 15, partner not working, Area 2 mortgage.",370,WFF_abated,NZD/week,359.357534,423.1849315068493150684931506849315068493,63.8273975068493150684931506849315068493,63.8273975068493150684931506849315068493,0.1776153036125000653763756924181573075056,b,B_WFF_VINTAGE,Working for Families forecast vintage
couple_two_children_area2_mortgage,"Couple, children aged 2 and 15, partner not working, Area 2 mortgage.",370,Net_Income,NZD/week,972.680479,1040.400931506849315068493150684931506849,67.720452506849315068493150684931506849,67.720452506849315068493150684931506849,0.069622506022195306202390796294505985299,b,B_COMPOUND_NET_INCOME,Compound forecast-vintage level difference
couple_two_children_area2_mortgage,"Couple, children aged 2 and 15, partner not working, Area 2 mortgage.",370,Net_Income_annual,NZD/year,50718.339286,54249.47714285714285714285714285714285712,3531.13785685714285714285714285714285712,3531.13785685714285714285714285714285712,0.06962250551906099051649569705229056298876,b,B_COMPOUND_NET_INCOME,Compound forecast-vintage level difference
couple_two_children_area2_mortgage,"Couple, children aged 2 and 15, partner not working, Area 2 mortgage.",370,EMTR,ratio,0.1925,0.192452054794520547945205479452054794,-0.000047945205479452054794520547945206,0.000047945205479452054794520547945206,0.0002490660024906600249066002490660051948052,c,C_EMTR_DISCRETE_ROUNDING,EMTR statutory discreteness/period convention
couple_two_children_area2_mortgage,"Couple, children aged 2 and 15, partner not working, Area 2 mortgage.",555,gross_wage1,NZD/week,555,555,0,0,0,match,MATCH_SNAPSHOT_PRECISION,Match at oracle precision
couple_two_children_area2_mortgage,"Couple, children aged 2 and 15, partner not working, Area 2 mortgage.",555,hours1,hours/week,30,30,0,0,0,match,MATCH_SNAPSHOT_PRECISION,Match at oracle precision
couple_two_children_area2_mortgage,"Couple, children aged 2 and 15, partner not working, Area 2 mortgage.",555,gross_wage1_annual,NZD/year,28939.285714,28939.28571428571428571428571428571428571,0.00000028571428571428571428571428571,0.00000028571428571428571428571428571,0.000000000009872886585312826228165497482050257904303,match,MATCH_SNAPSHOT_PRECISION,Match at oracle precision
couple_two_children_area2_mortgage,"Couple, children aged 2 and 15, partner not working, Area 2 mortgage.",555,gross_wage2,NZD/week,0,0,0,0,0,match,MATCH_SNAPSHOT_PRECISION,Match at oracle precision
couple_two_children_area2_mortgage,"Couple, children aged 2 and 15, partner not working, Area 2 mortgage.",555,wage1_tax,NZD/week,76.182534,76.18253424657534246575342465753424657535,0.00000024657534246575342465753424657535,0.00000024657534246575342465753424657535,0.000000003236638761133272682391140291754406594036,match,MATCH_SNAPSHOT_PRECISION,Match at oracle precision
couple_two_children_area2_mortgage,"Couple, children aged 2 and 15, partner not working, Area 2 mortgage.",555,wage1_ACC_levy,NZD/week,9.7125,9.71254794520547945205479452054794520548,0.00004794520547945205479452054794520548,0.00004794520547945205479452054794520548,0.000004936443292607676169320004936443292664093,c,C_ACC_ANNUAL_CENTS,ACC period/rounding convention
couple_two_children_area2_mortgage,"Couple, children aged 2 and 15, partner not working, Area 2 mortgage.",555,net_wage1,NZD/week,469.104966,469.1049178082191780821917808219178082191,-0.0000481917808219178082191780821917809,0.0000481917808219178082191780821917809,0.0000001027313380048886718013939809619941222281,c,C_NET_WAGE_ROUNDING,Net-wage rounding propagation
couple_two_children_area2_mortgage,"Couple, children aged 2 and 15, partner not working, Area 2 mortgage.",555,net_wage,NZD/week,469.104966,469.1049178082191780821917808219178082191,-0.0000481917808219178082191780821917809,0.0000481917808219178082191780821917809,0.0000001027313380048886718013939809619941222281,c,C_NET_WAGE_ROUNDING,Net-wage rounding propagation
couple_two_children_area2_mortgage,"Couple, children aged 2 and 15, partner not working, Area 2 mortgage.",555,net_benefit,NZD/week,0,0,0,0,0,match,MATCH_SNAPSHOT_PRECISION,Match at oracle precision
couple_two_children_area2_mortgage,"Couple, children aged 2 and 15, partner not working, Area 2 mortgage.",555,FTC_abated,NZD/week,261.857534,275.6849315068493150684931506849315068493,13.8273975068493150684931506849315068493,13.8273975068493150684931506849315068493,0.05280503980782662937814556324711859101713,b,B_WFF_VINTAGE,Working for Families forecast vintage
couple_two_children_area2_mortgage,"Couple, children aged 2 and 15, partner not working, Area 2 mortgage.",555,IWTC_abated,NZD/week,97.5,147.5,50,50,0.5128205128205128205128205128205128205128,b,B_WFF_VINTAGE,Working for Families forecast vintage
couple_two_children_area2_mortgage,"Couple, children aged 2 and 15, partner not working, Area 2 mortgage.",555,MFTC,NZD/week,223.182534,225.1056111696522655426765015769230769231,1.9230771696522655426765015769230769231,1.9230771696522655426765015769230769231,0.008616611413025113975435468336976032914386,b,B_WFF_VINTAGE,Working for Families forecast vintage
couple_two_children_area2_mortgage,"Couple, children aged 2 and 15, partner not working, Area 2 mortgage.",555,IETC_abated,NZD/week,0,0,0,0,0,match,MATCH_SNAPSHOT_PRECISION,Match at oracle precision
couple_two_children_area2_mortgage,"Couple, children aged 2 and 15, partner not working, Area 2 mortgage.",555,WinterEnergy,NZD/week,0,0,0,0,0,match,MATCH_SNAPSHOT_PRECISION,Match at oracle precision
couple_two_children_area2_mortgage,"Couple, children aged 2 and 15, partner not working, Area 2 mortgage.",555,BestStart_Total,NZD/week,73.605479,77.49863013698630136986301369863013698631,3.89315113698630136986301369863013698631,3.89315113698630136986301369863013698631,0.05289213778482850943559532706295053098303,b,B_WFF_VINTAGE,Working for Families forecast vintage
couple_two_children_area2_mortgage,"Couple, children aged 2 and 15, partner not working, Area 2 mortgage.",555,AS_Amount,NZD/week,220,220,0,0,0,match,MATCH_SNAPSHOT_PRECISION,Match at oracle precision
couple_two_children_area2_mortgage,"Couple, children aged 2 and 15, partner not working, Area 2 mortgage.",555,WFF_abated,NZD/week,359.357534,423.1849315068493150684931506849315068493,63.8273975068493150684931506849315068493,63.8273975068493150684931506849315068493,0.1776153036125000653763756924181573075056,b,B_WFF_VINTAGE,Working for Families forecast vintage
couple_two_children_area2_mortgage,"Couple, children aged 2 and 15, partner not working, Area 2 mortgage.",555,Net_Income,NZD/week,1345.250514,1414.894090621707060063224446782402528978,69.643576621707060063224446782402528978,69.643576621707060063224446782402528978,0.05176996841623734927874143654287615382989,b,B_COMPOUND_NET_INCOME,Compound forecast-vintage level difference
couple_two_children_area2_mortgage,"Couple, children aged 2 and 15, partner not working, Area 2 mortgage.",555,Net_Income_annual,NZD/year,70145.205357,73776.62043956043956043956043936813186813,3631.41508256043956043956043936813186813,3631.41508256043956043956043936813186813,0.05176996865400223366601841167332191702561,b,B_COMPOUND_NET_INCOME,Compound forecast-vintage level difference
couple_two_children_area2_mortgage,"Couple, children aged 2 and 15, partner not working, Area 2 mortgage.",555,EMTR,ratio,1.0175,1.017452054794520547945205477534246576,-0.000047945205479452054794522465753424,0.000047945205479452054794522465753424,0.00004712059506580054525260193194439705159705,c,C_EMTR_DISCRETE_ROUNDING,EMTR statutory discreteness/period convention
couple_two_children_area2_mortgage,"Couple, children aged 2 and 15, partner not working, Area 2 mortgage.",740,gross_wage1,NZD/week,740,740,0,0,0,match,MATCH_SNAPSHOT_PRECISION,Match at oracle precision
couple_two_children_area2_mortgage,"Couple, children aged 2 and 15, partner not working, Area 2 mortgage.",740,hours1,hours/week,40,40,0,0,0,match,MATCH_SNAPSHOT_PRECISION,Match at oracle precision
couple_two_children_area2_mortgage,"Couple, children aged 2 and 15, partner not working, Area 2 mortgage.",740,gross_wage1_annual,NZD/year,38585.714286,38585.71428571428571428571428571428571428,-0.00000028571428571428571428571428572,0.00000028571428571428571428571428572,0.000000000007404664938856685191122867936533707012688,match,MATCH_SNAPSHOT_PRECISION,Match at oracle precision
couple_two_children_area2_mortgage,"Couple, children aged 2 and 15, partner not working, Area 2 mortgage.",740,gross_wage2,NZD/week,0,0,0,0,0,match,MATCH_SNAPSHOT_PRECISION,Match at oracle precision
couple_two_children_area2_mortgage,"Couple, children aged 2 and 15, partner not working, Area 2 mortgage.",740,wage1_tax,NZD/week,108.557534,108.5575342465753424657534246575342465753,0.0000002465753424657534246575342465753,0.0000002465753424657534246575342465753,0.000000002271379363368307764411213012404095325157,match,MATCH_SNAPSHOT_PRECISION,Match at oracle precision
couple_two_children_area2_mortgage,"Couple, children aged 2 and 15, partner not working, Area 2 mortgage.",740,wage1_ACC_levy,NZD/week,12.95,12.95,0,0,0,match,MATCH_SNAPSHOT_PRECISION,Match at oracle precision
couple_two_children_area2_mortgage,"Couple, children aged 2 and 15, partner not working, Area 2 mortgage.",740,net_wage1,NZD/week,618.492466,618.4924657534246575342465753424657534247,-0.0000002465753424657534246575342465753,0.0000002465753424657534246575342465753,0.0000000003986715376832956032443154231975721431019,match,MATCH_SNAPSHOT_PRECISION,Match at oracle precision
couple_two_children_area2_mortgage,"Couple, children aged 2 and 15, partner not working, Area 2 mortgage.",740,net_wage,NZD/week,618.492466,618.4924657534246575342465753424657534247,-0.0000002465753424657534246575342465753,0.0000002465753424657534246575342465753,0.0000000003986715376832956032443154231975721431019,match,MATCH_SNAPSHOT_PRECISION,Match at oracle precision
couple_two_children_area2_mortgage,"Couple, children aged 2 and 15, partner not working, Area 2 mortgage.",740,net_benefit,NZD/week,0,0,0,0,0,match,MATCH_SNAPSHOT_PRECISION,Match at oracle precision
couple_two_children_area2_mortgage,"Couple, children aged 2 and 15, partner not working, Area 2 mortgage.",740,FTC_abated,NZD/week,261.857534,275.6849315068493150684931506849315068493,13.8273975068493150684931506849315068493,13.8273975068493150684931506849315068493,0.05280503980782662937814556324711859101713,b,B_WFF_VINTAGE,Working for Families forecast vintage
couple_two_children_area2_mortgage,"Couple, children aged 2 and 15, partner not working, Area 2 mortgage.",740,IWTC_abated,NZD/week,97.5,147.5,50,50,0.5128205128205128205128205128205128205128,b,B_WFF_VINTAGE,Working for Families forecast vintage
couple_two_children_area2_mortgage,"Couple, children aged 2 and 15, partner not working, Area 2 mortgage.",740,MFTC,NZD/week,70.557534,72.480611169652265542676501575,1.923077169652265542676501575,1.923077169652265542676501575,0.02725544758483573905341563630894469752869,b,B_WFF_VINTAGE,Working for Families forecast vintage
couple_two_children_area2_mortgage,"Couple, children aged 2 and 15, partner not working, Area 2 mortgage.",740,IETC_abated,NZD/week,0,0,0,0,0,match,MATCH_SNAPSHOT_PRECISION,Match at oracle precision
couple_two_children_area2_mortgage,"Couple, children aged 2 and 15, partner not working, Area 2 mortgage.",740,WinterEnergy,NZD/week,0,0,0,0,0,match,MATCH_SNAPSHOT_PRECISION,Match at oracle precision
couple_two_children_area2_mortgage,"Couple, children aged 2 and 15, partner not working, Area 2 mortgage.",740,BestStart_Total,NZD/week,73.605479,77.49863013698630136986301369863013698631,3.89315113698630136986301369863013698631,3.89315113698630136986301369863013698631,0.05289213778482850943559532706295053098303,b,B_WFF_VINTAGE,Working for Families forecast vintage
couple_two_children_area2_mortgage,"Couple, children aged 2 and 15, partner not working, Area 2 mortgage.",740,AS_Amount,NZD/week,220,220,0,0,0,match,MATCH_SNAPSHOT_PRECISION,Match at oracle precision
couple_two_children_area2_mortgage,"Couple, children aged 2 and 15, partner not working, Area 2 mortgage.",740,WFF_abated,NZD/week,359.357534,423.1849315068493150684931506849315068493,63.8273975068493150684931506849315068493,63.8273975068493150684931506849315068493,0.1776153036125000653763756924181573075056,b,B_WFF_VINTAGE,Working for Families forecast vintage
couple_two_children_area2_mortgage,"Couple, children aged 2 and 15, partner not working, Area 2 mortgage.",740,Net_Income,NZD/week,1342.013014,1411.65663856691253951527924130102739726,69.64362456691253951527924130102739726,69.64362456691253951527924130102739726,0.05189489508699543767261801032059693368965,b,B_COMPOUND_NET_INCOME,Compound forecast-vintage level difference
couple_two_children_area2_mortgage,"Couple, children aged 2 and 15, partner not working, Area 2 mortgage.",740,Net_Income_annual,NZD/year,69976.392857,73607.81043956043956043956043926785714284,3631.41758256043956043956043926785714284,3631.41758256043956043956043926785714284,0.05189489532536222025571335087012653420516,b,B_COMPOUND_NET_INCOME,Compound forecast-vintage level difference
couple_two_children_area2_mortgage,"Couple, children aged 2 and 15, partner not working, Area 2 mortgage.",740,EMTR,ratio,1.0175,1.017452054794520547945205479452054794,-0.000047945205479452054794520547945206,0.000047945205479452054794520547945206,0.00004712059506580054525260004712059557739558,c,C_EMTR_DISCRETE_ROUNDING,EMTR statutory discreteness/period convention
couple_two_children_area2_mortgage,"Couple, children aged 2 and 15, partner not working, Area 2 mortgage.",1000,gross_wage1,NZD/week,1000,1000,0,0,0,match,MATCH_SNAPSHOT_PRECISION,Match at oracle precision
couple_two_children_area2_mortgage,"Couple, children aged 2 and 15, partner not working, Area 2 mortgage.",1000,hours1,hours/week,54.054054,54.05405405405405405405405405405405405405,0.00000005405405405405405405405405405405,0.00000005405405405405405405405405405405,0.000000001000000001000000001000000000999925001,match,MATCH_SNAPSHOT_PRECISION,Match at oracle precision
couple_two_children_area2_mortgage,"Couple, children aged 2 and 15, partner not working, Area 2 mortgage.",1000,gross_wage1_annual,NZD/year,52142.857143,52142.85714285714285714285714285714285714,-0.00000014285714285714285714285714286,0.00000014285714285714285714285714286,0.000000000002739726027389754175267425331081459108682,match,MATCH_SNAPSHOT_PRECISION,Match at oracle precision
couple_two_children_area2_mortgage,"Couple, children aged 2 and 15, partner not working, Area 2 mortgage.",1000,gross_wage2,NZD/week,0,0,0,0,0,match,MATCH_SNAPSHOT_PRECISION,Match at oracle precision
couple_two_children_area2_mortgage,"Couple, children aged 2 and 15, partner not working, Area 2 mortgage.",1000,wage1_tax,NZD/week,154.057534,154.0575342465753424657534246575342465754,0.0000002465753424657534246575342465754,0.0000002465753424657534246575342465754,0.00000000160054062961798041410642238746597099237,match,MATCH_SNAPSHOT_PRECISION,Match at oracle precision
couple_two_children_area2_mortgage,"Couple, children aged 2 and 15, partner not working, Area 2 mortgage.",1000,wage1_ACC_levy,NZD/week,17.5,17.5,0,0,0,match,MATCH_SNAPSHOT_PRECISION,Match at oracle precision
couple_two_children_area2_mortgage,"Couple, children aged 2 and 15, partner not working, Area 2 mortgage.",1000,net_wage1,NZD/week,828.442466,828.4424657534246575342465753424657534246,-0.0000002465753424657534246575342465754,0.0000002465753424657534246575342465754,0.0000000002976372561589007493702456418686291728556,match,MATCH_SNAPSHOT_PRECISION,Match at oracle precision
couple_two_children_area2_mortgage,"Couple, children aged 2 and 15, partner not working, Area 2 mortgage.",1000,net_wage,NZD/week,828.442466,828.4424657534246575342465753424657534246,-0.0000002465753424657534246575342465754,0.0000002465753424657534246575342465754,0.0000000002976372561589007493702456418686291728556,match,MATCH_SNAPSHOT_PRECISION,Match at oracle precision
couple_two_children_area2_mortgage,"Couple, children aged 2 and 15, partner not working, Area 2 mortgage.",1000,net_benefit,NZD/week,0,0,0,0,0,match,MATCH_SNAPSHOT_PRECISION,Match at oracle precision
couple_two_children_area2_mortgage,"Couple, children aged 2 and 15, partner not working, Area 2 mortgage.",1000,FTC_abated,NZD/week,223.658904,237.4908219178082191780821917808219178082,13.8319179178082191780821917808219178082,13.8319179178082191780821917808219178082,0.06184380621756162758484317611080629192478,b,B_WFF_VINTAGE,Working for Families forecast vintage
couple_two_children_area2_mortgage,"Couple, children aged 2 and 15, partner not working, Area 2 mortgage.",1000,IWTC_abated,NZD/week,97.5,147.5,50,50,0.5128205128205128205128205128205128205128,b,B_WFF_VINTAGE,Working for Families forecast vintage
couple_two_children_area2_mortgage,"Couple, children aged 2 and 15, partner not working, Area 2 mortgage.",1000,MFTC,NZD/week,0,0,0,0,0,match,MATCH_SNAPSHOT_PRECISION,Match at oracle precision
couple_two_children_area2_mortgage,"Couple, children aged 2 and 15, partner not working, Area 2 mortgage.",1000,IETC_abated,NZD/week,0,0,0,0,0,match,MATCH_SNAPSHOT_PRECISION,Match at oracle precision
couple_two_children_area2_mortgage,"Couple, children aged 2 and 15, partner not working, Area 2 mortgage.",1000,WinterEnergy,NZD/week,0,0,0,0,0,match,MATCH_SNAPSHOT_PRECISION,Match at oracle precision
couple_two_children_area2_mortgage,"Couple, children aged 2 and 15, partner not working, Area 2 mortgage.",1000,BestStart_Total,NZD/week,73.605479,77.49863013698630136986301369863013698631,3.89315113698630136986301369863013698631,3.89315113698630136986301369863013698631,0.05289213778482850943559532706295053098303,b,B_WFF_VINTAGE,Working for Families forecast vintage
couple_two_children_area2_mortgage,"Couple, children aged 2 and 15, partner not working, Area 2 mortgage.",1000,AS_Amount,NZD/week,220,220,0,0,0,match,MATCH_SNAPSHOT_PRECISION,Match at oracle precision
couple_two_children_area2_mortgage,"Couple, children aged 2 and 15, partner not working, Area 2 mortgage.",1000,WFF_abated,NZD/week,321.158904,384.9908219178082191780821917808219178082,63.8319179178082191780821917808219178082,63.8319179178082191780821917808219178082,0.1987549375800840918864332398544426400465,b,B_WFF_VINTAGE,Working for Families forecast vintage
couple_two_children_area2_mortgage,"Couple, children aged 2 and 15, partner not working, Area 2 mortgage.",1000,Net_Income,NZD/week,1443.206849,1510.931917808219178082191780821917808219,67.725068808219178082191780821917808219,67.725068808219178082191780821917808219,0.04692679282609140256525471964547045204537,b,B_COMPOUND_NET_INCOME,Compound forecast-vintage level difference
couple_two_children_area2_mortgage,"Couple, children aged 2 and 15, partner not working, Area 2 mortgage.",1000,Net_Income_annual,NZD/year,75252.928571,78784.30714285714285714285714285714285713,3531.37857185714285714285714285714285713,3531.37857185714285714285714285714285713,0.04692679260349769088779742425337674048313,b,B_COMPOUND_NET_INCOME,Compound forecast-vintage level difference
couple_two_children_area2_mortgage,"Couple, children aged 2 and 15, partner not working, Area 2 mortgage.",1000,EMTR,ratio,0.4675,0.47197260273972602739726027397260274,0.00447260273972602739726027397260274,0.00447260273972602739726027397260274,0.009567064683905940956706468390594096256684,c,C_EMTR_DISCRETE_ROUNDING,EMTR statutory discreteness/period convention
couple_two_children_area2_mortgage,"Couple, children aged 2 and 15, partner not working, Area 2 mortgage.",1500,gross_wage1,NZD/week,1500,1500,0,0,0,match,MATCH_SNAPSHOT_PRECISION,Match at oracle precision
couple_two_children_area2_mortgage,"Couple, children aged 2 and 15, partner not working, Area 2 mortgage.",1500,hours1,hours/week,81.081081,81.08108108108108108108108108108108108108,0.00000008108108108108108108108108108108,0.00000008108108108108108108108108108108,0.000000001000000001000000001000000000999986667667,match,MATCH_SNAPSHOT_PRECISION,Match at oracle precision
couple_two_children_area2_mortgage,"Couple, children aged 2 and 15, partner not working, Area 2 mortgage.",1500,gross_wage1_annual,NZD/year,78214.285714,78214.28571428571428571428571428571428571,0.00000028571428571428571428571428571,0.00000028571428571428571428571428571,0.000000000003652968036543024540772759906943462136646,match,MATCH_SNAPSHOT_PRECISION,Match at oracle precision
couple_two_children_area2_mortgage,"Couple, children aged 2 and 15, partner not working, Area 2 mortgage.",1500,gross_wage2,NZD/week,0,0,0,0,0,match,MATCH_SNAPSHOT_PRECISION,Match at oracle precision
couple_two_children_area2_mortgage,"Couple, children aged 2 and 15, partner not working, Area 2 mortgage.",1500,wage1_tax,NZD/week,300.869863,300.8698630136986301369863013753424657534,0.0000000136986301369863013753424657534,0.0000000136986301369863013753424657534,0.00000000004553008400507797411182543647915976217266,match,MATCH_SNAPSHOT_PRECISION,Match at oracle precision
couple_two_children_area2_mortgage,"Couple, children aged 2 and 15, partner not working, Area 2 mortgage.",1500,wage1_ACC_levy,NZD/week,26.25,26.25,0,0,0,match,MATCH_SNAPSHOT_PRECISION,Match at oracle precision
couple_two_children_area2_mortgage,"Couple, children aged 2 and 15, partner not working, Area 2 mortgage.",1500,net_wage1,NZD/week,1172.880137,1172.880136986301369863013698624657534247,-0.000000013698630136986301375342465753,0.000000013698630136986301375342465753,0.00000000001167948002941267422567193305022267590844,match,MATCH_SNAPSHOT_PRECISION,Match at oracle precision
couple_two_children_area2_mortgage,"Couple, children aged 2 and 15, partner not working, Area 2 mortgage.",1500,net_wage,NZD/week,1172.880137,1172.880136986301369863013698624657534247,-0.000000013698630136986301375342465753,0.000000013698630136986301375342465753,0.00000000001167948002941267422567193305022267590844,match,MATCH_SNAPSHOT_PRECISION,Match at oracle precision
couple_two_children_area2_mortgage,"Couple, children aged 2 and 15, partner not working, Area 2 mortgage.",1500,net_benefit,NZD/week,0,0,0,0,0,match,MATCH_SNAPSHOT_PRECISION,Match at oracle precision
couple_two_children_area2_mortgage,"Couple, children aged 2 and 15, partner not working, Area 2 mortgage.",1500,FTC_abated,NZD/week,86.158904,99.98780821917808219178082191780821917809,13.82890421917808219178082191780821917809,13.82890421917808219178082191780821917809,0.1605046440606774918095618059139682089978,b,B_WFF_VINTAGE,Working for Families forecast vintage
couple_two_children_area2_mortgage,"Couple, children aged 2 and 15, partner not working, Area 2 mortgage.",1500,IWTC_abated,NZD/week,97.5,147.5,50,50,0.5128205128205128205128205128205128205128,b,B_WFF_VINTAGE,Working for Families forecast vintage
couple_two_children_area2_mortgage,"Couple, children aged 2 and 15, partner not working, Area 2 mortgage.",1500,MFTC,NZD/week,0,0,0,0,0,match,MATCH_SNAPSHOT_PRECISION,Match at oracle precision
couple_two_children_area2_mortgage,"Couple, children aged 2 and 15, partner not working, Area 2 mortgage.",1500,IETC_abated,NZD/week,0,0,0,0,0,match,MATCH_SNAPSHOT_PRECISION,Match at oracle precision
couple_two_children_area2_mortgage,"Couple, children aged 2 and 15, partner not working, Area 2 mortgage.",1500,WinterEnergy,NZD/week,0,0,0,0,0,match,MATCH_SNAPSHOT_PRECISION,Match at oracle precision
couple_two_children_area2_mortgage,"Couple, children aged 2 and 15, partner not working, Area 2 mortgage.",1500,BestStart_Total,NZD/week,73.605479,77.49863013698630136986301369863013698631,3.89315113698630136986301369863013698631,3.89315113698630136986301369863013698631,0.05289213778482850943559532706295053098303,b,B_WFF_VINTAGE,Working for Families forecast vintage
couple_two_children_area2_mortgage,"Couple, children aged 2 and 15, partner not working, Area 2 mortgage.",1500,AS_Amount,NZD/week,122.180822,124.07142857142857142857142858,1.89060657142857142857142858,1.89060657142857142857142858,0.01547384066075911183975688574103716539082,b,B_AS_UPSTREAM_VINTAGE,"Accommodation Supplement compound difference, primary vintage"
couple_two_children_area2_mortgage,"Couple, children aged 2 and 15, partner not working, Area 2 mortgage.",1500,WFF_abated,NZD/week,183.658904,247.4878082191780821917808219178082191781,63.8289042191780821917808219178082191781,63.8289042191780821917808219178082191781,0.3475404830858518146867566078789635986181,b,B_WFF_VINTAGE,Working for Families forecast vintage
couple_two_children_area2_mortgage,"Couple, children aged 2 and 15, partner not working, Area 2 mortgage.",1500,Net_Income,NZD/week,1552.325342,1621.938003913894324853228962821095890411,69.612661913894324853228962821095890411,69.612661913894324853228962821095890411,0.0448441187104541419341390632409683938607,b,B_COMPOUND_NET_INCOME,Compound forecast-vintage level difference
couple_two_children_area2_mortgage,"Couple, children aged 2 and 15, partner not working, Area 2 mortgage.",1500,Net_Income_annual,NZD/year,80942.678571,84572.48163265306122448979591852857142857,3629.80306165306122448979591852857142857,3629.80306165306122448979591852857142857,0.0448441184024955242605742741269403132682,b,B_COMPOUND_NET_INCOME,Compound forecast-vintage level difference
couple_two_children_area2_mortgage,"Couple, children aged 2 and 15, partner not working, Area 2 mortgage.",1500,EMTR,ratio,0.8725,0.871698630136986301369863016438356165,-0.000801369863013698630136983561643835,0.000801369863013698630136983561643835,0.0009184754876947835302429611021705845272206,c,C_EMTR_DISCRETE_ROUNDING,EMTR statutory discreteness/period convention
couple_one_child_partner_10h_area3_rent,"Couple, child aged 9, partner working 10 hours, Area 3 rent.",0,gross_wage1,NZD/week,0,0,0,0,0,match,MATCH_SNAPSHOT_PRECISION,Match at oracle precision
couple_one_child_partner_10h_area3_rent,"Couple, child aged 9, partner working 10 hours, Area 3 rent.",0,hours1,hours/week,0,0,0,0,0,match,MATCH_SNAPSHOT_PRECISION,Match at oracle precision
couple_one_child_partner_10h_area3_rent,"Couple, child aged 9, partner working 10 hours, Area 3 rent.",0,gross_wage1_annual,NZD/year,0,0,0,0,0,match,MATCH_SNAPSHOT_PRECISION,Match at oracle precision
couple_one_child_partner_10h_area3_rent,"Couple, child aged 9, partner working 10 hours, Area 3 rent.",0,gross_wage2,NZD/week,185,185,0,0,0,match,MATCH_SNAPSHOT_PRECISION,Match at oracle precision
couple_one_child_partner_10h_area3_rent,"Couple, child aged 9, partner working 10 hours, Area 3 rent.",0,wage1_tax,NZD/week,0,0,0,0,0,match,MATCH_SNAPSHOT_PRECISION,Match at oracle precision
couple_one_child_partner_10h_area3_rent,"Couple, child aged 9, partner working 10 hours, Area 3 rent.",0,wage1_ACC_levy,NZD/week,0,0,0,0,0,match,MATCH_SNAPSHOT_PRECISION,Match at oracle precision
couple_one_child_partner_10h_area3_rent,"Couple, child aged 9, partner working 10 hours, Area 3 rent.",0,net_wage1,NZD/week,0,0,0,0,0,match,MATCH_SNAPSHOT_PRECISION,Match at oracle precision
couple_one_child_partner_10h_area3_rent,"Couple, child aged 9, partner working 10 hours, Area 3 rent.",0,net_wage,NZD/week,162.3375,162.3375479452054794520547945205479452055,0.0000479452054794520547945205479452055,0.0000479452054794520547945205479452055,0.0000002953427610961857537200002953427612227612,c,C_NET_WAGE_ROUNDING,Net-wage rounding propagation
couple_one_child_partner_10h_area3_rent,"Couple, child aged 9, partner working 10 hours, Area 3 rent.",0,net_benefit,NZD/week,0,0,0,0,0,match,MATCH_SNAPSHOT_PRECISION,Match at oracle precision
couple_one_child_partner_10h_area3_rent,"Couple, child aged 9, partner working 10 hours, Area 3 rent.",0,FTC_abated,NZD/week,144.29589,151.9095890410958904109589041095890410959,7.6136990410958904109589041095890410959,7.6136990410958904109589041095890410959,0.05276448997331726087942563096973199372415,b,B_WFF_VINTAGE,Working for Families forecast vintage
couple_one_child_partner_10h_area3_rent,"Couple, child aged 9, partner working 10 hours, Area 3 rent.",0,IWTC_abated,NZD/week,97.5,147.5,50,50,0.5128205128205128205128205128205128205128,b,B_WFF_VINTAGE,Working for Families forecast vintage
couple_one_child_partner_10h_area3_rent,"Couple, child aged 9, partner working 10 hours, Area 3 rent.",0,MFTC,NZD/week,0,0,0,0,0,match,MATCH_SNAPSHOT_PRECISION,Match at oracle precision
couple_one_child_partner_10h_area3_rent,"Couple, child aged 9, partner working 10 hours, Area 3 rent.",0,IETC_abated,NZD/week,0,0,0,0,0,match,MATCH_SNAPSHOT_PRECISION,Match at oracle precision
couple_one_child_partner_10h_area3_rent,"Couple, child aged 9, partner working 10 hours, Area 3 rent.",0,WinterEnergy,NZD/week,0,0,0,0,0,match,MATCH_SNAPSHOT_PRECISION,Match at oracle precision
couple_one_child_partner_10h_area3_rent,"Couple, child aged 9, partner working 10 hours, Area 3 rent.",0,BestStart_Total,NZD/week,0,0,0,0,0,match,MATCH_SNAPSHOT_PRECISION,Match at oracle precision
couple_one_child_partner_10h_area3_rent,"Couple, child aged 9, partner working 10 hours, Area 3 rent.",0,AS_Amount,NZD/week,160,160,0,0,0,match,MATCH_SNAPSHOT_PRECISION,Match at oracle precision
couple_one_child_partner_10h_area3_rent,"Couple, child aged 9, partner working 10 hours, Area 3 rent.",0,WFF_abated,NZD/week,241.79589,299.4095890410958904109589041095890410959,57.6136990410958904109589041095890410959,57.6136990410958904109589041095890410959,0.2382741040019162046590572904675469922003,b,B_WFF_VINTAGE,Working for Families forecast vintage
couple_one_child_partner_10h_area3_rent,"Couple, child aged 9, partner working 10 hours, Area 3 rent.",0,Net_Income,NZD/week,564.13339,621.7471369863013698630136986301369863014,57.6137469863013698630136986301369863014,57.6137469863013698630136986301369863014,0.1021278796957956519166747045944878148436,b,B_COMPOUND_NET_INCOME,Compound forecast-vintage level difference
couple_one_child_partner_10h_area3_rent,"Couple, child aged 9, partner working 10 hours, Area 3 rent.",0,Net_Income_annual,NZD/year,29415.526786,32419.67214285714285714285714285714285714,3004.14535685714285714285714285714285714,3004.14535685714285714285714285714285714,0.1021278788822144487819901775753683032185,b,B_COMPOUND_NET_INCOME,Compound forecast-vintage level difference
couple_one_child_partner_10h_area3_rent,"Couple, child aged 9, partner working 10 hours, Area 3 rent.",0,EMTR,ratio,0.1225,0.1224520547945205479452054794520547945,-0.0000479452054794520547945205479452055,0.0000479452054794520547945205479452055,0.0003913894324853228962818003913894326530612,c,C_EMTR_DISCRETE_ROUNDING,EMTR statutory discreteness/period convention
couple_one_child_partner_10h_area3_rent,"Couple, child aged 9, partner working 10 hours, Area 3 rent.",160,gross_wage1,NZD/week,160,160,0,0,0,match,MATCH_SNAPSHOT_PRECISION,Match at oracle precision
couple_one_child_partner_10h_area3_rent,"Couple, child aged 9, partner working 10 hours, Area 3 rent.",160,hours1,hours/week,8.648649,8.648648648648648648648648648648648648649,-0.000000351351351351351351351351351351351,0.000000351351351351351351351351351351351,0.00000004062499834960944204711641683589552541674,match,MATCH_SNAPSHOT_PRECISION,Match at oracle precision
couple_one_child_partner_10h_area3_rent,"Couple, child aged 9, partner working 10 hours, Area 3 rent.",160,gross_wage1_annual,NZD/year,8342.857143,8342.857142857142857142857142857142857142,-0.000000142857142857142857142857142858,0.000000142857142857142857142857142858,0.00000000001712328767093966973166199195675236315143,match,MATCH_SNAPSHOT_PRECISION,Match at oracle precision
couple_one_child_partner_10h_area3_rent,"Couple, child aged 9, partner working 10 hours, Area 3 rent.",160,gross_wage2,NZD/week,185,185,0,0,0,match,MATCH_SNAPSHOT_PRECISION,Match at oracle precision
couple_one_child_partner_10h_area3_rent,"Couple, child aged 9, partner working 10 hours, Area 3 rent.",160,wage1_tax,NZD/week,16.8,16.8,0,0,0,match,MATCH_SNAPSHOT_PRECISION,Match at oracle precision
couple_one_child_partner_10h_area3_rent,"Couple, child aged 9, partner working 10 hours, Area 3 rent.",160,wage1_ACC_levy,NZD/week,2.8,2.8,0,0,0,match,MATCH_SNAPSHOT_PRECISION,Match at oracle precision
couple_one_child_partner_10h_area3_rent,"Couple, child aged 9, partner working 10 hours, Area 3 rent.",160,net_wage1,NZD/week,140.4,140.4,0,0,0,match,MATCH_SNAPSHOT_PRECISION,Match at oracle precision
couple_one_child_partner_10h_area3_rent,"Couple, child aged 9, partner working 10 hours, Area 3 rent.",160,net_wage,NZD/week,302.7375,302.7375479452054794520547945205479452055,0.0000479452054794520547945205479452055,0.0000479452054794520547945205479452055,0.0000001583722052254909114150726221403212353937,c,C_NET_WAGE_ROUNDING,Net-wage rounding propagation
couple_one_child_partner_10h_area3_rent,"Couple, child aged 9, partner working 10 hours, Area 3 rent.",160,net_benefit,NZD/week,0,0,0,0,0,match,MATCH_SNAPSHOT_PRECISION,Match at oracle precision
couple_one_child_partner_10h_area3_rent,"Couple, child aged 9, partner working 10 hours, Area 3 rent.",160,FTC_abated,NZD/week,144.29589,151.9095890410958904109589041095890410959,7.6136990410958904109589041095890410959,7.6136990410958904109589041095890410959,0.05276448997331726087942563096973199372415,b,B_WFF_VINTAGE,Working for Families forecast vintage
couple_one_child_partner_10h_area3_rent,"Couple, child aged 9, partner working 10 hours, Area 3 rent.",160,IWTC_abated,NZD/week,97.5,147.5,50,50,0.5128205128205128205128205128205128205128,b,B_WFF_VINTAGE,Working for Families forecast vintage
couple_one_child_partner_10h_area3_rent,"Couple, child aged 9, partner working 10 hours, Area 3 rent.",160,MFTC,NZD/week,0,0,0,0,0,match,MATCH_SNAPSHOT_PRECISION,Match at oracle precision
couple_one_child_partner_10h_area3_rent,"Couple, child aged 9, partner working 10 hours, Area 3 rent.",160,IETC_abated,NZD/week,0,0,0,0,0,match,MATCH_SNAPSHOT_PRECISION,Match at oracle precision
couple_one_child_partner_10h_area3_rent,"Couple, child aged 9, partner working 10 hours, Area 3 rent.",160,WinterEnergy,NZD/week,0,0,0,0,0,match,MATCH_SNAPSHOT_PRECISION,Match at oracle precision
couple_one_child_partner_10h_area3_rent,"Couple, child aged 9, partner working 10 hours, Area 3 rent.",160,BestStart_Total,NZD/week,0,0,0,0,0,match,MATCH_SNAPSHOT_PRECISION,Match at oracle precision
couple_one_child_partner_10h_area3_rent,"Couple, child aged 9, partner working 10 hours, Area 3 rent.",160,AS_Amount,NZD/week,160,160,0,0,0,match,MATCH_SNAPSHOT_PRECISION,Match at oracle precision
couple_one_child_partner_10h_area3_rent,"Couple, child aged 9, partner working 10 hours, Area 3 rent.",160,WFF_abated,NZD/week,241.79589,299.4095890410958904109589041095890410959,57.6136990410958904109589041095890410959,57.6136990410958904109589041095890410959,0.2382741040019162046590572904675469922003,b,B_WFF_VINTAGE,Working for Families forecast vintage
couple_one_child_partner_10h_area3_rent,"Couple, child aged 9, partner working 10 hours, Area 3 rent.",160,Net_Income,NZD/week,704.53339,762.1471369863013698630136986301369863014,57.6137469863013698630136986301369863014,57.6137469863013698630136986301369863014,0.08177575087860827981909231957074026867825,b,B_COMPOUND_NET_INCOME,Compound forecast-vintage level difference
couple_one_child_partner_10h_area3_rent,"Couple, child aged 9, partner working 10 hours, Area 3 rent.",160,Net_Income_annual,NZD/year,36736.383929,39740.52928571428571428571428571428571429,3004.14535671428571428571428571428571429,3004.14535671428571428571428571428571429,0.08177575023498131936364199482814822893534,b,B_COMPOUND_NET_INCOME,Compound forecast-vintage level difference
couple_one_child_partner_10h_area3_rent,"Couple, child aged 9, partner working 10 hours, Area 3 rent.",160,EMTR,ratio,0.1225,0.1224520547945205479452054794520547945,-0.0000479452054794520547945205479452055,0.0000479452054794520547945205479452055,0.0003913894324853228962818003913894326530612,c,C_EMTR_DISCRETE_ROUNDING,EMTR statutory discreteness/period convention
couple_one_child_partner_10h_area3_rent,"Couple, child aged 9, partner working 10 hours, Area 3 rent.",250,gross_wage1,NZD/week,250,250,0,0,0,match,MATCH_SNAPSHOT_PRECISION,Match at oracle precision
couple_one_child_partner_10h_area3_rent,"Couple, child aged 9, partner working 10 hours, Area 3 rent.",250,hours1,hours/week,13.513514,13.51351351351351351351351351351351351351,-0.00000048648648648648648648648648648649,0.00000048648648648648648648648648648649,0.00000003599999870400004665599832038406072617381,match,MATCH_SNAPSHOT_PRECISION,Match at oracle precision
couple_one_child_partner_10h_area3_rent,"Couple, child aged 9, partner working 10 hours, Area 3 rent.",250,gross_wage1_annual,NZD/year,13035.714286,13035.71428571428571428571428571428571428,-0.00000028571428571428571428571428572,0.00000028571428571428571428571428572,0.00000000002191780821869769187465868072647323439504,match,MATCH_SNAPSHOT_PRECISION,Match at oracle precision
couple_one_child_partner_10h_area3_rent,"Couple, child aged 9, partner working 10 hours, Area 3 rent.",250,gross_wage2,NZD/week,185,185,0,0,0,match,MATCH_SNAPSHOT_PRECISION,Match at oracle precision
couple_one_child_partner_10h_area3_rent,"Couple, child aged 9, partner working 10 hours, Area 3 rent.",250,wage1_tax,NZD/week,26.25,26.25,0,0,0,match,MATCH_SNAPSHOT_PRECISION,Match at oracle precision
couple_one_child_partner_10h_area3_rent,"Couple, child aged 9, partner working 10 hours, Area 3 rent.",250,wage1_ACC_levy,NZD/week,4.375,4.375095890410958904109589041095890410959,0.000095890410958904109589041095890410959,0.000095890410958904109589041095890410959,0.0000219178082191780821917808219178082192,c,C_ACC_ANNUAL_CENTS,ACC period/rounding convention
couple_one_child_partner_10h_area3_rent,"Couple, child aged 9, partner working 10 hours, Area 3 rent.",250,net_wage1,NZD/week,219.375,219.374904109589041095890410958904109589,-0.000095890410958904109589041095890411,0.000095890410958904109589041095890411,0.0000004371072864223549155056004371072866096866,c,C_NET_WAGE_ROUNDING,Net-wage rounding propagation
couple_one_child_partner_10h_area3_rent,"Couple, child aged 9, partner working 10 hours, Area 3 rent.",250,net_wage,NZD/week,381.7125,381.7124520547945205479452054794520547945,-0.0000479452054794520547945205479452055,0.0000479452054794520547945205479452055,0.0000001256055420753893435360920796285306349674,c,C_NET_WAGE_ROUNDING,Net-wage rounding propagation
couple_one_child_partner_10h_area3_rent,"Couple, child aged 9, partner working 10 hours, Area 3 rent.",250,net_benefit,NZD/week,0,0,0,0,0,match,MATCH_SNAPSHOT_PRECISION,Match at oracle precision
couple_one_child_partner_10h_area3_rent,"Couple, child aged 9, partner working 10 hours, Area 3 rent.",250,FTC_abated,NZD/week,144.29589,151.9095890410958904109589041095890410959,7.6136990410958904109589041095890410959,7.6136990410958904109589041095890410959,0.05276448997331726087942563096973199372415,b,B_WFF_VINTAGE,Working for Families forecast vintage
couple_one_child_partner_10h_area3_rent,"Couple, child aged 9, partner working 10 hours, Area 3 rent.",250,IWTC_abated,NZD/week,97.5,147.5,50,50,0.5128205128205128205128205128205128205128,b,B_WFF_VINTAGE,Working for Families forecast vintage
couple_one_child_partner_10h_area3_rent,"Couple, child aged 9, partner working 10 hours, Area 3 rent.",250,MFTC,NZD/week,0,0,0,0,0,match,MATCH_SNAPSHOT_PRECISION,Match at oracle precision
couple_one_child_partner_10h_area3_rent,"Couple, child aged 9, partner working 10 hours, Area 3 rent.",250,IETC_abated,NZD/week,0,0,0,0,0,match,MATCH_SNAPSHOT_PRECISION,Match at oracle precision
couple_one_child_partner_10h_area3_rent,"Couple, child aged 9, partner working 10 hours, Area 3 rent.",250,WinterEnergy,NZD/week,0,0,0,0,0,match,MATCH_SNAPSHOT_PRECISION,Match at oracle precision
couple_one_child_partner_10h_area3_rent,"Couple, child aged 9, partner working 10 hours, Area 3 rent.",250,BestStart_Total,NZD/week,0,0,0,0,0,match,MATCH_SNAPSHOT_PRECISION,Match at oracle precision
couple_one_child_partner_10h_area3_rent,"Couple, child aged 9, partner working 10 hours, Area 3 rent.",250,AS_Amount,NZD/week,160,160,0,0,0,match,MATCH_SNAPSHOT_PRECISION,Match at oracle precision
couple_one_child_partner_10h_area3_rent,"Couple, child aged 9, partner working 10 hours, Area 3 rent.",250,WFF_abated,NZD/week,241.79589,299.4095890410958904109589041095890410959,57.6136990410958904109589041095890410959,57.6136990410958904109589041095890410959,0.2382741040019162046590572904675469922003,b,B_WFF_VINTAGE,Working for Families forecast vintage
couple_one_child_partner_10h_area3_rent,"Couple, child aged 9, partner working 10 hours, Area 3 rent.",250,Net_Income,NZD/week,783.50839,841.1220410958904109589041095890410958904,57.6136510958904109589041095890410958904,57.6136510958904109589041095890410958904,0.07353290894037575138015319732446144691622,b,B_COMPOUND_NET_INCOME,Compound forecast-vintage level difference
couple_one_child_partner_10h_area3_rent,"Couple, child aged 9, partner working 10 hours, Area 3 rent.",250,Net_Income_annual,NZD/year,40854.366071,43858.50642857142857142857142857142857143,3004.14035757142857142857142857142857143,3004.14035757142857142857142857142857143,0.07353290838855734723287591282256684049454,b,B_COMPOUND_NET_INCOME,Compound forecast-vintage level difference
couple_one_child_partner_10h_area3_rent,"Couple, child aged 9, partner working 10 hours, Area 3 rent.",250,EMTR,ratio,0.1225,0.1224520547945205479452054794520547945,-0.0000479452054794520547945205479452055,0.0000479452054794520547945205479452055,0.0003913894324853228962818003913894326530612,c,C_EMTR_DISCRETE_ROUNDING,EMTR statutory discreteness/period convention
couple_one_child_partner_10h_area3_rent,"Couple, child aged 9, partner working 10 hours, Area 3 rent.",370,gross_wage1,NZD/week,370,370,0,0,0,match,MATCH_SNAPSHOT_PRECISION,Match at oracle precision
couple_one_child_partner_10h_area3_rent,"Couple, child aged 9, partner working 10 hours, Area 3 rent.",370,hours1,hours/week,20,20,0,0,0,match,MATCH_SNAPSHOT_PRECISION,Match at oracle precision
couple_one_child_partner_10h_area3_rent,"Couple, child aged 9, partner working 10 hours, Area 3 rent.",370,gross_wage1_annual,NZD/year,19292.857143,19292.85714285714285714285714285714285714,-0.00000014285714285714285714285714286,0.00000014285714285714285714285714286,0.000000000007404664938856685191122867936533707012688,match,MATCH_SNAPSHOT_PRECISION,Match at oracle precision
couple_one_child_partner_10h_area3_rent,"Couple, child aged 9, partner working 10 hours, Area 3 rent.",370,gross_wage2,NZD/week,185,185,0,0,0,match,MATCH_SNAPSHOT_PRECISION,Match at oracle precision
couple_one_child_partner_10h_area3_rent,"Couple, child aged 9, partner working 10 hours, Area 3 rent.",370,wage1_tax,NZD/week,43.807534,43.80753424657534246575342465753424657534,0.00000024657534246575342465753424657534,0.00000024657534246575342465753424657534,0.00000000562860585728823322165393392322288672994,match,MATCH_SNAPSHOT_PRECISION,Match at oracle precision
couple_one_child_partner_10h_area3_rent,"Couple, child aged 9, partner working 10 hours, Area 3 rent.",370,wage1_ACC_levy,NZD/week,6.475,6.475095890410958904109589041095890410959,0.000095890410958904109589041095890410959,0.000095890410958904109589041095890410959,0.00001480932987782302850796001480932987783784,c,C_ACC_ANNUAL_CENTS,ACC period/rounding convention
couple_one_child_partner_10h_area3_rent,"Couple, child aged 9, partner working 10 hours, Area 3 rent.",370,net_wage1,NZD/week,319.717466,319.7173698630136986301369863013698630137,-0.0000961369863013698630136986301369863,0.0000961369863013698630136986301369863,0.0000003006935701828997450320672507049905743967,c,C_NET_WAGE_ROUNDING,Net-wage rounding propagation
couple_one_child_partner_10h_area3_rent,"Couple, child aged 9, partner working 10 hours, Area 3 rent.",370,net_wage,NZD/week,482.054966,482.0549178082191780821917808219178082192,-0.0000481917808219178082191780821917808,0.0000481917808219178082191780821917808,0.00000009997154727354848620972008032748033136122,c,C_NET_WAGE_ROUNDING,Net-wage rounding propagation
couple_one_child_partner_10h_area3_rent,"Couple, child aged 9, partner working 10 hours, Area 3 rent.",370,net_benefit,NZD/week,0,0,0,0,0,match,MATCH_SNAPSHOT_PRECISION,Match at oracle precision
couple_one_child_partner_10h_area3_rent,"Couple, child aged 9, partner working 10 hours, Area 3 rent.",370,FTC_abated,NZD/week,144.29589,151.9095890410958904109589041095890410959,7.6136990410958904109589041095890410959,7.6136990410958904109589041095890410959,0.05276448997331726087942563096973199372415,b,B_WFF_VINTAGE,Working for Families forecast vintage
couple_one_child_partner_10h_area3_rent,"Couple, child aged 9, partner working 10 hours, Area 3 rent.",370,IWTC_abated,NZD/week,97.5,147.5,50,50,0.5128205128205128205128205128205128205128,b,B_WFF_VINTAGE,Working for Families forecast vintage
couple_one_child_partner_10h_area3_rent,"Couple, child aged 9, partner working 10 hours, Area 3 rent.",370,MFTC,NZD/week,210.232534,212.1556111696522655426765015769230769231,1.9230771696522655426765015769230769231,1.9230771696522655426765015769230769231,0.009147381392702356632758379713594076372119,b,B_WFF_VINTAGE,Working for Families forecast vintage
couple_one_child_partner_10h_area3_rent,"Couple, child aged 9, partner working 10 hours, Area 3 rent.",370,IETC_abated,NZD/week,0,0,0,0,0,match,MATCH_SNAPSHOT_PRECISION,Match at oracle precision
couple_one_child_partner_10h_area3_rent,"Couple, child aged 9, partner working 10 hours, Area 3 rent.",370,WinterEnergy,NZD/week,0,0,0,0,0,match,MATCH_SNAPSHOT_PRECISION,Match at oracle precision
couple_one_child_partner_10h_area3_rent,"Couple, child aged 9, partner working 10 hours, Area 3 rent.",370,BestStart_Total,NZD/week,0,0,0,0,0,match,MATCH_SNAPSHOT_PRECISION,Match at oracle precision
couple_one_child_partner_10h_area3_rent,"Couple, child aged 9, partner working 10 hours, Area 3 rent.",370,AS_Amount,NZD/week,160,160,0,0,0,match,MATCH_SNAPSHOT_PRECISION,Match at oracle precision
couple_one_child_partner_10h_area3_rent,"Couple, child aged 9, partner working 10 hours, Area 3 rent.",370,WFF_abated,NZD/week,241.79589,299.4095890410958904109589041095890410959,57.6136990410958904109589041095890410959,57.6136990410958904109589041095890410959,0.2382741040019162046590572904675469922003,b,B_WFF_VINTAGE,Working for Families forecast vintage
couple_one_child_partner_10h_area3_rent,"Couple, child aged 9, partner working 10 hours, Area 3 rent.",370,Net_Income,NZD/week,1094.08339,1153.620118018967334035827186508429926238,59.536728018967334035827186508429926238,59.536728018967334035827186508429926238,0.05441699285734274243559002070987470729996,b,B_COMPOUND_NET_INCOME,Compound forecast-vintage level difference
couple_one_child_partner_10h_area3_rent,"Couple, child aged 9, partner working 10 hours, Area 3 rent.",370,Net_Income_annual,NZD/year,57048.633929,60153.04901098901098901098901079670329669,3104.41508198901098901098901079670329669,3104.41508198901098901098901079670329669,0.05441699245336211649168846499824315357955,b,B_COMPOUND_NET_INCOME,Compound forecast-vintage level difference
couple_one_child_partner_10h_area3_rent,"Couple, child aged 9, partner working 10 hours, Area 3 rent.",370,EMTR,ratio,1.0175,1.017452054794520547945205479452054794,-0.000047945205479452054794520547945206,0.000047945205479452054794520547945206,0.00004712059506580054525260004712059557739558,c,C_EMTR_DISCRETE_ROUNDING,EMTR statutory discreteness/period convention
couple_one_child_partner_10h_area3_rent,"Couple, child aged 9, partner working 10 hours, Area 3 rent.",555,gross_wage1,NZD/week,555,555,0,0,0,match,MATCH_SNAPSHOT_PRECISION,Match at oracle precision
couple_one_child_partner_10h_area3_rent,"Couple, child aged 9, partner working 10 hours, Area 3 rent.",555,hours1,hours/week,30,30,0,0,0,match,MATCH_SNAPSHOT_PRECISION,Match at oracle precision
couple_one_child_partner_10h_area3_rent,"Couple, child aged 9, partner working 10 hours, Area 3 rent.",555,gross_wage1_annual,NZD/year,28939.285714,28939.28571428571428571428571428571428571,0.00000028571428571428571428571428571,0.00000028571428571428571428571428571,0.000000000009872886585312826228165497482050257904303,match,MATCH_SNAPSHOT_PRECISION,Match at oracle precision
couple_one_child_partner_10h_area3_rent,"Couple, child aged 9, partner working 10 hours, Area 3 rent.",555,gross_wage2,NZD/week,185,185,0,0,0,match,MATCH_SNAPSHOT_PRECISION,Match at oracle precision
couple_one_child_partner_10h_area3_rent,"Couple, child aged 9, partner working 10 hours, Area 3 rent.",555,wage1_tax,NZD/week,76.182534,76.18253424657534246575342465753424657535,0.00000024657534246575342465753424657535,0.00000024657534246575342465753424657535,0.000000003236638761133272682391140291754406594036,match,MATCH_SNAPSHOT_PRECISION,Match at oracle precision
couple_one_child_partner_10h_area3_rent,"Couple, child aged 9, partner working 10 hours, Area 3 rent.",555,wage1_ACC_levy,NZD/week,9.7125,9.71254794520547945205479452054794520548,0.00004794520547945205479452054794520548,0.00004794520547945205479452054794520548,0.000004936443292607676169320004936443292664093,c,C_ACC_ANNUAL_CENTS,ACC period/rounding convention
couple_one_child_partner_10h_area3_rent,"Couple, child aged 9, partner working 10 hours, Area 3 rent.",555,net_wage1,NZD/week,469.104966,469.1049178082191780821917808219178082191,-0.0000481917808219178082191780821917809,0.0000481917808219178082191780821917809,0.0000001027313380048886718013939809619941222281,c,C_NET_WAGE_ROUNDING,Net-wage rounding propagation
couple_one_child_partner_10h_area3_rent,"Couple, child aged 9, partner working 10 hours, Area 3 rent.",555,net_wage,NZD/week,631.442466,631.4424657534246575342465753424657534246,-0.0000002465753424657534246575342465754,0.0000002465753424657534246575342465754,0.0000000003904953431905440212466391935308956556622,match,MATCH_SNAPSHOT_PRECISION,Match at oracle precision
couple_one_child_partner_10h_area3_rent,"Couple, child aged 9, partner working 10 hours, Area 3 rent.",555,net_benefit,NZD/week,0,0,0,0,0,match,MATCH_SNAPSHOT_PRECISION,Match at oracle precision
couple_one_child_partner_10h_area3_rent,"Couple, child aged 9, partner working 10 hours, Area 3 rent.",555,FTC_abated,NZD/week,144.29589,151.9095890410958904109589041095890410959,7.6136990410958904109589041095890410959,7.6136990410958904109589041095890410959,0.05276448997331726087942563096973199372415,b,B_WFF_VINTAGE,Working for Families forecast vintage
couple_one_child_partner_10h_area3_rent,"Couple, child aged 9, partner working 10 hours, Area 3 rent.",555,IWTC_abated,NZD/week,97.5,147.5,50,50,0.5128205128205128205128205128205128205128,b,B_WFF_VINTAGE,Working for Families forecast vintage
couple_one_child_partner_10h_area3_rent,"Couple, child aged 9, partner working 10 hours, Area 3 rent.",555,MFTC,NZD/week,57.607534,59.530611169652265542676501575,1.923077169652265542676501575,1.923077169652265542676501575,0.03338239004732029568695826443464842636729,b,B_WFF_VINTAGE,Working for Families forecast vintage
couple_one_child_partner_10h_area3_rent,"Couple, child aged 9, partner working 10 hours, Area 3 rent.",555,IETC_abated,NZD/week,0,0,0,0,0,match,MATCH_SNAPSHOT_PRECISION,Match at oracle precision
couple_one_child_partner_10h_area3_rent,"Couple, child aged 9, partner working 10 hours, Area 3 rent.",555,WinterEnergy,NZD/week,0,0,0,0,0,match,MATCH_SNAPSHOT_PRECISION,Match at oracle precision
couple_one_child_partner_10h_area3_rent,"Couple, child aged 9, partner working 10 hours, Area 3 rent.",555,BestStart_Total,NZD/week,0,0,0,0,0,match,MATCH_SNAPSHOT_PRECISION,Match at oracle precision
couple_one_child_partner_10h_area3_rent,"Couple, child aged 9, partner working 10 hours, Area 3 rent.",555,AS_Amount,NZD/week,160,160,0,0,0,match,MATCH_SNAPSHOT_PRECISION,Match at oracle precision
couple_one_child_partner_10h_area3_rent,"Couple, child aged 9, partner working 10 hours, Area 3 rent.",555,WFF_abated,NZD/week,241.79589,299.4095890410958904109589041095890410959,57.6136990410958904109589041095890410959,57.6136990410958904109589041095890410959,0.2382741040019162046590572904675469922003,b,B_WFF_VINTAGE,Working for Families forecast vintage
couple_one_child_partner_10h_area3_rent,"Couple, child aged 9, partner working 10 hours, Area 3 rent.",555,Net_Income,NZD/week,1090.84589,1150.38266596417281348788198102705479452,59.53677596417281348788198102705479452,59.53677596417281348788198102705479452,0.05457853992938710479798569991133650833116,b,B_COMPOUND_NET_INCOME,Compound forecast-vintage level difference
couple_one_child_partner_10h_area3_rent,"Couple, child aged 9, partner working 10 hours, Area 3 rent.",555,Net_Income_annual,NZD/year,56879.821429,59984.2390109890109890109890106964285714,3104.4175819890109890109890106964285714,3104.4175819890109890109890106964285714,0.05457853952414543521774791278408864871473,b,B_COMPOUND_NET_INCOME,Compound forecast-vintage level difference
couple_one_child_partner_10h_area3_rent,"Couple, child aged 9, partner working 10 hours, Area 3 rent.",555,EMTR,ratio,1.0175,1.017452054794520547945205477534246575,-0.000047945205479452054794522465753425,0.000047945205479452054794522465753425,0.00004712059506580054525260193194439803439803,c,C_EMTR_DISCRETE_ROUNDING,EMTR statutory discreteness/period convention
couple_one_child_partner_10h_area3_rent,"Couple, child aged 9, partner working 10 hours, Area 3 rent.",740,gross_wage1,NZD/week,740,740,0,0,0,match,MATCH_SNAPSHOT_PRECISION,Match at oracle precision
couple_one_child_partner_10h_area3_rent,"Couple, child aged 9, partner working 10 hours, Area 3 rent.",740,hours1,hours/week,40,40,0,0,0,match,MATCH_SNAPSHOT_PRECISION,Match at oracle precision
couple_one_child_partner_10h_area3_rent,"Couple, child aged 9, partner working 10 hours, Area 3 rent.",740,gross_wage1_annual,NZD/year,38585.714286,38585.71428571428571428571428571428571428,-0.00000028571428571428571428571428572,0.00000028571428571428571428571428572,0.000000000007404664938856685191122867936533707012688,match,MATCH_SNAPSHOT_PRECISION,Match at oracle precision
couple_one_child_partner_10h_area3_rent,"Couple, child aged 9, partner working 10 hours, Area 3 rent.",740,gross_wage2,NZD/week,185,185,0,0,0,match,MATCH_SNAPSHOT_PRECISION,Match at oracle precision
couple_one_child_partner_10h_area3_rent,"Couple, child aged 9, partner working 10 hours, Area 3 rent.",740,wage1_tax,NZD/week,108.557534,108.5575342465753424657534246575342465753,0.0000002465753424657534246575342465753,0.0000002465753424657534246575342465753,0.000000002271379363368307764411213012404095325157,match,MATCH_SNAPSHOT_PRECISION,Match at oracle precision
couple_one_child_partner_10h_area3_rent,"Couple, child aged 9, partner working 10 hours, Area 3 rent.",740,wage1_ACC_levy,NZD/week,12.95,12.95,0,0,0,match,MATCH_SNAPSHOT_PRECISION,Match at oracle precision
couple_one_child_partner_10h_area3_rent,"Couple, child aged 9, partner working 10 hours, Area 3 rent.",740,net_wage1,NZD/week,618.492466,618.4924657534246575342465753424657534247,-0.0000002465753424657534246575342465753,0.0000002465753424657534246575342465753,0.0000000003986715376832956032443154231975721431019,match,MATCH_SNAPSHOT_PRECISION,Match at oracle precision
couple_one_child_partner_10h_area3_rent,"Couple, child aged 9, partner working 10 hours, Area 3 rent.",740,net_wage,NZD/week,780.829966,780.8300136986301369863013698630136986302,0.0000476986301369863013698630136986302,0.0000476986301369863013698630136986302,0.00000006108708965325019476758018492675292638551,c,C_NET_WAGE_ROUNDING,Net-wage rounding propagation
couple_one_child_partner_10h_area3_rent,"Couple, child aged 9, partner working 10 hours, Area 3 rent.",740,net_benefit,NZD/week,0,0,0,0,0,match,MATCH_SNAPSHOT_PRECISION,Match at oracle precision
couple_one_child_partner_10h_area3_rent,"Couple, child aged 9, partner working 10 hours, Area 3 rent.",740,FTC_abated,NZD/week,126.72226,134.3367123287671232876712328767123287671,7.6144523287671232876712328767123287671,7.6144523287671232876712328767123287671,0.06008772514605660668986832208257908884438,b,B_WFF_VINTAGE,Working for Families forecast vintage
couple_one_child_partner_10h_area3_rent,"Couple, child aged 9, partner working 10 hours, Area 3 rent.",740,IWTC_abated,NZD/week,97.5,147.5,50,50,0.5128205128205128205128205128205128205128,b,B_WFF_VINTAGE,Working for Families forecast vintage
couple_one_child_partner_10h_area3_rent,"Couple, child aged 9, partner working 10 hours, Area 3 rent.",740,MFTC,NZD/week,0,0,0,0,0,match,MATCH_SNAPSHOT_PRECISION,Match at oracle precision
couple_one_child_partner_10h_area3_rent,"Couple, child aged 9, partner working 10 hours, Area 3 rent.",740,IETC_abated,NZD/week,0,0,0,0,0,match,MATCH_SNAPSHOT_PRECISION,Match at oracle precision
couple_one_child_partner_10h_area3_rent,"Couple, child aged 9, partner working 10 hours, Area 3 rent.",740,WinterEnergy,NZD/week,0,0,0,0,0,match,MATCH_SNAPSHOT_PRECISION,Match at oracle precision
couple_one_child_partner_10h_area3_rent,"Couple, child aged 9, partner working 10 hours, Area 3 rent.",740,BestStart_Total,NZD/week,0,0,0,0,0,match,MATCH_SNAPSHOT_PRECISION,Match at oracle precision
couple_one_child_partner_10h_area3_rent,"Couple, child aged 9, partner working 10 hours, Area 3 rent.",740,AS_Amount,NZD/week,160,160,0,0,0,match,MATCH_SNAPSHOT_PRECISION,Match at oracle precision
couple_one_child_partner_10h_area3_rent,"Couple, child aged 9, partner working 10 hours, Area 3 rent.",740,WFF_abated,NZD/week,224.22226,281.8367123287671232876712328767123287671,57.6144523287671232876712328767123287671,57.6144523287671232876712328767123287671,0.2569524200173841940923761667405918072858,b,B_WFF_VINTAGE,Working for Families forecast vintage
couple_one_child_partner_10h_area3_rent,"Couple, child aged 9, partner working 10 hours, Area 3 rent.",740,Net_Income,NZD/week,1165.052226,1222.666726027397260273972602739726027397,57.614500027397260273972602739726027397,57.614500027397260273972602739726027397,0.04945228955547033157118967020430037562711,b,B_COMPOUND_NET_INCOME,Compound forecast-vintage level difference
couple_one_child_partner_10h_area3_rent,"Couple, child aged 9, partner working 10 hours, Area 3 rent.",740,Net_Income_annual,NZD/year,60749.151786,63753.33642857142857142857142857142857141,3004.18464257142857142857142857142857141,3004.18464257142857142857142857142857141,0.04945228952585574412564146856665098542731,b,B_COMPOUND_NET_INCOME,Compound forecast-vintage level difference
couple_one_child_partner_10h_area3_rent,"Couple, child aged 9, partner working 10 hours, Area 3 rent.",740,EMTR,ratio,0.4675,0.466698630136986301369863013698630137,-0.000801369863013698630136986301369863,0.000801369863013698630136986301369863,0.001714160134788660171416013478866017112299,c,C_EMTR_DISCRETE_ROUNDING,EMTR statutory discreteness/period convention
couple_one_child_partner_10h_area3_rent,"Couple, child aged 9, partner working 10 hours, Area 3 rent.",1000,gross_wage1,NZD/week,1000,1000,0,0,0,match,MATCH_SNAPSHOT_PRECISION,Match at oracle precision
couple_one_child_partner_10h_area3_rent,"Couple, child aged 9, partner working 10 hours, Area 3 rent.",1000,hours1,hours/week,54.054054,54.05405405405405405405405405405405405405,0.00000005405405405405405405405405405405,0.00000005405405405405405405405405405405,0.000000001000000001000000001000000000999925001,match,MATCH_SNAPSHOT_PRECISION,Match at oracle precision
couple_one_child_partner_10h_area3_rent,"Couple, child aged 9, partner working 10 hours, Area 3 rent.",1000,gross_wage1_annual,NZD/year,52142.857143,52142.85714285714285714285714285714285714,-0.00000014285714285714285714285714286,0.00000014285714285714285714285714286,0.000000000002739726027389754175267425331081459108682,match,MATCH_SNAPSHOT_PRECISION,Match at oracle precision
couple_one_child_partner_10h_area3_rent,"Couple, child aged 9, partner working 10 hours, Area 3 rent.",1000,gross_wage2,NZD/week,185,185,0,0,0,match,MATCH_SNAPSHOT_PRECISION,Match at oracle precision
couple_one_child_partner_10h_area3_rent,"Couple, child aged 9, partner working 10 hours, Area 3 rent.",1000,wage1_tax,NZD/week,154.057534,154.0575342465753424657534246575342465754,0.0000002465753424657534246575342465754,0.0000002465753424657534246575342465754,0.00000000160054062961798041410642238746597099237,match,MATCH_SNAPSHOT_PRECISION,Match at oracle precision
couple_one_child_partner_10h_area3_rent,"Couple, child aged 9, partner working 10 hours, Area 3 rent.",1000,wage1_ACC_levy,NZD/week,17.5,17.5,0,0,0,match,MATCH_SNAPSHOT_PRECISION,Match at oracle precision
couple_one_child_partner_10h_area3_rent,"Couple, child aged 9, partner working 10 hours, Area 3 rent.",1000,net_wage1,NZD/week,828.442466,828.4424657534246575342465753424657534246,-0.0000002465753424657534246575342465754,0.0000002465753424657534246575342465754,0.0000000002976372561589007493702456418686291728556,match,MATCH_SNAPSHOT_PRECISION,Match at oracle precision
couple_one_child_partner_10h_area3_rent,"Couple, child aged 9, partner working 10 hours, Area 3 rent.",1000,net_wage,NZD/week,990.779966,990.7800136986301369863013698630136986301,0.0000476986301369863013698630136986301,0.0000476986301369863013698630136986301,0.00000004814250567616574250539802870684014214312,c,C_NET_WAGE_ROUNDING,Net-wage rounding propagation
couple_one_child_partner_10h_area3_rent,"Couple, child aged 9, partner working 10 hours, Area 3 rent.",1000,net_benefit,NZD/week,0,0,0,0,0,match,MATCH_SNAPSHOT_PRECISION,Match at oracle precision
couple_one_child_partner_10h_area3_rent,"Couple, child aged 9, partner working 10 hours, Area 3 rent.",1000,FTC_abated,NZD/week,55.22226,62.83746575342465753424657534246575342466,7.61520575342465753424657534246575342466,7.61520575342465753424657534246575342466,0.1379010158842585858356136699668893200796,b,B_WFF_VINTAGE,Working for Families forecast vintage
couple_one_child_partner_10h_area3_rent,"Couple, child aged 9, partner working 10 hours, Area 3 rent.",1000,IWTC_abated,NZD/week,97.5,147.5,50,50,0.5128205128205128205128205128205128205128,b,B_WFF_VINTAGE,Working for Families forecast vintage
couple_one_child_partner_10h_area3_rent,"Couple, child aged 9, partner working 10 hours, Area 3 rent.",1000,MFTC,NZD/week,0,0,0,0,0,match,MATCH_SNAPSHOT_PRECISION,Match at oracle precision
couple_one_child_partner_10h_area3_rent,"Couple, child aged 9, partner working 10 hours, Area 3 rent.",1000,IETC_abated,NZD/week,0,0,0,0,0,match,MATCH_SNAPSHOT_PRECISION,Match at oracle precision
couple_one_child_partner_10h_area3_rent,"Couple, child aged 9, partner working 10 hours, Area 3 rent.",1000,WinterEnergy,NZD/week,0,0,0,0,0,match,MATCH_SNAPSHOT_PRECISION,Match at oracle precision
couple_one_child_partner_10h_area3_rent,"Couple, child aged 9, partner working 10 hours, Area 3 rent.",1000,BestStart_Total,NZD/week,0,0,0,0,0,match,MATCH_SNAPSHOT_PRECISION,Match at oracle precision
couple_one_child_partner_10h_area3_rent,"Couple, child aged 9, partner working 10 hours, Area 3 rent.",1000,AS_Amount,NZD/week,140.930822,142.82142857142857142857142858,1.89060657142857142857142858,1.89060657142857142857142858,0.01341513903487039498408253504687569338097,b,B_AS_UPSTREAM_VINTAGE,"Accommodation Supplement compound difference, primary vintage"
couple_one_child_partner_10h_area3_rent,"Couple, child aged 9, partner working 10 hours, Area 3 rent.",1000,WFF_abated,NZD/week,152.72226,210.3374657534246575342465753424657534247,57.6152057534246575342465753424657534247,57.6152057534246575342465753424657534247,0.3772548006651070874294721368218735986797,b,B_WFF_VINTAGE,Working for Families forecast vintage
couple_one_child_partner_10h_area3_rent,"Couple, child aged 9, partner working 10 hours, Area 3 rent.",1000,Net_Income,NZD/week,1284.433048,1343.938908023483365949119373785479452055,59.505860023483365949119373785479452055,59.505860023483365949119373785479452055,0.0463285027710400098247233621362562854697,b,B_COMPOUND_NET_INCOME,Compound forecast-vintage level difference
couple_one_child_partner_10h_area3_rent,"Couple, child aged 9, partner working 10 hours, Area 3 rent.",1000,Net_Income_annual,NZD/year,66974.008929,70076.81448979591836734693877595714285715,3102.80556079591836734693877595714285715,3102.80556079591836734693877595714285715,0.04632850280898134777603972412725006905567,b,B_COMPOUND_NET_INCOME,Compound forecast-vintage level difference
couple_one_child_partner_10h_area3_rent,"Couple, child aged 9, partner working 10 hours, Area 3 rent.",1000,EMTR,ratio,0.7175,0.716698630136986301369863013698630137,-0.000801369863013698630136986301369863,0.000801369863013698630136986301369863,0.001116891795141043386950503555916185365854,c,C_EMTR_DISCRETE_ROUNDING,EMTR statutory discreteness/period convention
couple_one_child_partner_10h_area3_rent,"Couple, child aged 9, partner working 10 hours, Area 3 rent.",1500,gross_wage1,NZD/week,1500,1500,0,0,0,match,MATCH_SNAPSHOT_PRECISION,Match at oracle precision
couple_one_child_partner_10h_area3_rent,"Couple, child aged 9, partner working 10 hours, Area 3 rent.",1500,hours1,hours/week,81.081081,81.08108108108108108108108108108108108108,0.00000008108108108108108108108108108108,0.00000008108108108108108108108108108108,0.000000001000000001000000001000000000999986667667,match,MATCH_SNAPSHOT_PRECISION,Match at oracle precision
couple_one_child_partner_10h_area3_rent,"Couple, child aged 9, partner working 10 hours, Area 3 rent.",1500,gross_wage1_annual,NZD/year,78214.285714,78214.28571428571428571428571428571428571,0.00000028571428571428571428571428571,0.00000028571428571428571428571428571,0.000000000003652968036543024540772759906943462136646,match,MATCH_SNAPSHOT_PRECISION,Match at oracle precision
couple_one_child_partner_10h_area3_rent,"Couple, child aged 9, partner working 10 hours, Area 3 rent.",1500,gross_wage2,NZD/week,185,185,0,0,0,match,MATCH_SNAPSHOT_PRECISION,Match at oracle precision
couple_one_child_partner_10h_area3_rent,"Couple, child aged 9, partner working 10 hours, Area 3 rent.",1500,wage1_tax,NZD/week,300.869863,300.8698630136986301369863013753424657534,0.0000000136986301369863013753424657534,0.0000000136986301369863013753424657534,0.00000000004553008400507797411182543647915976217266,match,MATCH_SNAPSHOT_PRECISION,Match at oracle precision
couple_one_child_partner_10h_area3_rent,"Couple, child aged 9, partner working 10 hours, Area 3 rent.",1500,wage1_ACC_levy,NZD/week,26.25,26.25,0,0,0,match,MATCH_SNAPSHOT_PRECISION,Match at oracle precision
couple_one_child_partner_10h_area3_rent,"Couple, child aged 9, partner working 10 hours, Area 3 rent.",1500,net_wage1,NZD/week,1172.880137,1172.880136986301369863013698624657534247,-0.000000013698630136986301375342465753,0.000000013698630136986301375342465753,0.00000000001167948002941267422567193305022267590844,match,MATCH_SNAPSHOT_PRECISION,Match at oracle precision
couple_one_child_partner_10h_area3_rent,"Couple, child aged 9, partner working 10 hours, Area 3 rent.",1500,net_wage,NZD/week,1335.217637,1335.217684931506849315068493145205479452,0.000047931506849315068493145205479452,0.000047931506849315068493145205479452,0.00000003589789823103952040827124385824151602335,c,C_NET_WAGE_ROUNDING,Net-wage rounding propagation
couple_one_child_partner_10h_area3_rent,"Couple, child aged 9, partner working 10 hours, Area 3 rent.",1500,net_benefit,NZD/week,0,0,0,0,0,match,MATCH_SNAPSHOT_PRECISION,Match at oracle precision
couple_one_child_partner_10h_area3_rent,"Couple, child aged 9, partner working 10 hours, Area 3 rent.",1500,FTC_abated,NZD/week,0,0,0,0,0,match,MATCH_SNAPSHOT_PRECISION,Match at oracle precision
couple_one_child_partner_10h_area3_rent,"Couple, child aged 9, partner working 10 hours, Area 3 rent.",1500,IWTC_abated,NZD/week,15.22226,72.83972602739726027397260273972602739726,57.61746602739726027397260273972602739726,57.61746602739726027397260273972602739726,3.785079615470847316625297606250716214101,b,B_WFF_VINTAGE,Working for Families forecast vintage
couple_one_child_partner_10h_area3_rent,"Couple, child aged 9, partner working 10 hours, Area 3 rent.",1500,MFTC,NZD/week,0,0,0,0,0,match,MATCH_SNAPSHOT_PRECISION,Match at oracle precision
couple_one_child_partner_10h_area3_rent,"Couple, child aged 9, partner working 10 hours, Area 3 rent.",1500,IETC_abated,NZD/week,0,0,0,0,0,match,MATCH_SNAPSHOT_PRECISION,Match at oracle precision
couple_one_child_partner_10h_area3_rent,"Couple, child aged 9, partner working 10 hours, Area 3 rent.",1500,WinterEnergy,NZD/week,0,0,0,0,0,match,MATCH_SNAPSHOT_PRECISION,Match at oracle precision
couple_one_child_partner_10h_area3_rent,"Couple, child aged 9, partner working 10 hours, Area 3 rent.",1500,BestStart_Total,NZD/week,0,0,0,0,0,match,MATCH_SNAPSHOT_PRECISION,Match at oracle precision
couple_one_child_partner_10h_area3_rent,"Couple, child aged 9, partner working 10 hours, Area 3 rent.",1500,AS_Amount,NZD/week,15.930822,17.82142857142857142857142858,1.89060657142857142857142858,1.89060657142857142857142858,0.1186760213269956458349373673247996870469,b,B_AS_UPSTREAM_VINTAGE,"Accommodation Supplement compound difference, primary vintage"
couple_one_child_partner_10h_area3_rent,"Couple, child aged 9, partner working 10 hours, Area 3 rent.",1500,WFF_abated,NZD/week,15.22226,72.83972602739726027397260273972602739726,57.61746602739726027397260273972602739726,57.61746602739726027397260273972602739726,3.785079615470847316625297606250716214101,b,B_WFF_VINTAGE,Working for Families forecast vintage
couple_one_child_partner_10h_area3_rent,"Couple, child aged 9, partner working 10 hours, Area 3 rent.",1500,Net_Income,NZD/week,1366.370719,1425.878839530332681017612524464931506849,59.508120530332681017612524464931506849,59.508120530332681017612524464931506849,0.04355195826641004081529393814895670846778,b,B_COMPOUND_NET_INCOME,Compound forecast-vintage level difference
couple_one_child_partner_10h_area3_rent,"Couple, child aged 9, partner working 10 hours, Area 3 rent.",1500,Net_Income_annual,NZD/year,71246.473214,74349.39663265306122448979591852857142855,3102.92341865306122448979591852857142855,3102.92341865306122448979591852857142855,0.04355195813458642624580588995508747469031,b,B_COMPOUND_NET_INCOME,Compound forecast-vintage level difference
couple_one_child_partner_10h_area3_rent,"Couple, child aged 9, partner working 10 hours, Area 3 rent.",1500,EMTR,ratio,0.8725,0.871698630136986301369863016438356165,-0.000801369863013698630136983561643835,0.000801369863013698630136983561643835,0.0009184754876947835302429611021705845272206,c,C_EMTR_DISCRETE_ROUNDING,EMTR statutory discreteness/period convention
single_no_children_area2_no_housing_costs,"Single adult, no children, no qualifying housing costs.",0,gross_wage1,NZD/week,0,0,0,0,0,match,MATCH_SNAPSHOT_PRECISION,Match at oracle precision
single_no_children_area2_no_housing_costs,"Single adult, no children, no qualifying housing costs.",0,hours1,hours/week,0,0,0,0,0,match,MATCH_SNAPSHOT_PRECISION,Match at oracle precision
single_no_children_area2_no_housing_costs,"Single adult, no children, no qualifying housing costs.",0,gross_wage1_annual,NZD/year,0,0,0,0,0,match,MATCH_SNAPSHOT_PRECISION,Match at oracle precision
single_no_children_area2_no_housing_costs,"Single adult, no children, no qualifying housing costs.",0,gross_wage2,NZD/week,0,0,0,0,0,match,MATCH_SNAPSHOT_PRECISION,Match at oracle precision
single_no_children_area2_no_housing_costs,"Single adult, no children, no qualifying housing costs.",0,wage1_tax,NZD/week,0,0,0,0,0,match,MATCH_SNAPSHOT_PRECISION,Match at oracle precision
single_no_children_area2_no_housing_costs,"Single adult, no children, no qualifying housing costs.",0,wage1_ACC_levy,NZD/week,0,0,0,0,0,match,MATCH_SNAPSHOT_PRECISION,Match at oracle precision
single_no_children_area2_no_housing_costs,"Single adult, no children, no qualifying housing costs.",0,net_wage1,NZD/week,0,0,0,0,0,match,MATCH_SNAPSHOT_PRECISION,Match at oracle precision
single_no_children_area2_no_housing_costs,"Single adult, no children, no qualifying housing costs.",0,net_wage,NZD/week,0,0,0,0,0,match,MATCH_SNAPSHOT_PRECISION,Match at oracle precision
single_no_children_area2_no_housing_costs,"Single adult, no children, no qualifying housing costs.",0,net_benefit,NZD/week,369.6,372.55,2.95,2.95,0.007981601731601731601731601731601731601732,b,B_BENEFIT_VINTAGE,Main-benefit forecast vintage
single_no_children_area2_no_housing_costs,"Single adult, no children, no qualifying housing costs.",0,FTC_abated,NZD/week,0,0,0,0,0,match,MATCH_SNAPSHOT_PRECISION,Match at oracle precision
single_no_children_area2_no_housing_costs,"Single adult, no children, no qualifying housing costs.",0,IWTC_abated,NZD/week,0,0,0,0,0,match,MATCH_SNAPSHOT_PRECISION,Match at oracle precision
single_no_children_area2_no_housing_costs,"Single adult, no children, no qualifying housing costs.",0,MFTC,NZD/week,0,0,0,0,0,match,MATCH_SNAPSHOT_PRECISION,Match at oracle precision
single_no_children_area2_no_housing_costs,"Single adult, no children, no qualifying housing costs.",0,IETC_abated,NZD/week,0,0,0,0,0,match,MATCH_SNAPSHOT_PRECISION,Match at oracle precision
single_no_children_area2_no_housing_costs,"Single adult, no children, no qualifying housing costs.",0,WinterEnergy,NZD/week,8.630137,8.63013698630136986301369863013698630137,-0.00000001369863013698630136986301369863,0.00000001369863013698630136986301369863,0.000000001587301584782060976536411148354887066103,match,MATCH_SNAPSHOT_PRECISION,Match at oracle precision
single_no_children_area2_no_housing_costs,"Single adult, no children, no qualifying housing costs.",0,BestStart_Total,NZD/week,0,0,0,0,0,match,MATCH_SNAPSHOT_PRECISION,Match at oracle precision
single_no_children_area2_no_housing_costs,"Single adult, no children, no qualifying housing costs.",0,AS_Amount,NZD/week,0,0,0,0,0,match,MATCH_SNAPSHOT_PRECISION,Match at oracle precision
single_no_children_area2_no_housing_costs,"Single adult, no children, no qualifying housing costs.",0,WFF_abated,NZD/week,0,0,0,0,0,match,MATCH_SNAPSHOT_PRECISION,Match at oracle precision
single_no_children_area2_no_housing_costs,"Single adult, no children, no qualifying housing costs.",0,Net_Income,NZD/week,378.230137,381.1801369863013698630136986301369863014,2.9499999863013698630136986301369863014,2.9499999863013698630136986301369863014,0.0077994842232822126043692246293345638436,b,B_COMPOUND_NET_INCOME,Compound forecast-vintage level difference
single_no_children_area2_no_housing_costs,"Single adult, no children, no qualifying housing costs.",0,Net_Income_annual,NZD/year,19722,19875.82142857142857142857142857142857143,153.82142857142857142857142857142857143,153.82142857142857142857142857142857143,0.007799484259782403986845727034348877975357,b,B_COMPOUND_NET_INCOME,Compound forecast-vintage level difference
single_no_children_area2_no_housing_costs,"Single adult, no children, no qualifying housing costs.",0,EMTR,ratio,0.1925,0.1924520547945205479452054775342465753,-0.0000479452054794520547945224657534247,0.0000479452054794520547945224657534247,0.0002490660024906600249066102117061023376623,c,C_EMTR_DISCRETE_ROUNDING,EMTR statutory discreteness/period convention
single_no_children_area2_no_housing_costs,"Single adult, no children, no qualifying housing costs.",160,gross_wage1,NZD/week,160,160,0,0,0,match,MATCH_SNAPSHOT_PRECISION,Match at oracle precision
single_no_children_area2_no_housing_costs,"Single adult, no children, no qualifying housing costs.",160,hours1,hours/week,8.648649,8.648648648648648648648648648648648648649,-0.000000351351351351351351351351351351351,0.000000351351351351351351351351351351351,0.00000004062499834960944204711641683589552541674,match,MATCH_SNAPSHOT_PRECISION,Match at oracle precision
single_no_children_area2_no_housing_costs,"Single adult, no children, no qualifying housing costs.",160,gross_wage1_annual,NZD/year,8342.857143,8342.857142857142857142857142857142857142,-0.000000142857142857142857142857142858,0.000000142857142857142857142857142858,0.00000000001712328767093966973166199195675236315143,match,MATCH_SNAPSHOT_PRECISION,Match at oracle precision
single_no_children_area2_no_housing_costs,"Single adult, no children, no qualifying housing costs.",160,gross_wage2,NZD/week,0,0,0,0,0,match,MATCH_SNAPSHOT_PRECISION,Match at oracle precision
single_no_children_area2_no_housing_costs,"Single adult, no children, no qualifying housing costs.",160,wage1_tax,NZD/week,28,28,0,0,0,match,MATCH_SNAPSHOT_PRECISION,Match at oracle precision
single_no_children_area2_no_housing_costs,"Single adult, no children, no qualifying housing costs.",160,wage1_ACC_levy,NZD/week,2.8,2.8,0,0,0,match,MATCH_SNAPSHOT_PRECISION,Match at oracle precision
single_no_children_area2_no_housing_costs,"Single adult, no children, no qualifying housing costs.",160,net_wage1,NZD/week,129.2,129.2,0,0,0,match,MATCH_SNAPSHOT_PRECISION,Match at oracle precision
single_no_children_area2_no_housing_costs,"Single adult, no children, no qualifying housing costs.",160,net_wage,NZD/week,129.2,129.2,0,0,0,match,MATCH_SNAPSHOT_PRECISION,Match at oracle precision
single_no_children_area2_no_housing_costs,"Single adult, no children, no qualifying housing costs.",160,net_benefit,NZD/week,369.6,372.55,2.95,2.95,0.007981601731601731601731601731601731601732,b,B_BENEFIT_VINTAGE,Main-benefit forecast vintage
single_no_children_area2_no_housing_costs,"Single adult, no children, no qualifying housing costs.",160,FTC_abated,NZD/week,0,0,0,0,0,match,MATCH_SNAPSHOT_PRECISION,Match at oracle precision
single_no_children_area2_no_housing_costs,"Single adult, no children, no qualifying housing costs.",160,IWTC_abated,NZD/week,0,0,0,0,0,match,MATCH_SNAPSHOT_PRECISION,Match at oracle precision
single_no_children_area2_no_housing_costs,"Single adult, no children, no qualifying housing costs.",160,MFTC,NZD/week,0,0,0,0,0,match,MATCH_SNAPSHOT_PRECISION,Match at oracle precision
single_no_children_area2_no_housing_costs,"Single adult, no children, no qualifying housing costs.",160,IETC_abated,NZD/week,0,0,0,0,0,match,MATCH_SNAPSHOT_PRECISION,Match at oracle precision
single_no_children_area2_no_housing_costs,"Single adult, no children, no qualifying housing costs.",160,WinterEnergy,NZD/week,8.630137,8.63013698630136986301369863013698630137,-0.00000001369863013698630136986301369863,0.00000001369863013698630136986301369863,0.000000001587301584782060976536411148354887066103,match,MATCH_SNAPSHOT_PRECISION,Match at oracle precision
single_no_children_area2_no_housing_costs,"Single adult, no children, no qualifying housing costs.",160,BestStart_Total,NZD/week,0,0,0,0,0,match,MATCH_SNAPSHOT_PRECISION,Match at oracle precision
single_no_children_area2_no_housing_costs,"Single adult, no children, no qualifying housing costs.",160,AS_Amount,NZD/week,0,0,0,0,0,match,MATCH_SNAPSHOT_PRECISION,Match at oracle precision
single_no_children_area2_no_housing_costs,"Single adult, no children, no qualifying housing costs.",160,WFF_abated,NZD/week,0,0,0,0,0,match,MATCH_SNAPSHOT_PRECISION,Match at oracle precision
single_no_children_area2_no_housing_costs,"Single adult, no children, no qualifying housing costs.",160,Net_Income,NZD/week,507.430137,510.3801369863013698630136986301369863014,2.9499999863013698630136986301369863014,2.9499999863013698630136986301369863014,0.005813608162381119793469615365271429082266,b,B_COMPOUND_NET_INCOME,Compound forecast-vintage level difference
single_no_children_area2_no_housing_costs,"Single adult, no children, no qualifying housing costs.",160,Net_Income_annual,NZD/year,26458.857143,26612.67857142857142857142857142857142857,153.82142842857142857142857142857142857,153.82142842857142857142857142857142857,0.005813608184103548322008813962799339060251,b,B_COMPOUND_NET_INCOME,Compound forecast-vintage level difference
single_no_children_area2_no_housing_costs,"Single adult, no children, no qualifying housing costs.",160,EMTR,ratio,0.8925,0.8924520547945205479452054794520547945,-0.0000479452054794520547945205479452055,0.0000479452054794520547945205479452055,0.00005372011818426000537201181842600056022409,c,C_EMTR_DISCRETE_ROUNDING,EMTR statutory discreteness/period convention
single_no_children_area2_no_housing_costs,"Single adult, no children, no qualifying housing costs.",250,gross_wage1,NZD/week,250,250,0,0,0,match,MATCH_SNAPSHOT_PRECISION,Match at oracle precision
single_no_children_area2_no_housing_costs,"Single adult, no children, no qualifying housing costs.",250,hours1,hours/week,13.513514,13.51351351351351351351351351351351351351,-0.00000048648648648648648648648648648649,0.00000048648648648648648648648648648649,0.00000003599999870400004665599832038406072617381,match,MATCH_SNAPSHOT_PRECISION,Match at oracle precision
single_no_children_area2_no_housing_costs,"Single adult, no children, no qualifying housing costs.",250,gross_wage1_annual,NZD/year,13035.714286,13035.71428571428571428571428571428571428,-0.00000028571428571428571428571428572,0.00000028571428571428571428571428572,0.00000000002191780821869769187465868072647323439504,match,MATCH_SNAPSHOT_PRECISION,Match at oracle precision
single_no_children_area2_no_housing_costs,"Single adult, no children, no qualifying housing costs.",250,gross_wage2,NZD/week,0,0,0,0,0,match,MATCH_SNAPSHOT_PRECISION,Match at oracle precision
single_no_children_area2_no_housing_costs,"Single adult, no children, no qualifying housing costs.",250,wage1_tax,NZD/week,43.75,43.75000000000000000000000000191780821918,0.00000000000000000000000000191780821918,0.00000000000000000000000000191780821918,0.0000000000000000000000000000438356164384,match,MATCH_SNAPSHOT_PRECISION,Match at oracle precision
single_no_children_area2_no_housing_costs,"Single adult, no children, no qualifying housing costs.",250,wage1_ACC_levy,NZD/week,4.375,4.375095890410958904109589041095890410959,0.000095890410958904109589041095890410959,0.000095890410958904109589041095890410959,0.0000219178082191780821917808219178082192,c,C_ACC_ANNUAL_CENTS,ACC period/rounding convention
single_no_children_area2_no_housing_costs,"Single adult, no children, no qualifying housing costs.",250,net_wage1,NZD/week,201.875,201.8749041095890410958904109569863013698,-0.0000958904109589041095890430136986302,0.0000958904109589041095890430136986302,0.0000004749989397345095211841139997455365944272,c,C_NET_WAGE_ROUNDING,Net-wage rounding propagation
single_no_children_area2_no_housing_costs,"Single adult, no children, no qualifying housing costs.",250,net_wage,NZD/week,201.875,201.8749041095890410958904109569863013698,-0.0000958904109589041095890430136986302,0.0000958904109589041095890430136986302,0.0000004749989397345095211841139997455365944272,c,C_NET_WAGE_ROUNDING,Net-wage rounding propagation
single_no_children_area2_no_housing_costs,"Single adult, no children, no qualifying housing costs.",250,net_benefit,NZD/week,306.6,309.55,2.95,2.95,0.009621656881930854533594259621656881930855,b,B_BENEFIT_VINTAGE,Main-benefit forecast vintage
single_no_children_area2_no_housing_costs,"Single adult, no children, no qualifying housing costs.",250,FTC_abated,NZD/week,0,0,0,0,0,match,MATCH_SNAPSHOT_PRECISION,Match at oracle precision
single_no_children_area2_no_housing_costs,"Single adult, no children, no qualifying housing costs.",250,IWTC_abated,NZD/week,0,0,0,0,0,match,MATCH_SNAPSHOT_PRECISION,Match at oracle precision
single_no_children_area2_no_housing_costs,"Single adult, no children, no qualifying housing costs.",250,MFTC,NZD/week,0,0,0,0,0,match,MATCH_SNAPSHOT_PRECISION,Match at oracle precision
single_no_children_area2_no_housing_costs,"Single adult, no children, no qualifying housing costs.",250,IETC_abated,NZD/week,0,0,0,0,0,match,MATCH_SNAPSHOT_PRECISION,Match at oracle precision
single_no_children_area2_no_housing_costs,"Single adult, no children, no qualifying housing costs.",250,WinterEnergy,NZD/week,8.630137,8.63013698630136986301369863013698630137,-0.00000001369863013698630136986301369863,0.00000001369863013698630136986301369863,0.000000001587301584782060976536411148354887066103,match,MATCH_SNAPSHOT_PRECISION,Match at oracle precision
single_no_children_area2_no_housing_costs,"Single adult, no children, no qualifying housing costs.",250,BestStart_Total,NZD/week,0,0,0,0,0,match,MATCH_SNAPSHOT_PRECISION,Match at oracle precision
single_no_children_area2_no_housing_costs,"Single adult, no children, no qualifying housing costs.",250,AS_Amount,NZD/week,0,0,0,0,0,match,MATCH_SNAPSHOT_PRECISION,Match at oracle precision
single_no_children_area2_no_housing_costs,"Single adult, no children, no qualifying housing costs.",250,WFF_abated,NZD/week,0,0,0,0,0,match,MATCH_SNAPSHOT_PRECISION,Match at oracle precision
single_no_children_area2_no_housing_costs,"Single adult, no children, no qualifying housing costs.",250,Net_Income,NZD/week,517.105137,520.0550410958904109589041095871232876712,2.9499040958904109589041095871232876712,2.9499040958904109589041095871232876712,0.005704650533940472068650344092642977691401,b,B_COMPOUND_NET_INCOME,Compound forecast-vintage level difference
single_no_children_area2_no_housing_costs,"Single adult, no children, no qualifying housing costs.",250,Net_Income_annual,NZD/year,26963.339286,27117.15571428571428571428571418571428571,153.81642828571428571428571418571428571,153.81642828571428571428571418571428571,0.005704650549925742818258646236793650147966,b,B_COMPOUND_NET_INCOME,Compound forecast-vintage level difference
single_no_children_area2_no_housing_costs,"Single adult, no children, no qualifying housing costs.",250,EMTR,ratio,0.8925,0.8924520547945205479452054775342465753,-0.0000479452054794520547945224657534247,0.0000479452054794520547945224657534247,0.00005372011818426000537201396723072795518207,c,C_EMTR_DISCRETE_ROUNDING,EMTR statutory discreteness/period convention
single_no_children_area2_no_housing_costs,"Single adult, no children, no qualifying housing costs.",370,gross_wage1,NZD/week,370,370,0,0,0,match,MATCH_SNAPSHOT_PRECISION,Match at oracle precision
single_no_children_area2_no_housing_costs,"Single adult, no children, no qualifying housing costs.",370,hours1,hours/week,20,20,0,0,0,match,MATCH_SNAPSHOT_PRECISION,Match at oracle precision
single_no_children_area2_no_housing_costs,"Single adult, no children, no qualifying housing costs.",370,gross_wage1_annual,NZD/year,19292.857143,19292.85714285714285714285714285714285714,-0.00000014285714285714285714285714286,0.00000014285714285714285714285714286,0.000000000007404664938856685191122867936533707012688,match,MATCH_SNAPSHOT_PRECISION,Match at oracle precision
single_no_children_area2_no_housing_costs,"Single adult, no children, no qualifying housing costs.",370,gross_wage2,NZD/week,0,0,0,0,0,match,MATCH_SNAPSHOT_PRECISION,Match at oracle precision
single_no_children_area2_no_housing_costs,"Single adult, no children, no qualifying housing costs.",370,wage1_tax,NZD/week,61.21759,61.44831636948037039871431851315068493151,0.23072636948037039871431851315068493151,0.23072636948037039871431851315068493151,0.003768955450228772460894303633166299612742,b,B_BENEFIT_GROSSUP_TAX,Benefit-vintage tax interaction
single_no_children_area2_no_housing_costs,"Single adult, no children, no qualifying housing costs.",370,wage1_ACC_levy,NZD/week,6.475,6.475095890410958904109589041095890410959,0.000095890410958904109589041095890410959,0.000095890410958904109589041095890410959,0.00001480932987782302850796001480932987783784,c,C_ACC_ANNUAL_CENTS,ACC period/rounding convention
single_no_children_area2_no_housing_costs,"Single adult, no children, no qualifying housing costs.",370,net_wage1,NZD/week,302.30741,302.0765877401086706971760924457534246575,-0.2308222598913293028239075542465753425,0.2308222598913293028239075542465753425,0.0007635349060458997773951606222506267461324,b,B_BENEFIT_GROSSUP_TAX,Benefit-vintage tax interaction
single_no_children_area2_no_housing_costs,"Single adult, no children, no qualifying housing costs.",370,net_wage,NZD/week,302.30741,302.0765877401086706971760924457534246575,-0.2308222598913293028239075542465753425,0.2308222598913293028239075542465753425,0.0007635349060458997773951606222506267461324,b,B_BENEFIT_GROSSUP_TAX,Benefit-vintage tax interaction
single_no_children_area2_no_housing_costs,"Single adult, no children, no qualifying housing costs.",370,net_benefit,NZD/week,222.6,225.55,2.95,2.95,0.01325247079964061096136567834681042228212,b,B_BENEFIT_VINTAGE,Main-benefit forecast vintage
single_no_children_area2_no_housing_costs,"Single adult, no children, no qualifying housing costs.",370,FTC_abated,NZD/week,0,0,0,0,0,match,MATCH_SNAPSHOT_PRECISION,Match at oracle precision
single_no_children_area2_no_housing_costs,"Single adult, no children, no qualifying housing costs.",370,IWTC_abated,NZD/week,0,0,0,0,0,match,MATCH_SNAPSHOT_PRECISION,Match at oracle precision
single_no_children_area2_no_housing_costs,"Single adult, no children, no qualifying housing costs.",370,MFTC,NZD/week,0,0,0,0,0,match,MATCH_SNAPSHOT_PRECISION,Match at oracle precision
single_no_children_area2_no_housing_costs,"Single adult, no children, no qualifying housing costs.",370,IETC_abated,NZD/week,0,0,0,0,0,match,MATCH_SNAPSHOT_PRECISION,Match at oracle precision
single_no_children_area2_no_housing_costs,"Single adult, no children, no qualifying housing costs.",370,WinterEnergy,NZD/week,8.630137,8.63013698630136986301369863013698630137,-0.00000001369863013698630136986301369863,0.00000001369863013698630136986301369863,0.000000001587301584782060976536411148354887066103,match,MATCH_SNAPSHOT_PRECISION,Match at oracle precision
single_no_children_area2_no_housing_costs,"Single adult, no children, no qualifying housing costs.",370,BestStart_Total,NZD/week,0,0,0,0,0,match,MATCH_SNAPSHOT_PRECISION,Match at oracle precision
single_no_children_area2_no_housing_costs,"Single adult, no children, no qualifying housing costs.",370,AS_Amount,NZD/week,0,0,0,0,0,match,MATCH_SNAPSHOT_PRECISION,Match at oracle precision
single_no_children_area2_no_housing_costs,"Single adult, no children, no qualifying housing costs.",370,WFF_abated,NZD/week,0,0,0,0,0,match,MATCH_SNAPSHOT_PRECISION,Match at oracle precision
single_no_children_area2_no_housing_costs,"Single adult, no children, no qualifying housing costs.",370,Net_Income,NZD/week,533.537547,536.2567247264100405601897910758904109589,2.7191777264100405601897910758904109589,2.7191777264100405601897910758904109589,0.005096506781386916261752410605678349679296,b,B_COMPOUND_NET_INCOME,Compound forecast-vintage level difference
single_no_children_area2_no_housing_costs,"Single adult, no children, no qualifying housing costs.",370,Net_Income_annual,NZD/year,27820.172087,27961.95778930566640063846767752857142857,141.78570230566640063846767752857142857,141.78570230566640063846767752857142857,0.00509650701880169144902197302962971526532,b,B_COMPOUND_NET_INCOME,Compound forecast-vintage level difference
single_no_children_area2_no_housing_costs,"Single adult, no children, no qualifying housing costs.",370,EMTR,ratio,0.837751,0.8377034514425652406826356457534246575,-0.0000475485574347593173643542465753425,0.0000475485574347593173643542465753425,0.00005675738666353047309326308959982441083329,c,C_EMTR_DISCRETE_ROUNDING,EMTR statutory discreteness/period convention
single_no_children_area2_no_housing_costs,"Single adult, no children, no qualifying housing costs.",555,gross_wage1,NZD/week,555,555,0,0,0,match,MATCH_SNAPSHOT_PRECISION,Match at oracle precision
single_no_children_area2_no_housing_costs,"Single adult, no children, no qualifying housing costs.",555,hours1,hours/week,30,30,0,0,0,match,MATCH_SNAPSHOT_PRECISION,Match at oracle precision
single_no_children_area2_no_housing_costs,"Single adult, no children, no qualifying housing costs.",555,gross_wage1_annual,NZD/year,28939.285714,28939.28571428571428571428571428571428571,0.00000028571428571428571428571428571,0.00000028571428571428571428571428571,0.000000000009872886585312826228165497482050257904303,match,MATCH_SNAPSHOT_PRECISION,Match at oracle precision
single_no_children_area2_no_housing_costs,"Single adult, no children, no qualifying housing costs.",555,gross_wage2,NZD/week,0,0,0,0,0,match,MATCH_SNAPSHOT_PRECISION,Match at oracle precision
single_no_children_area2_no_housing_costs,"Single adult, no children, no qualifying housing costs.",555,wage1_tax,NZD/week,83.464098,83.69482474936863855513889951690410958905,0.23072674936863855513889951690410958905,0.23072674936863855513889951690410958905,0.002764383188669199481900583373034350518591,b,B_BENEFIT_GROSSUP_TAX,Benefit-vintage tax interaction
single_no_children_area2_no_housing_costs,"Single adult, no children, no qualifying housing costs.",555,wage1_ACC_levy,NZD/week,9.7125,9.71254794520547945205479452054794520548,0.00004794520547945205479452054794520548,0.00004794520547945205479452054794520548,0.000004936443292607676169320004936443292664093,c,C_ACC_ANNUAL_CENTS,ACC period/rounding convention
single_no_children_area2_no_housing_costs,"Single adult, no children, no qualifying housing costs.",555,net_wage1,NZD/week,461.823402,461.5926273054258819928063059625479452055,-0.2307746945741180071936940374520547945,0.2307746945741180071936940374520547945,0.0004997033358957370618340688535572625540098,b,B_BENEFIT_GROSSUP_TAX,Benefit-vintage tax interaction
single_no_children_area2_no_housing_costs,"Single adult, no children, no qualifying housing costs.",555,net_wage,NZD/week,461.823402,461.5926273054258819928063059625479452055,-0.2307746945741180071936940374520547945,0.2307746945741180071936940374520547945,0.0004997033358957370618340688535572625540098,b,B_BENEFIT_GROSSUP_TAX,Benefit-vintage tax interaction
single_no_children_area2_no_housing_costs,"Single adult, no children, no qualifying housing costs.",555,net_benefit,NZD/week,93.1,96.05,2.95,2.95,0.03168635875402792696025778732545649838883,b,B_BENEFIT_VINTAGE,Main-benefit forecast vintage
single_no_children_area2_no_housing_costs,"Single adult, no children, no qualifying housing costs.",555,FTC_abated,NZD/week,0,0,0,0,0,match,MATCH_SNAPSHOT_PRECISION,Match at oracle precision
single_no_children_area2_no_housing_costs,"Single adult, no children, no qualifying housing costs.",555,IWTC_abated,NZD/week,0,0,0,0,0,match,MATCH_SNAPSHOT_PRECISION,Match at oracle precision
single_no_children_area2_no_housing_costs,"Single adult, no children, no qualifying housing costs.",555,MFTC,NZD/week,0,0,0,0,0,match,MATCH_SNAPSHOT_PRECISION,Match at oracle precision
single_no_children_area2_no_housing_costs,"Single adult, no children, no qualifying housing costs.",555,IETC_abated,NZD/week,0,0,0,0,0,match,MATCH_SNAPSHOT_PRECISION,Match at oracle precision
single_no_children_area2_no_housing_costs,"Single adult, no children, no qualifying housing costs.",555,WinterEnergy,NZD/week,8.630137,8.63013698630136986301369863013698630137,-0.00000001369863013698630136986301369863,0.00000001369863013698630136986301369863,0.000000001587301584782060976536411148354887066103,match,MATCH_SNAPSHOT_PRECISION,Match at oracle precision
single_no_children_area2_no_housing_costs,"Single adult, no children, no qualifying housing costs.",555,BestStart_Total,NZD/week,0,0,0,0,0,match,MATCH_SNAPSHOT_PRECISION,Match at oracle precision
single_no_children_area2_no_housing_costs,"Single adult, no children, no qualifying housing costs.",555,AS_Amount,NZD/week,0,0,0,0,0,match,MATCH_SNAPSHOT_PRECISION,Match at oracle precision
single_no_children_area2_no_housing_costs,"Single adult, no children, no qualifying housing costs.",555,WFF_abated,NZD/week,0,0,0,0,0,match,MATCH_SNAPSHOT_PRECISION,Match at oracle precision
single_no_children_area2_no_housing_costs,"Single adult, no children, no qualifying housing costs.",555,Net_Income,NZD/week,563.553538,566.2727642917272518558200045926849315069,2.7192262917272518558200045926849315069,2.7192262917272518558200045926849315069,0.004825142791894337917935322398215396363815,b,B_COMPOUND_NET_INCOME,Compound forecast-vintage level difference
single_no_children_area2_no_housing_costs,"Single adult, no children, no qualifying housing costs.",555,Net_Income_annual,NZD/year,29385.29165,29527.07985235434956105347166804714285714,141.78820235434956105347166804714285714,141.78820235434956105347166804714285714,0.004825141912598630310122229739623593531358,b,B_COMPOUND_NET_INCOME,Compound forecast-vintage level difference
single_no_children_area2_no_housing_costs,"Single adult, no children, no qualifying housing costs.",555,EMTR,ratio,0.837751,0.8377034514425652406826356486301369863,-0.0000475485574347593173643513698630137,0.0000475485574347593173643513698630137,0.0000567573866635304730932596557485621622654,c,C_EMTR_DISCRETE_ROUNDING,EMTR statutory discreteness/period convention
single_no_children_area2_no_housing_costs,"Single adult, no children, no qualifying housing costs.",740,gross_wage1,NZD/week,740,740,0,0,0,match,MATCH_SNAPSHOT_PRECISION,Match at oracle precision
single_no_children_area2_no_housing_costs,"Single adult, no children, no qualifying housing costs.",740,hours1,hours/week,40,40,0,0,0,match,MATCH_SNAPSHOT_PRECISION,Match at oracle precision
single_no_children_area2_no_housing_costs,"Single adult, no children, no qualifying housing costs.",740,gross_wage1_annual,NZD/year,38585.714286,38585.71428571428571428571428571428571428,-0.00000028571428571428571428571428572,0.00000028571428571428571428571428572,0.000000000007404664938856685191122867936533707012688,match,MATCH_SNAPSHOT_PRECISION,Match at oracle precision
single_no_children_area2_no_housing_costs,"Single adult, no children, no qualifying housing costs.",740,gross_wage2,NZD/week,0,0,0,0,0,match,MATCH_SNAPSHOT_PRECISION,Match at oracle precision
single_no_children_area2_no_housing_costs,"Single adult, no children, no qualifying housing costs.",740,wage1_tax,NZD/week,108.557534,108.5575342465753424657534246575342465753,0.0000002465753424657534246575342465753,0.0000002465753424657534246575342465753,0.000000002271379363368307764411213012404095325157,match,MATCH_SNAPSHOT_PRECISION,Match at oracle precision
single_no_children_area2_no_housing_costs,"Single adult, no children, no qualifying housing costs.",740,wage1_ACC_levy,NZD/week,12.95,12.95,0,0,0,match,MATCH_SNAPSHOT_PRECISION,Match at oracle precision
single_no_children_area2_no_housing_costs,"Single adult, no children, no qualifying housing costs.",740,net_wage1,NZD/week,618.492466,618.4924657534246575342465753424657534247,-0.0000002465753424657534246575342465753,0.0000002465753424657534246575342465753,0.0000000003986715376832956032443154231975721431019,match,MATCH_SNAPSHOT_PRECISION,Match at oracle precision
single_no_children_area2_no_housing_costs,"Single adult, no children, no qualifying housing costs.",740,net_wage,NZD/week,618.492466,618.4924657534246575342465753424657534247,-0.0000002465753424657534246575342465753,0.0000002465753424657534246575342465753,0.0000000003986715376832956032443154231975721431019,match,MATCH_SNAPSHOT_PRECISION,Match at oracle precision
single_no_children_area2_no_housing_costs,"Single adult, no children, no qualifying housing costs.",740,net_benefit,NZD/week,0,0,0,0,0,match,MATCH_SNAPSHOT_PRECISION,Match at oracle precision
single_no_children_area2_no_housing_costs,"Single adult, no children, no qualifying housing costs.",740,FTC_abated,NZD/week,0,0,0,0,0,match,MATCH_SNAPSHOT_PRECISION,Match at oracle precision
single_no_children_area2_no_housing_costs,"Single adult, no children, no qualifying housing costs.",740,IWTC_abated,NZD/week,0,0,0,0,0,match,MATCH_SNAPSHOT_PRECISION,Match at oracle precision
single_no_children_area2_no_housing_costs,"Single adult, no children, no qualifying housing costs.",740,MFTC,NZD/week,0,0,0,0,0,match,MATCH_SNAPSHOT_PRECISION,Match at oracle precision
single_no_children_area2_no_housing_costs,"Single adult, no children, no qualifying housing costs.",740,IETC_abated,NZD/week,9.972603,9.972602739726027397260273972602739726028,-0.000000260273972602739726027397260273972,0.000000260273972602739726027397260273972,0.00000002609890041774847810821279662631431332421,match,MATCH_SNAPSHOT_PRECISION,Match at oracle precision
single_no_children_area2_no_housing_costs,"Single adult, no children, no qualifying housing costs.",740,WinterEnergy,NZD/week,0,0,0,0,0,match,MATCH_SNAPSHOT_PRECISION,Match at oracle precision
single_no_children_area2_no_housing_costs,"Single adult, no children, no qualifying housing costs.",740,BestStart_Total,NZD/week,0,0,0,0,0,match,MATCH_SNAPSHOT_PRECISION,Match at oracle precision
single_no_children_area2_no_housing_costs,"Single adult, no children, no qualifying housing costs.",740,AS_Amount,NZD/week,0,0,0,0,0,match,MATCH_SNAPSHOT_PRECISION,Match at oracle precision
single_no_children_area2_no_housing_costs,"Single adult, no children, no qualifying housing costs.",740,WFF_abated,NZD/week,0,0,0,0,0,match,MATCH_SNAPSHOT_PRECISION,Match at oracle precision
single_no_children_area2_no_housing_costs,"Single adult, no children, no qualifying housing costs.",740,Net_Income,NZD/week,628.465068,628.4650684931506849315068493150684931507,0.0000004931506849315068493150684931507,0.0000004931506849315068493150684931507,0.0000000007846906853564482430629994746990456436952,match,MATCH_SNAPSHOT_PRECISION,Match at oracle precision
single_no_children_area2_no_housing_costs,"Single adult, no children, no qualifying housing costs.",740,Net_Income_annual,NZD/year,32769.964286,32769.96428571428571428571428571428571428,-0.00000028571428571428571428571428572,0.00000028571428571428571428571428572,0.000000000008718785385931858024293309897200783296575,match,MATCH_SNAPSHOT_PRECISION,Match at oracle precision
single_no_children_area2_no_housing_costs,"Single adult, no children, no qualifying housing costs.",740,EMTR,ratio,0.1925,0.1924520547945205479452054794520547945,-0.0000479452054794520547945205479452055,0.0000479452054794520547945205479452055,0.0002490660024906600249066002490660025974026,c,C_EMTR_DISCRETE_ROUNDING,EMTR statutory discreteness/period convention
single_no_children_area2_no_housing_costs,"Single adult, no children, no qualifying housing costs.",1000,gross_wage1,NZD/week,1000,1000,0,0,0,match,MATCH_SNAPSHOT_PRECISION,Match at oracle precision
single_no_children_area2_no_housing_costs,"Single adult, no children, no qualifying housing costs.",1000,hours1,hours/week,54.054054,54.05405405405405405405405405405405405405,0.00000005405405405405405405405405405405,0.00000005405405405405405405405405405405,0.000000001000000001000000001000000000999925001,match,MATCH_SNAPSHOT_PRECISION,Match at oracle precision
single_no_children_area2_no_housing_costs,"Single adult, no children, no qualifying housing costs.",1000,gross_wage1_annual,NZD/year,52142.857143,52142.85714285714285714285714285714285714,-0.00000014285714285714285714285714286,0.00000014285714285714285714285714286,0.000000000002739726027389754175267425331081459108682,match,MATCH_SNAPSHOT_PRECISION,Match at oracle precision
single_no_children_area2_no_housing_costs,"Single adult, no children, no qualifying housing costs.",1000,gross_wage2,NZD/week,0,0,0,0,0,match,MATCH_SNAPSHOT_PRECISION,Match at oracle precision
single_no_children_area2_no_housing_costs,"Single adult, no children, no qualifying housing costs.",1000,wage1_tax,NZD/week,154.057534,154.0575342465753424657534246575342465754,0.0000002465753424657534246575342465754,0.0000002465753424657534246575342465754,0.00000000160054062961798041410642238746597099237,match,MATCH_SNAPSHOT_PRECISION,Match at oracle precision
single_no_children_area2_no_housing_costs,"Single adult, no children, no qualifying housing costs.",1000,wage1_ACC_levy,NZD/week,17.5,17.5,0,0,0,match,MATCH_SNAPSHOT_PRECISION,Match at oracle precision
single_no_children_area2_no_housing_costs,"Single adult, no children, no qualifying housing costs.",1000,net_wage1,NZD/week,828.442466,828.4424657534246575342465753424657534246,-0.0000002465753424657534246575342465754,0.0000002465753424657534246575342465754,0.0000000002976372561589007493702456418686291728556,match,MATCH_SNAPSHOT_PRECISION,Match at oracle precision
single_no_children_area2_no_housing_costs,"Single adult, no children, no qualifying housing costs.",1000,net_wage,NZD/week,828.442466,828.4424657534246575342465753424657534246,-0.0000002465753424657534246575342465754,0.0000002465753424657534246575342465754,0.0000000002976372561589007493702456418686291728556,match,MATCH_SNAPSHOT_PRECISION,Match at oracle precision
single_no_children_area2_no_housing_costs,"Single adult, no children, no qualifying housing costs.",1000,net_benefit,NZD/week,0,0,0,0,0,match,MATCH_SNAPSHOT_PRECISION,Match at oracle precision
single_no_children_area2_no_housing_costs,"Single adult, no children, no qualifying housing costs.",1000,FTC_abated,NZD/week,0,0,0,0,0,match,MATCH_SNAPSHOT_PRECISION,Match at oracle precision
single_no_children_area2_no_housing_costs,"Single adult, no children, no qualifying housing costs.",1000,IWTC_abated,NZD/week,0,0,0,0,0,match,MATCH_SNAPSHOT_PRECISION,Match at oracle precision
single_no_children_area2_no_housing_costs,"Single adult, no children, no qualifying housing costs.",1000,MFTC,NZD/week,0,0,0,0,0,match,MATCH_SNAPSHOT_PRECISION,Match at oracle precision
single_no_children_area2_no_housing_costs,"Single adult, no children, no qualifying housing costs.",1000,IETC_abated,NZD/week,9.972603,9.972602739726027397260273972602739726028,-0.000000260273972602739726027397260273972,0.000000260273972602739726027397260273972,0.00000002609890041774847810821279662631431332421,match,MATCH_SNAPSHOT_PRECISION,Match at oracle precision
single_no_children_area2_no_housing_costs,"Single adult, no children, no qualifying housing costs.",1000,WinterEnergy,NZD/week,0,0,0,0,0,match,MATCH_SNAPSHOT_PRECISION,Match at oracle precision
single_no_children_area2_no_housing_costs,"Single adult, no children, no qualifying housing costs.",1000,BestStart_Total,NZD/week,0,0,0,0,0,match,MATCH_SNAPSHOT_PRECISION,Match at oracle precision
single_no_children_area2_no_housing_costs,"Single adult, no children, no qualifying housing costs.",1000,AS_Amount,NZD/week,0,0,0,0,0,match,MATCH_SNAPSHOT_PRECISION,Match at oracle precision
single_no_children_area2_no_housing_costs,"Single adult, no children, no qualifying housing costs.",1000,WFF_abated,NZD/week,0,0,0,0,0,match,MATCH_SNAPSHOT_PRECISION,Match at oracle precision
single_no_children_area2_no_housing_costs,"Single adult, no children, no qualifying housing costs.",1000,Net_Income,NZD/week,838.415068,838.4150684931506849315068493150684931506,0.0000004931506849315068493150684931506,0.0000004931506849315068493150684931506,0.0000000005881939671097452763278205934516911616383,match,MATCH_SNAPSHOT_PRECISION,Match at oracle precision
single_no_children_area2_no_housing_costs,"Single adult, no children, no qualifying housing costs.",1000,Net_Income_annual,NZD/year,43717.357143,43717.35714285714285714285714285714285714,-0.00000014285714285714285714285714286,0.00000014285714285714285714285714286,0.000000000003267744259788061478491582906892190310462,match,MATCH_SNAPSHOT_PRECISION,Match at oracle precision
single_no_children_area2_no_housing_costs,"Single adult, no children, no qualifying housing costs.",1000,EMTR,ratio,0.1925,0.1924520547945205479452054794520547945,-0.0000479452054794520547945205479452055,0.0000479452054794520547945205479452055,0.0002490660024906600249066002490660025974026,c,C_EMTR_DISCRETE_ROUNDING,EMTR statutory discreteness/period convention
single_no_children_area2_no_housing_costs,"Single adult, no children, no qualifying housing costs.",1500,gross_wage1,NZD/week,1500,1500,0,0,0,match,MATCH_SNAPSHOT_PRECISION,Match at oracle precision
single_no_children_area2_no_housing_costs,"Single adult, no children, no qualifying housing costs.",1500,hours1,hours/week,81.081081,81.08108108108108108108108108108108108108,0.00000008108108108108108108108108108108,0.00000008108108108108108108108108108108,0.000000001000000001000000001000000000999986667667,match,MATCH_SNAPSHOT_PRECISION,Match at oracle precision
single_no_children_area2_no_housing_costs,"Single adult, no children, no qualifying housing costs.",1500,gross_wage1_annual,NZD/year,78214.285714,78214.28571428571428571428571428571428571,0.00000028571428571428571428571428571,0.00000028571428571428571428571428571,0.000000000003652968036543024540772759906943462136646,match,MATCH_SNAPSHOT_PRECISION,Match at oracle precision
single_no_children_area2_no_housing_costs,"Single adult, no children, no qualifying housing costs.",1500,gross_wage2,NZD/week,0,0,0,0,0,match,MATCH_SNAPSHOT_PRECISION,Match at oracle precision
single_no_children_area2_no_housing_costs,"Single adult, no children, no qualifying housing costs.",1500,wage1_tax,NZD/week,300.869863,300.8698630136986301369863013753424657534,0.0000000136986301369863013753424657534,0.0000000136986301369863013753424657534,0.00000000004553008400507797411182543647915976217266,match,MATCH_SNAPSHOT_PRECISION,Match at oracle precision
single_no_children_area2_no_housing_costs,"Single adult, no children, no qualifying housing costs.",1500,wage1_ACC_levy,NZD/week,26.25,26.25,0,0,0,match,MATCH_SNAPSHOT_PRECISION,Match at oracle precision
single_no_children_area2_no_housing_costs,"Single adult, no children, no qualifying housing costs.",1500,net_wage1,NZD/week,1172.880137,1172.880136986301369863013698624657534247,-0.000000013698630136986301375342465753,0.000000013698630136986301375342465753,0.00000000001167948002941267422567193305022267590844,match,MATCH_SNAPSHOT_PRECISION,Match at oracle precision
single_no_children_area2_no_housing_costs,"Single adult, no children, no qualifying housing costs.",1500,net_wage,NZD/week,1172.880137,1172.880136986301369863013698624657534247,-0.000000013698630136986301375342465753,0.000000013698630136986301375342465753,0.00000000001167948002941267422567193305022267590844,match,MATCH_SNAPSHOT_PRECISION,Match at oracle precision
single_no_children_area2_no_housing_costs,"Single adult, no children, no qualifying housing costs.",1500,net_benefit,NZD/week,0,0,0,0,0,match,MATCH_SNAPSHOT_PRECISION,Match at oracle precision
single_no_children_area2_no_housing_costs,"Single adult, no children, no qualifying housing costs.",1500,FTC_abated,NZD/week,0,0,0,0,0,match,MATCH_SNAPSHOT_PRECISION,Match at oracle precision
single_no_children_area2_no_housing_costs,"Single adult, no children, no qualifying housing costs.",1500,IWTC_abated,NZD/week,0,0,0,0,0,match,MATCH_SNAPSHOT_PRECISION,Match at oracle precision
single_no_children_area2_no_housing_costs,"Single adult, no children, no qualifying housing costs.",1500,MFTC,NZD/week,0,0,0,0,0,match,MATCH_SNAPSHOT_PRECISION,Match at oracle precision
single_no_children_area2_no_housing_costs,"Single adult, no children, no qualifying housing costs.",1500,IETC_abated,NZD/week,0,0,0,0,0,match,MATCH_SNAPSHOT_PRECISION,Match at oracle precision
single_no_children_area2_no_housing_costs,"Single adult, no children, no qualifying housing costs.",1500,WinterEnergy,NZD/week,0,0,0,0,0,match,MATCH_SNAPSHOT_PRECISION,Match at oracle precision
single_no_children_area2_no_housing_costs,"Single adult, no children, no qualifying housing costs.",1500,BestStart_Total,NZD/week,0,0,0,0,0,match,MATCH_SNAPSHOT_PRECISION,Match at oracle precision
single_no_children_area2_no_housing_costs,"Single adult, no children, no qualifying housing costs.",1500,AS_Amount,NZD/week,0,0,0,0,0,match,MATCH_SNAPSHOT_PRECISION,Match at oracle precision
single_no_children_area2_no_housing_costs,"Single adult, no children, no qualifying housing costs.",1500,WFF_abated,NZD/week,0,0,0,0,0,match,MATCH_SNAPSHOT_PRECISION,Match at oracle precision
single_no_children_area2_no_housing_costs,"Single adult, no children, no qualifying housing costs.",1500,Net_Income,NZD/week,1172.880137,1172.880136986301369863013698624657534247,-0.000000013698630136986301375342465753,0.000000013698630136986301375342465753,0.00000000001167948002941267422567193305022267590844,match,MATCH_SNAPSHOT_PRECISION,Match at oracle precision
single_no_children_area2_no_housing_costs,"Single adult, no children, no qualifying housing costs.",1500,Net_Income_annual,NZD/year,61157.321429,61157.32142857142857142857142828571428573,-0.00000042857142857142857171428571427,0.00000042857142857142857171428571427,0.000000000007007688017680342998173817457658622925364,match,MATCH_SNAPSHOT_PRECISION,Match at oracle precision
single_no_children_area2_no_housing_costs,"Single adult, no children, no qualifying housing costs.",1500,EMTR,ratio,0.3475,0.347452054794520547945205482191780822,-0.000047945205479452054794517808219178,0.000047945205479452054794517808219178,0.0001379718143293584310633605991918791366906,c,C_EMTR_DISCRETE_ROUNDING,EMTR statutory discreteness/period convention
lone_parent_two_teens_jss,"Lone parent, children aged 14 and 16, exercising the separate JSS branch.",0,gross_wage1,NZD/week,0,0,0,0,0,match,MATCH_SNAPSHOT_PRECISION,Match at oracle precision
lone_parent_two_teens_jss,"Lone parent, children aged 14 and 16, exercising the separate JSS branch.",0,hours1,hours/week,0,0,0,0,0,match,MATCH_SNAPSHOT_PRECISION,Match at oracle precision
lone_parent_two_teens_jss,"Lone parent, children aged 14 and 16, exercising the separate JSS branch.",0,gross_wage1_annual,NZD/year,0,0,0,0,0,match,MATCH_SNAPSHOT_PRECISION,Match at oracle precision
lone_parent_two_teens_jss,"Lone parent, children aged 14 and 16, exercising the separate JSS branch.",0,gross_wage2,NZD/week,0,0,0,0,0,match,MATCH_SNAPSHOT_PRECISION,Match at oracle precision
lone_parent_two_teens_jss,"Lone parent, children aged 14 and 16, exercising the separate JSS branch.",0,wage1_tax,NZD/week,0,0,0,0,0,match,MATCH_SNAPSHOT_PRECISION,Match at oracle precision
lone_parent_two_teens_jss,"Lone parent, children aged 14 and 16, exercising the separate JSS branch.",0,wage1_ACC_levy,NZD/week,0,0,0,0,0,match,MATCH_SNAPSHOT_PRECISION,Match at oracle precision
lone_parent_two_teens_jss,"Lone parent, children aged 14 and 16, exercising the separate JSS branch.",0,net_wage1,NZD/week,0,0,0,0,0,match,MATCH_SNAPSHOT_PRECISION,Match at oracle precision
lone_parent_two_teens_jss,"Lone parent, children aged 14 and 16, exercising the separate JSS branch.",0,net_wage,NZD/week,0,0,0,0,0,match,MATCH_SNAPSHOT_PRECISION,Match at oracle precision
lone_parent_two_teens_jss,"Lone parent, children aged 14 and 16, exercising the separate JSS branch.",0,net_benefit,NZD/week,517.39,521.52,4.13,4.13,0.007982373064806045729527049227855196273604,b,B_BENEFIT_VINTAGE,Main-benefit forecast vintage
lone_parent_two_teens_jss,"Lone parent, children aged 14 and 16, exercising the separate JSS branch.",0,FTC_abated,NZD/week,261.857534,275.6849315068493150684931506849315068493,13.8273975068493150684931506849315068493,13.8273975068493150684931506849315068493,0.05280503980782662937814556324711859101713,b,B_WFF_VINTAGE,Working for Families forecast vintage
lone_parent_two_teens_jss,"Lone parent, children aged 14 and 16, exercising the separate JSS branch.",0,IWTC_abated,NZD/week,0,0,0,0,0,match,MATCH_SNAPSHOT_PRECISION,Match at oracle precision
lone_parent_two_teens_jss,"Lone parent, children aged 14 and 16, exercising the separate JSS branch.",0,MFTC,NZD/week,0,0,0,0,0,match,MATCH_SNAPSHOT_PRECISION,Match at oracle precision
lone_parent_two_teens_jss,"Lone parent, children aged 14 and 16, exercising the separate JSS branch.",0,IETC_abated,NZD/week,0,0,0,0,0,match,MATCH_SNAPSHOT_PRECISION,Match at oracle precision
lone_parent_two_teens_jss,"Lone parent, children aged 14 and 16, exercising the separate JSS branch.",0,WinterEnergy,NZD/week,13.424658,13.42465753424657534246575342465753424658,-0.00000046575342465753424657534246575342,0.00000046575342465753424657534246575342,0.00000003469387634735531039787698619610421360455,match,MATCH_SNAPSHOT_PRECISION,Match at oracle precision
lone_parent_two_teens_jss,"Lone parent, children aged 14 and 16, exercising the separate JSS branch.",0,BestStart_Total,NZD/week,0,0,0,0,0,match,MATCH_SNAPSHOT_PRECISION,Match at oracle precision
lone_parent_two_teens_jss,"Lone parent, children aged 14 and 16, exercising the separate JSS branch.",0,AS_Amount,NZD/week,0,0,0,0,0,match,MATCH_SNAPSHOT_PRECISION,Match at oracle precision
lone_parent_two_teens_jss,"Lone parent, children aged 14 and 16, exercising the separate JSS branch.",0,WFF_abated,NZD/week,261.857534,275.6849315068493150684931506849315068493,13.8273975068493150684931506849315068493,13.8273975068493150684931506849315068493,0.05280503980782662937814556324711859101713,b,B_WFF_VINTAGE,Working for Families forecast vintage
lone_parent_two_teens_jss,"Lone parent, children aged 14 and 16, exercising the separate JSS branch.",0,Net_Income,NZD/week,792.672192,810.6295890410958904109589041095890410959,17.9573970410958904109589041095890410959,17.9573970410958904109589041095890410959,0.02265425382942649060528529820002698050482,b,B_COMPOUND_NET_INCOME,Compound forecast-vintage level difference
lone_parent_two_teens_jss,"Lone parent, children aged 14 and 16, exercising the separate JSS branch.",0,Net_Income_annual,NZD/year,41332.192857,42268.54285714285714285714285714285714286,936.35000014285714285714285714285714286,936.35000014285714285714285714285714286,0.02265425411573045450084387854192812305787,b,B_COMPOUND_NET_INCOME,Compound forecast-vintage level difference
lone_parent_two_teens_jss,"Lone parent, children aged 14 and 16, exercising the separate JSS branch.",0,EMTR,ratio,0.1925,0.1924520547945205479452054794520547945,-0.0000479452054794520547945205479452055,0.0000479452054794520547945205479452055,0.0002490660024906600249066002490660025974026,c,C_EMTR_DISCRETE_ROUNDING,EMTR statutory discreteness/period convention
lone_parent_two_teens_jss,"Lone parent, children aged 14 and 16, exercising the separate JSS branch.",160,gross_wage1,NZD/week,160,160,0,0,0,match,MATCH_SNAPSHOT_PRECISION,Match at oracle precision
lone_parent_two_teens_jss,"Lone parent, children aged 14 and 16, exercising the separate JSS branch.",160,hours1,hours/week,8.648649,8.648648648648648648648648648648648648649,-0.000000351351351351351351351351351351351,0.000000351351351351351351351351351351351,0.00000004062499834960944204711641683589552541674,match,MATCH_SNAPSHOT_PRECISION,Match at oracle precision
lone_parent_two_teens_jss,"Lone parent, children aged 14 and 16, exercising the separate JSS branch.",160,gross_wage1_annual,NZD/year,8342.857143,8342.857142857142857142857142857142857142,-0.000000142857142857142857142857142858,0.000000142857142857142857142857142858,0.00000000001712328767093966973166199195675236315143,match,MATCH_SNAPSHOT_PRECISION,Match at oracle precision
lone_parent_two_teens_jss,"Lone parent, children aged 14 and 16, exercising the separate JSS branch.",160,gross_wage2,NZD/week,0,0,0,0,0,match,MATCH_SNAPSHOT_PRECISION,Match at oracle precision
lone_parent_two_teens_jss,"Lone parent, children aged 14 and 16, exercising the separate JSS branch.",160,wage1_tax,NZD/week,16.8,16.8,0,0,0,match,MATCH_SNAPSHOT_PRECISION,Match at oracle precision
lone_parent_two_teens_jss,"Lone parent, children aged 14 and 16, exercising the separate JSS branch.",160,wage1_ACC_levy,NZD/week,2.8,2.8,0,0,0,match,MATCH_SNAPSHOT_PRECISION,Match at oracle precision
lone_parent_two_teens_jss,"Lone parent, children aged 14 and 16, exercising the separate JSS branch.",160,net_wage1,NZD/week,140.4,140.4,0,0,0,match,MATCH_SNAPSHOT_PRECISION,Match at oracle precision
lone_parent_two_teens_jss,"Lone parent, children aged 14 and 16, exercising the separate JSS branch.",160,net_wage,NZD/week,140.4,140.4,0,0,0,match,MATCH_SNAPSHOT_PRECISION,Match at oracle precision
lone_parent_two_teens_jss,"Lone parent, children aged 14 and 16, exercising the separate JSS branch.",160,net_benefit,NZD/week,0,0,0,0,0,match,MATCH_SNAPSHOT_PRECISION,Match at oracle precision
lone_parent_two_teens_jss,"Lone parent, children aged 14 and 16, exercising the separate JSS branch.",160,FTC_abated,NZD/week,261.857534,275.6849315068493150684931506849315068493,13.8273975068493150684931506849315068493,13.8273975068493150684931506849315068493,0.05280503980782662937814556324711859101713,b,B_WFF_VINTAGE,Working for Families forecast vintage
lone_parent_two_teens_jss,"Lone parent, children aged 14 and 16, exercising the separate JSS branch.",160,IWTC_abated,NZD/week,97.5,147.5,50,50,0.5128205128205128205128205128205128205128,b,B_WFF_VINTAGE,Working for Families forecast vintage
lone_parent_two_teens_jss,"Lone parent, children aged 14 and 16, exercising the separate JSS branch.",160,MFTC,NZD/week,0,0,0,0,0,match,MATCH_SNAPSHOT_PRECISION,Match at oracle precision
lone_parent_two_teens_jss,"Lone parent, children aged 14 and 16, exercising the separate JSS branch.",160,IETC_abated,NZD/week,0,0,0,0,0,match,MATCH_SNAPSHOT_PRECISION,Match at oracle precision
lone_parent_two_teens_jss,"Lone parent, children aged 14 and 16, exercising the separate JSS branch.",160,WinterEnergy,NZD/week,0,0,0,0,0,match,MATCH_SNAPSHOT_PRECISION,Match at oracle precision
lone_parent_two_teens_jss,"Lone parent, children aged 14 and 16, exercising the separate JSS branch.",160,BestStart_Total,NZD/week,0,0,0,0,0,match,MATCH_SNAPSHOT_PRECISION,Match at oracle precision
lone_parent_two_teens_jss,"Lone parent, children aged 14 and 16, exercising the separate JSS branch.",160,AS_Amount,NZD/week,0,0,0,0,0,match,MATCH_SNAPSHOT_PRECISION,Match at oracle precision
lone_parent_two_teens_jss,"Lone parent, children aged 14 and 16, exercising the separate JSS branch.",160,WFF_abated,NZD/week,359.357534,423.1849315068493150684931506849315068493,63.8273975068493150684931506849315068493,63.8273975068493150684931506849315068493,0.1776153036125000653763756924181573075056,b,B_WFF_VINTAGE,Working for Families forecast vintage
lone_parent_two_teens_jss,"Lone parent, children aged 14 and 16, exercising the separate JSS branch.",160,Net_Income,NZD/week,499.757534,563.5849315068493150684931506849315068493,63.8273975068493150684931506849315068493,63.8273975068493150684931506849315068493,0.1277167289424981736613362404756293415865,b,B_COMPOUND_NET_INCOME,Compound forecast-vintage level difference
lone_parent_two_teens_jss,"Lone parent, children aged 14 and 16, exercising the separate JSS branch.",160,Net_Income_annual,NZD/year,26058.785714,29386.92857142857142857142857142857142857,3328.14285742857142857142857142857142857,3328.14285742857142857142857142857142857,0.1277167283984586139404418977305755601782,b,B_COMPOUND_NET_INCOME,Compound forecast-vintage level difference
lone_parent_two_teens_jss,"Lone parent, children aged 14 and 16, exercising the separate JSS branch.",160,EMTR,ratio,0.1225,0.1224520547945205479452054794520547945,-0.0000479452054794520547945205479452055,0.0000479452054794520547945205479452055,0.0003913894324853228962818003913894326530612,c,C_EMTR_DISCRETE_ROUNDING,EMTR statutory discreteness/period convention
lone_parent_two_teens_jss,"Lone parent, children aged 14 and 16, exercising the separate JSS branch.",250,gross_wage1,NZD/week,250,250,0,0,0,match,MATCH_SNAPSHOT_PRECISION,Match at oracle precision
lone_parent_two_teens_jss,"Lone parent, children aged 14 and 16, exercising the separate JSS branch.",250,hours1,hours/week,13.513514,13.51351351351351351351351351351351351351,-0.00000048648648648648648648648648648649,0.00000048648648648648648648648648648649,0.00000003599999870400004665599832038406072617381,match,MATCH_SNAPSHOT_PRECISION,Match at oracle precision
lone_parent_two_teens_jss,"Lone parent, children aged 14 and 16, exercising the separate JSS branch.",250,gross_wage1_annual,NZD/year,13035.714286,13035.71428571428571428571428571428571428,-0.00000028571428571428571428571428572,0.00000028571428571428571428571428572,0.00000000002191780821869769187465868072647323439504,match,MATCH_SNAPSHOT_PRECISION,Match at oracle precision
lone_parent_two_teens_jss,"Lone parent, children aged 14 and 16, exercising the separate JSS branch.",250,gross_wage2,NZD/week,0,0,0,0,0,match,MATCH_SNAPSHOT_PRECISION,Match at oracle precision
lone_parent_two_teens_jss,"Lone parent, children aged 14 and 16, exercising the separate JSS branch.",250,wage1_tax,NZD/week,26.25,26.25,0,0,0,match,MATCH_SNAPSHOT_PRECISION,Match at oracle precision
lone_parent_two_teens_jss,"Lone parent, children aged 14 and 16, exercising the separate JSS branch.",250,wage1_ACC_levy,NZD/week,4.375,4.375095890410958904109589041095890410959,0.000095890410958904109589041095890410959,0.000095890410958904109589041095890410959,0.0000219178082191780821917808219178082192,c,C_ACC_ANNUAL_CENTS,ACC period/rounding convention
lone_parent_two_teens_jss,"Lone parent, children aged 14 and 16, exercising the separate JSS branch.",250,net_wage1,NZD/week,219.375,219.374904109589041095890410958904109589,-0.000095890410958904109589041095890411,0.000095890410958904109589041095890411,0.0000004371072864223549155056004371072866096866,c,C_NET_WAGE_ROUNDING,Net-wage rounding propagation
lone_parent_two_teens_jss,"Lone parent, children aged 14 and 16, exercising the separate JSS branch.",250,net_wage,NZD/week,219.375,219.374904109589041095890410958904109589,-0.000095890410958904109589041095890411,0.000095890410958904109589041095890411,0.0000004371072864223549155056004371072866096866,c,C_NET_WAGE_ROUNDING,Net-wage rounding propagation
lone_parent_two_teens_jss,"Lone parent, children aged 14 and 16, exercising the separate JSS branch.",250,net_benefit,NZD/week,0,0,0,0,0,match,MATCH_SNAPSHOT_PRECISION,Match at oracle precision
lone_parent_two_teens_jss,"Lone parent, children aged 14 and 16, exercising the separate JSS branch.",250,FTC_abated,NZD/week,261.857534,275.6849315068493150684931506849315068493,13.8273975068493150684931506849315068493,13.8273975068493150684931506849315068493,0.05280503980782662937814556324711859101713,b,B_WFF_VINTAGE,Working for Families forecast vintage
lone_parent_two_teens_jss,"Lone parent, children aged 14 and 16, exercising the separate JSS branch.",250,IWTC_abated,NZD/week,97.5,147.5,50,50,0.5128205128205128205128205128205128205128,b,B_WFF_VINTAGE,Working for Families forecast vintage
lone_parent_two_teens_jss,"Lone parent, children aged 14 and 16, exercising the separate JSS branch.",250,MFTC,NZD/week,0,0,0,0,0,match,MATCH_SNAPSHOT_PRECISION,Match at oracle precision
lone_parent_two_teens_jss,"Lone parent, children aged 14 and 16, exercising the separate JSS branch.",250,IETC_abated,NZD/week,0,0,0,0,0,match,MATCH_SNAPSHOT_PRECISION,Match at oracle precision
lone_parent_two_teens_jss,"Lone parent, children aged 14 and 16, exercising the separate JSS branch.",250,WinterEnergy,NZD/week,0,0,0,0,0,match,MATCH_SNAPSHOT_PRECISION,Match at oracle precision
lone_parent_two_teens_jss,"Lone parent, children aged 14 and 16, exercising the separate JSS branch.",250,BestStart_Total,NZD/week,0,0,0,0,0,match,MATCH_SNAPSHOT_PRECISION,Match at oracle precision
lone_parent_two_teens_jss,"Lone parent, children aged 14 and 16, exercising the separate JSS branch.",250,AS_Amount,NZD/week,0,0,0,0,0,match,MATCH_SNAPSHOT_PRECISION,Match at oracle precision
lone_parent_two_teens_jss,"Lone parent, children aged 14 and 16, exercising the separate JSS branch.",250,WFF_abated,NZD/week,359.357534,423.1849315068493150684931506849315068493,63.8273975068493150684931506849315068493,63.8273975068493150684931506849315068493,0.1776153036125000653763756924181573075056,b,B_WFF_VINTAGE,Working for Families forecast vintage
lone_parent_two_teens_jss,"Lone parent, children aged 14 and 16, exercising the separate JSS branch.",250,Net_Income,NZD/week,578.732534,642.5598356164383561643835616438356164383,63.8273016164383561643835616438356164383,63.8273016164383561643835616438356164383,0.1102880827785609788517325028142199042819,b,B_COMPOUND_NET_INCOME,Compound forecast-vintage level difference
lone_parent_two_teens_jss,"Lone parent, children aged 14 and 16, exercising the separate JSS branch.",250,Net_Income_annual,NZD/year,30176.767857,33504.90571428571428571428571428571428571,3328.13785728571428571428571428571428571,3328.13785728571428571428571428571428571,0.110288082310766681712034940226425531657,b,B_COMPOUND_NET_INCOME,Compound forecast-vintage level difference
lone_parent_two_teens_jss,"Lone parent, children aged 14 and 16, exercising the separate JSS branch.",250,EMTR,ratio,0.1225,0.1224520547945205479452054794520547945,-0.0000479452054794520547945205479452055,0.0000479452054794520547945205479452055,0.0003913894324853228962818003913894326530612,c,C_EMTR_DISCRETE_ROUNDING,EMTR statutory discreteness/period convention
lone_parent_two_teens_jss,"Lone parent, children aged 14 and 16, exercising the separate JSS branch.",370,gross_wage1,NZD/week,370,370,0,0,0,match,MATCH_SNAPSHOT_PRECISION,Match at oracle precision
lone_parent_two_teens_jss,"Lone parent, children aged 14 and 16, exercising the separate JSS branch.",370,hours1,hours/week,20,20,0,0,0,match,MATCH_SNAPSHOT_PRECISION,Match at oracle precision
lone_parent_two_teens_jss,"Lone parent, children aged 14 and 16, exercising the separate JSS branch.",370,gross_wage1_annual,NZD/year,19292.857143,19292.85714285714285714285714285714285714,-0.00000014285714285714285714285714286,0.00000014285714285714285714285714286,0.000000000007404664938856685191122867936533707012688,match,MATCH_SNAPSHOT_PRECISION,Match at oracle precision
lone_parent_two_teens_jss,"Lone parent, children aged 14 and 16, exercising the separate JSS branch.",370,gross_wage2,NZD/week,0,0,0,0,0,match,MATCH_SNAPSHOT_PRECISION,Match at oracle precision
lone_parent_two_teens_jss,"Lone parent, children aged 14 and 16, exercising the separate JSS branch.",370,wage1_tax,NZD/week,43.807534,43.80753424657534246575342465753424657534,0.00000024657534246575342465753424657534,0.00000024657534246575342465753424657534,0.00000000562860585728823322165393392322288672994,match,MATCH_SNAPSHOT_PRECISION,Match at oracle precision
lone_parent_two_teens_jss,"Lone parent, children aged 14 and 16, exercising the separate JSS branch.",370,wage1_ACC_levy,NZD/week,6.475,6.475095890410958904109589041095890410959,0.000095890410958904109589041095890410959,0.000095890410958904109589041095890410959,0.00001480932987782302850796001480932987783784,c,C_ACC_ANNUAL_CENTS,ACC period/rounding convention
lone_parent_two_teens_jss,"Lone parent, children aged 14 and 16, exercising the separate JSS branch.",370,net_wage1,NZD/week,319.717466,319.7173698630136986301369863013698630137,-0.0000961369863013698630136986301369863,0.0000961369863013698630136986301369863,0.0000003006935701828997450320672507049905743967,c,C_NET_WAGE_ROUNDING,Net-wage rounding propagation
lone_parent_two_teens_jss,"Lone parent, children aged 14 and 16, exercising the separate JSS branch.",370,net_wage,NZD/week,319.717466,319.7173698630136986301369863013698630137,-0.0000961369863013698630136986301369863,0.0000961369863013698630136986301369863,0.0000003006935701828997450320672507049905743967,c,C_NET_WAGE_ROUNDING,Net-wage rounding propagation
lone_parent_two_teens_jss,"Lone parent, children aged 14 and 16, exercising the separate JSS branch.",370,net_benefit,NZD/week,0,0,0,0,0,match,MATCH_SNAPSHOT_PRECISION,Match at oracle precision
lone_parent_two_teens_jss,"Lone parent, children aged 14 and 16, exercising the separate JSS branch.",370,FTC_abated,NZD/week,261.857534,275.6849315068493150684931506849315068493,13.8273975068493150684931506849315068493,13.8273975068493150684931506849315068493,0.05280503980782662937814556324711859101713,b,B_WFF_VINTAGE,Working for Families forecast vintage
lone_parent_two_teens_jss,"Lone parent, children aged 14 and 16, exercising the separate JSS branch.",370,IWTC_abated,NZD/week,97.5,147.5,50,50,0.5128205128205128205128205128205128205128,b,B_WFF_VINTAGE,Working for Families forecast vintage
lone_parent_two_teens_jss,"Lone parent, children aged 14 and 16, exercising the separate JSS branch.",370,MFTC,NZD/week,375.807534,377.7306111696522655426765015961538461538,1.9230771696522655426765015961538461538,1.9230771696522655426765015961538461538,0.00511718631391851112457075327328016301504,b,B_WFF_VINTAGE,Working for Families forecast vintage
lone_parent_two_teens_jss,"Lone parent, children aged 14 and 16, exercising the separate JSS branch.",370,IETC_abated,NZD/week,0,0,0,0,0,match,MATCH_SNAPSHOT_PRECISION,Match at oracle precision
lone_parent_two_teens_jss,"Lone parent, children aged 14 and 16, exercising the separate JSS branch.",370,WinterEnergy,NZD/week,0,0,0,0,0,match,MATCH_SNAPSHOT_PRECISION,Match at oracle precision
lone_parent_two_teens_jss,"Lone parent, children aged 14 and 16, exercising the separate JSS branch.",370,BestStart_Total,NZD/week,0,0,0,0,0,match,MATCH_SNAPSHOT_PRECISION,Match at oracle precision
lone_parent_two_teens_jss,"Lone parent, children aged 14 and 16, exercising the separate JSS branch.",370,AS_Amount,NZD/week,0,0,0,0,0,match,MATCH_SNAPSHOT_PRECISION,Match at oracle precision
lone_parent_two_teens_jss,"Lone parent, children aged 14 and 16, exercising the separate JSS branch.",370,WFF_abated,NZD/week,359.357534,423.1849315068493150684931506849315068493,63.8273975068493150684931506849315068493,63.8273975068493150684931506849315068493,0.1776153036125000653763756924181573075056,b,B_WFF_VINTAGE,Working for Families forecast vintage
lone_parent_two_teens_jss,"Lone parent, children aged 14 and 16, exercising the separate JSS branch.",370,Net_Income,NZD/week,1054.882534,1120.632912539515279241306638582455216017,65.750378539515279241306638582455216017,65.750378539515279241306638582455216017,0.06232957359735304826016451854766913414172,b,B_COMPOUND_NET_INCOME,Compound forecast-vintage level difference
lone_parent_two_teens_jss,"Lone parent, children aged 14 and 16, exercising the separate JSS branch.",370,Net_Income_annual,NZD/year,55004.589286,58433.00186813186813186813186894230769231,3428.41258213186813186813186894230769231,3428.41258213186813186813186894230769231,0.06232957334351884995671435307555889041731,b,B_COMPOUND_NET_INCOME,Compound forecast-vintage level difference
lone_parent_two_teens_jss,"Lone parent, children aged 14 and 16, exercising the separate JSS branch.",370,EMTR,ratio,1.0175,1.017452054794520547945205479452054795,-0.000047945205479452054794520547945205,0.000047945205479452054794520547945205,0.00004712059506580054525260004712059459459459,c,C_EMTR_DISCRETE_ROUNDING,EMTR statutory discreteness/period convention
lone_parent_two_teens_jss,"Lone parent, children aged 14 and 16, exercising the separate JSS branch.",555,gross_wage1,NZD/week,555,555,0,0,0,match,MATCH_SNAPSHOT_PRECISION,Match at oracle precision
lone_parent_two_teens_jss,"Lone parent, children aged 14 and 16, exercising the separate JSS branch.",555,hours1,hours/week,30,30,0,0,0,match,MATCH_SNAPSHOT_PRECISION,Match at oracle precision
lone_parent_two_teens_jss,"Lone parent, children aged 14 and 16, exercising the separate JSS branch.",555,gross_wage1_annual,NZD/year,28939.285714,28939.28571428571428571428571428571428571,0.00000028571428571428571428571428571,0.00000028571428571428571428571428571,0.000000000009872886585312826228165497482050257904303,match,MATCH_SNAPSHOT_PRECISION,Match at oracle precision
lone_parent_two_teens_jss,"Lone parent, children aged 14 and 16, exercising the separate JSS branch.",555,gross_wage2,NZD/week,0,0,0,0,0,match,MATCH_SNAPSHOT_PRECISION,Match at oracle precision
lone_parent_two_teens_jss,"Lone parent, children aged 14 and 16, exercising the separate JSS branch.",555,wage1_tax,NZD/week,76.182534,76.18253424657534246575342465753424657535,0.00000024657534246575342465753424657535,0.00000024657534246575342465753424657535,0.000000003236638761133272682391140291754406594036,match,MATCH_SNAPSHOT_PRECISION,Match at oracle precision
lone_parent_two_teens_jss,"Lone parent, children aged 14 and 16, exercising the separate JSS branch.",555,wage1_ACC_levy,NZD/week,9.7125,9.71254794520547945205479452054794520548,0.00004794520547945205479452054794520548,0.00004794520547945205479452054794520548,0.000004936443292607676169320004936443292664093,c,C_ACC_ANNUAL_CENTS,ACC period/rounding convention
lone_parent_two_teens_jss,"Lone parent, children aged 14 and 16, exercising the separate JSS branch.",555,net_wage1,NZD/week,469.104966,469.1049178082191780821917808219178082191,-0.0000481917808219178082191780821917809,0.0000481917808219178082191780821917809,0.0000001027313380048886718013939809619941222281,c,C_NET_WAGE_ROUNDING,Net-wage rounding propagation
lone_parent_two_teens_jss,"Lone parent, children aged 14 and 16, exercising the separate JSS branch.",555,net_wage,NZD/week,469.104966,469.1049178082191780821917808219178082191,-0.0000481917808219178082191780821917809,0.0000481917808219178082191780821917809,0.0000001027313380048886718013939809619941222281,c,C_NET_WAGE_ROUNDING,Net-wage rounding propagation
lone_parent_two_teens_jss,"Lone parent, children aged 14 and 16, exercising the separate JSS branch.",555,net_benefit,NZD/week,0,0,0,0,0,match,MATCH_SNAPSHOT_PRECISION,Match at oracle precision
lone_parent_two_teens_jss,"Lone parent, children aged 14 and 16, exercising the separate JSS branch.",555,FTC_abated,NZD/week,261.857534,275.6849315068493150684931506849315068493,13.8273975068493150684931506849315068493,13.8273975068493150684931506849315068493,0.05280503980782662937814556324711859101713,b,B_WFF_VINTAGE,Working for Families forecast vintage
lone_parent_two_teens_jss,"Lone parent, children aged 14 and 16, exercising the separate JSS branch.",555,IWTC_abated,NZD/week,97.5,147.5,50,50,0.5128205128205128205128205128205128205128,b,B_WFF_VINTAGE,Working for Families forecast vintage
lone_parent_two_teens_jss,"Lone parent, children aged 14 and 16, exercising the separate JSS branch.",555,MFTC,NZD/week,223.182534,225.1056111696522655426765015769230769231,1.9230771696522655426765015769230769231,1.9230771696522655426765015769230769231,0.008616611413025113975435468336976032914386,b,B_WFF_VINTAGE,Working for Families forecast vintage
lone_parent_two_teens_jss,"Lone parent, children aged 14 and 16, exercising the separate JSS branch.",555,IETC_abated,NZD/week,0,0,0,0,0,match,MATCH_SNAPSHOT_PRECISION,Match at oracle precision
lone_parent_two_teens_jss,"Lone parent, children aged 14 and 16, exercising the separate JSS branch.",555,WinterEnergy,NZD/week,0,0,0,0,0,match,MATCH_SNAPSHOT_PRECISION,Match at oracle precision
lone_parent_two_teens_jss,"Lone parent, children aged 14 and 16, exercising the separate JSS branch.",555,BestStart_Total,NZD/week,0,0,0,0,0,match,MATCH_SNAPSHOT_PRECISION,Match at oracle precision
lone_parent_two_teens_jss,"Lone parent, children aged 14 and 16, exercising the separate JSS branch.",555,AS_Amount,NZD/week,0,0,0,0,0,match,MATCH_SNAPSHOT_PRECISION,Match at oracle precision
lone_parent_two_teens_jss,"Lone parent, children aged 14 and 16, exercising the separate JSS branch.",555,WFF_abated,NZD/week,359.357534,423.1849315068493150684931506849315068493,63.8273975068493150684931506849315068493,63.8273975068493150684931506849315068493,0.1776153036125000653763756924181573075056,b,B_WFF_VINTAGE,Working for Families forecast vintage
lone_parent_two_teens_jss,"Lone parent, children aged 14 and 16, exercising the separate JSS branch.",555,Net_Income,NZD/week,1051.645034,1117.395460484720758693361433083772391992,65.750426484720758693361433083772391992,65.750426484720758693361433083772391992,0.06252150141824447458319993653274113401271,b,B_COMPOUND_NET_INCOME,Compound forecast-vintage level difference
lone_parent_two_teens_jss,"Lone parent, children aged 14 and 16, exercising the separate JSS branch.",555,Net_Income_annual,NZD/year,54835.776786,58264.19186813186813186813186793956043958,3428.41508213186813186813186793956043958,3428.41508213186813186813186793956043958,0.06252150116358284447897693847651005790532,b,B_COMPOUND_NET_INCOME,Compound forecast-vintage level difference
lone_parent_two_teens_jss,"Lone parent, children aged 14 and 16, exercising the separate JSS branch.",555,EMTR,ratio,1.0175,1.017452054794520547945205477534246576,-0.000047945205479452054794522465753424,0.000047945205479452054794522465753424,0.00004712059506580054525260193194439705159705,c,C_EMTR_DISCRETE_ROUNDING,EMTR statutory discreteness/period convention
lone_parent_two_teens_jss,"Lone parent, children aged 14 and 16, exercising the separate JSS branch.",740,gross_wage1,NZD/week,740,740,0,0,0,match,MATCH_SNAPSHOT_PRECISION,Match at oracle precision
lone_parent_two_teens_jss,"Lone parent, children aged 14 and 16, exercising the separate JSS branch.",740,hours1,hours/week,40,40,0,0,0,match,MATCH_SNAPSHOT_PRECISION,Match at oracle precision
lone_parent_two_teens_jss,"Lone parent, children aged 14 and 16, exercising the separate JSS branch.",740,gross_wage1_annual,NZD/year,38585.714286,38585.71428571428571428571428571428571428,-0.00000028571428571428571428571428572,0.00000028571428571428571428571428572,0.000000000007404664938856685191122867936533707012688,match,MATCH_SNAPSHOT_PRECISION,Match at oracle precision
lone_parent_two_teens_jss,"Lone parent, children aged 14 and 16, exercising the separate JSS branch.",740,gross_wage2,NZD/week,0,0,0,0,0,match,MATCH_SNAPSHOT_PRECISION,Match at oracle precision
lone_parent_two_teens_jss,"Lone parent, children aged 14 and 16, exercising the separate JSS branch.",740,wage1_tax,NZD/week,108.557534,108.5575342465753424657534246575342465753,0.0000002465753424657534246575342465753,0.0000002465753424657534246575342465753,0.000000002271379363368307764411213012404095325157,match,MATCH_SNAPSHOT_PRECISION,Match at oracle precision
lone_parent_two_teens_jss,"Lone parent, children aged 14 and 16, exercising the separate JSS branch.",740,wage1_ACC_levy,NZD/week,12.95,12.95,0,0,0,match,MATCH_SNAPSHOT_PRECISION,Match at oracle precision
lone_parent_two_teens_jss,"Lone parent, children aged 14 and 16, exercising the separate JSS branch.",740,net_wage1,NZD/week,618.492466,618.4924657534246575342465753424657534247,-0.0000002465753424657534246575342465753,0.0000002465753424657534246575342465753,0.0000000003986715376832956032443154231975721431019,match,MATCH_SNAPSHOT_PRECISION,Match at oracle precision
lone_parent_two_teens_jss,"Lone parent, children aged 14 and 16, exercising the separate JSS branch.",740,net_wage,NZD/week,618.492466,618.4924657534246575342465753424657534247,-0.0000002465753424657534246575342465753,0.0000002465753424657534246575342465753,0.0000000003986715376832956032443154231975721431019,match,MATCH_SNAPSHOT_PRECISION,Match at oracle precision
lone_parent_two_teens_jss,"Lone parent, children aged 14 and 16, exercising the separate JSS branch.",740,net_benefit,NZD/week,0,0,0,0,0,match,MATCH_SNAPSHOT_PRECISION,Match at oracle precision
lone_parent_two_teens_jss,"Lone parent, children aged 14 and 16, exercising the separate JSS branch.",740,FTC_abated,NZD/week,261.857534,275.6849315068493150684931506849315068493,13.8273975068493150684931506849315068493,13.8273975068493150684931506849315068493,0.05280503980782662937814556324711859101713,b,B_WFF_VINTAGE,Working for Families forecast vintage
lone_parent_two_teens_jss,"Lone parent, children aged 14 and 16, exercising the separate JSS branch.",740,IWTC_abated,NZD/week,97.5,147.5,50,50,0.5128205128205128205128205128205128205128,b,B_WFF_VINTAGE,Working for Families forecast vintage
lone_parent_two_teens_jss,"Lone parent, children aged 14 and 16, exercising the separate JSS branch.",740,MFTC,NZD/week,70.557534,72.480611169652265542676501575,1.923077169652265542676501575,1.923077169652265542676501575,0.02725544758483573905341563630894469752869,b,B_WFF_VINTAGE,Working for Families forecast vintage
lone_parent_two_teens_jss,"Lone parent, children aged 14 and 16, exercising the separate JSS branch.",740,IETC_abated,NZD/week,0,0,0,0,0,match,MATCH_SNAPSHOT_PRECISION,Match at oracle precision
lone_parent_two_teens_jss,"Lone parent, children aged 14 and 16, exercising the separate JSS branch.",740,WinterEnergy,NZD/week,0,0,0,0,0,match,MATCH_SNAPSHOT_PRECISION,Match at oracle precision
lone_parent_two_teens_jss,"Lone parent, children aged 14 and 16, exercising the separate JSS branch.",740,BestStart_Total,NZD/week,0,0,0,0,0,match,MATCH_SNAPSHOT_PRECISION,Match at oracle precision
lone_parent_two_teens_jss,"Lone parent, children aged 14 and 16, exercising the separate JSS branch.",740,AS_Amount,NZD/week,0,0,0,0,0,match,MATCH_SNAPSHOT_PRECISION,Match at oracle precision
lone_parent_two_teens_jss,"Lone parent, children aged 14 and 16, exercising the separate JSS branch.",740,WFF_abated,NZD/week,359.357534,423.1849315068493150684931506849315068493,63.8273975068493150684931506849315068493,63.8273975068493150684931506849315068493,0.1776153036125000653763756924181573075056,b,B_WFF_VINTAGE,Working for Families forecast vintage
lone_parent_two_teens_jss,"Lone parent, children aged 14 and 16, exercising the separate JSS branch.",740,Net_Income,NZD/week,1048.407534,1114.158008429926238145416227602397260274,65.750474429926238145416227602397260274,65.750474429926238145416227602397260274,0.06271461459177785548555226960282151146197,b,B_COMPOUND_NET_INCOME,Compound forecast-vintage level difference
lone_parent_two_teens_jss,"Lone parent, children aged 14 and 16, exercising the separate JSS branch.",740,Net_Income_annual,NZD/year,54666.964286,58095.38186813186813186813186783928571428,3428.41758213186813186813186783928571428,3428.41758213186813186813186783928571428,0.06271461433628339835537748059689808754639,b,B_COMPOUND_NET_INCOME,Compound forecast-vintage level difference
lone_parent_two_teens_jss,"Lone parent, children aged 14 and 16, exercising the separate JSS branch.",740,EMTR,ratio,1.0175,1.017452054794520547945205479452054794,-0.000047945205479452054794520547945206,0.000047945205479452054794520547945206,0.00004712059506580054525260004712059557739558,c,C_EMTR_DISCRETE_ROUNDING,EMTR statutory discreteness/period convention
lone_parent_two_teens_jss,"Lone parent, children aged 14 and 16, exercising the separate JSS branch.",1000,gross_wage1,NZD/week,1000,1000,0,0,0,match,MATCH_SNAPSHOT_PRECISION,Match at oracle precision
lone_parent_two_teens_jss,"Lone parent, children aged 14 and 16, exercising the separate JSS branch.",1000,hours1,hours/week,54.054054,54.05405405405405405405405405405405405405,0.00000005405405405405405405405405405405,0.00000005405405405405405405405405405405,0.000000001000000001000000001000000000999925001,match,MATCH_SNAPSHOT_PRECISION,Match at oracle precision
lone_parent_two_teens_jss,"Lone parent, children aged 14 and 16, exercising the separate JSS branch.",1000,gross_wage1_annual,NZD/year,52142.857143,52142.85714285714285714285714285714285714,-0.00000014285714285714285714285714286,0.00000014285714285714285714285714286,0.000000000002739726027389754175267425331081459108682,match,MATCH_SNAPSHOT_PRECISION,Match at oracle precision
lone_parent_two_teens_jss,"Lone parent, children aged 14 and 16, exercising the separate JSS branch.",1000,gross_wage2,NZD/week,0,0,0,0,0,match,MATCH_SNAPSHOT_PRECISION,Match at oracle precision
lone_parent_two_teens_jss,"Lone parent, children aged 14 and 16, exercising the separate JSS branch.",1000,wage1_tax,NZD/week,154.057534,154.0575342465753424657534246575342465754,0.0000002465753424657534246575342465754,0.0000002465753424657534246575342465754,0.00000000160054062961798041410642238746597099237,match,MATCH_SNAPSHOT_PRECISION,Match at oracle precision
lone_parent_two_teens_jss,"Lone parent, children aged 14 and 16, exercising the separate JSS branch.",1000,wage1_ACC_levy,NZD/week,17.5,17.5,0,0,0,match,MATCH_SNAPSHOT_PRECISION,Match at oracle precision
lone_parent_two_teens_jss,"Lone parent, children aged 14 and 16, exercising the separate JSS branch.",1000,net_wage1,NZD/week,828.442466,828.4424657534246575342465753424657534246,-0.0000002465753424657534246575342465754,0.0000002465753424657534246575342465754,0.0000000002976372561589007493702456418686291728556,match,MATCH_SNAPSHOT_PRECISION,Match at oracle precision
lone_parent_two_teens_jss,"Lone parent, children aged 14 and 16, exercising the separate JSS branch.",1000,net_wage,NZD/week,828.442466,828.4424657534246575342465753424657534246,-0.0000002465753424657534246575342465754,0.0000002465753424657534246575342465754,0.0000000002976372561589007493702456418686291728556,match,MATCH_SNAPSHOT_PRECISION,Match at oracle precision
lone_parent_two_teens_jss,"Lone parent, children aged 14 and 16, exercising the separate JSS branch.",1000,net_benefit,NZD/week,0,0,0,0,0,match,MATCH_SNAPSHOT_PRECISION,Match at oracle precision
lone_parent_two_teens_jss,"Lone parent, children aged 14 and 16, exercising the separate JSS branch.",1000,FTC_abated,NZD/week,223.658904,237.4908219178082191780821917808219178082,13.8319179178082191780821917808219178082,13.8319179178082191780821917808219178082,0.06184380621756162758484317611080629192478,b,B_WFF_VINTAGE,Working for Families forecast vintage
lone_parent_two_teens_jss,"Lone parent, children aged 14 and 16, exercising the separate JSS branch.",1000,IWTC_abated,NZD/week,97.5,147.5,50,50,0.5128205128205128205128205128205128205128,b,B_WFF_VINTAGE,Working for Families forecast vintage
lone_parent_two_teens_jss,"Lone parent, children aged 14 and 16, exercising the separate JSS branch.",1000,MFTC,NZD/week,0,0,0,0,0,match,MATCH_SNAPSHOT_PRECISION,Match at oracle precision
lone_parent_two_teens_jss,"Lone parent, children aged 14 and 16, exercising the separate JSS branch.",1000,IETC_abated,NZD/week,0,0,0,0,0,match,MATCH_SNAPSHOT_PRECISION,Match at oracle precision
lone_parent_two_teens_jss,"Lone parent, children aged 14 and 16, exercising the separate JSS branch.",1000,WinterEnergy,NZD/week,0,0,0,0,0,match,MATCH_SNAPSHOT_PRECISION,Match at oracle precision
lone_parent_two_teens_jss,"Lone parent, children aged 14 and 16, exercising the separate JSS branch.",1000,BestStart_Total,NZD/week,0,0,0,0,0,match,MATCH_SNAPSHOT_PRECISION,Match at oracle precision
lone_parent_two_teens_jss,"Lone parent, children aged 14 and 16, exercising the separate JSS branch.",1000,AS_Amount,NZD/week,0,0,0,0,0,match,MATCH_SNAPSHOT_PRECISION,Match at oracle precision
lone_parent_two_teens_jss,"Lone parent, children aged 14 and 16, exercising the separate JSS branch.",1000,WFF_abated,NZD/week,321.158904,384.9908219178082191780821917808219178082,63.8319179178082191780821917808219178082,63.8319179178082191780821917808219178082,0.1987549375800840918864332398544426400465,b,B_WFF_VINTAGE,Working for Families forecast vintage
lone_parent_two_teens_jss,"Lone parent, children aged 14 and 16, exercising the separate JSS branch.",1000,Net_Income,NZD/week,1149.60137,1213.433287671232876712328767123287671233,63.831917671232876712328767123287671233,63.831917671232876712328767123287671233,0.0555252623535346662924808163052969145583,b,B_COMPOUND_NET_INCOME,Compound forecast-vintage level difference
lone_parent_two_teens_jss,"Lone parent, children aged 14 and 16, exercising the separate JSS branch.",1000,Net_Income_annual,NZD/year,59943.5,63271.87857142857142857142857142857142857,3328.37857142857142857142857142857142857,3328.37857142857142857142857142857142857,0.05552526247931087488337231845702322067564,b,B_COMPOUND_NET_INCOME,Compound forecast-vintage level difference
lone_parent_two_teens_jss,"Lone parent, children aged 14 and 16, exercising the separate JSS branch.",1000,EMTR,ratio,0.4675,0.47197260273972602739726027397260274,0.00447260273972602739726027397260274,0.00447260273972602739726027397260274,0.009567064683905940956706468390594096256684,c,C_EMTR_DISCRETE_ROUNDING,EMTR statutory discreteness/period convention
lone_parent_two_teens_jss,"Lone parent, children aged 14 and 16, exercising the separate JSS branch.",1500,gross_wage1,NZD/week,1500,1500,0,0,0,match,MATCH_SNAPSHOT_PRECISION,Match at oracle precision
lone_parent_two_teens_jss,"Lone parent, children aged 14 and 16, exercising the separate JSS branch.",1500,hours1,hours/week,81.081081,81.08108108108108108108108108108108108108,0.00000008108108108108108108108108108108,0.00000008108108108108108108108108108108,0.000000001000000001000000001000000000999986667667,match,MATCH_SNAPSHOT_PRECISION,Match at oracle precision
lone_parent_two_teens_jss,"Lone parent, children aged 14 and 16, exercising the separate JSS branch.",1500,gross_wage1_annual,NZD/year,78214.285714,78214.28571428571428571428571428571428571,0.00000028571428571428571428571428571,0.00000028571428571428571428571428571,0.000000000003652968036543024540772759906943462136646,match,MATCH_SNAPSHOT_PRECISION,Match at oracle precision
lone_parent_two_teens_jss,"Lone parent, children aged 14 and 16, exercising the separate JSS branch.",1500,gross_wage2,NZD/week,0,0,0,0,0,match,MATCH_SNAPSHOT_PRECISION,Match at oracle precision
lone_parent_two_teens_jss,"Lone parent, children aged 14 and 16, exercising the separate JSS branch.",1500,wage1_tax,NZD/week,300.869863,300.8698630136986301369863013753424657534,0.0000000136986301369863013753424657534,0.0000000136986301369863013753424657534,0.00000000004553008400507797411182543647915976217266,match,MATCH_SNAPSHOT_PRECISION,Match at oracle precision
lone_parent_two_teens_jss,"Lone parent, children aged 14 and 16, exercising the separate JSS branch.",1500,wage1_ACC_levy,NZD/week,26.25,26.25,0,0,0,match,MATCH_SNAPSHOT_PRECISION,Match at oracle precision
lone_parent_two_teens_jss,"Lone parent, children aged 14 and 16, exercising the separate JSS branch.",1500,net_wage1,NZD/week,1172.880137,1172.880136986301369863013698624657534247,-0.000000013698630136986301375342465753,0.000000013698630136986301375342465753,0.00000000001167948002941267422567193305022267590844,match,MATCH_SNAPSHOT_PRECISION,Match at oracle precision
lone_parent_two_teens_jss,"Lone parent, children aged 14 and 16, exercising the separate JSS branch.",1500,net_wage,NZD/week,1172.880137,1172.880136986301369863013698624657534247,-0.000000013698630136986301375342465753,0.000000013698630136986301375342465753,0.00000000001167948002941267422567193305022267590844,match,MATCH_SNAPSHOT_PRECISION,Match at oracle precision
lone_parent_two_teens_jss,"Lone parent, children aged 14 and 16, exercising the separate JSS branch.",1500,net_benefit,NZD/week,0,0,0,0,0,match,MATCH_SNAPSHOT_PRECISION,Match at oracle precision
lone_parent_two_teens_jss,"Lone parent, children aged 14 and 16, exercising the separate JSS branch.",1500,FTC_abated,NZD/week,86.158904,99.98780821917808219178082191780821917809,13.82890421917808219178082191780821917809,13.82890421917808219178082191780821917809,0.1605046440606774918095618059139682089978,b,B_WFF_VINTAGE,Working for Families forecast vintage
lone_parent_two_teens_jss,"Lone parent, children aged 14 and 16, exercising the separate JSS branch.",1500,IWTC_abated,NZD/week,97.5,147.5,50,50,0.5128205128205128205128205128205128205128,b,B_WFF_VINTAGE,Working for Families forecast vintage
lone_parent_two_teens_jss,"Lone parent, children aged 14 and 16, exercising the separate JSS branch.",1500,MFTC,NZD/week,0,0,0,0,0,match,MATCH_SNAPSHOT_PRECISION,Match at oracle precision
lone_parent_two_teens_jss,"Lone parent, children aged 14 and 16, exercising the separate JSS branch.",1500,IETC_abated,NZD/week,0,0,0,0,0,match,MATCH_SNAPSHOT_PRECISION,Match at oracle precision
lone_parent_two_teens_jss,"Lone parent, children aged 14 and 16, exercising the separate JSS branch.",1500,WinterEnergy,NZD/week,0,0,0,0,0,match,MATCH_SNAPSHOT_PRECISION,Match at oracle precision
lone_parent_two_teens_jss,"Lone parent, children aged 14 and 16, exercising the separate JSS branch.",1500,BestStart_Total,NZD/week,0,0,0,0,0,match,MATCH_SNAPSHOT_PRECISION,Match at oracle precision
lone_parent_two_teens_jss,"Lone parent, children aged 14 and 16, exercising the separate JSS branch.",1500,AS_Amount,NZD/week,0,0,0,0,0,match,MATCH_SNAPSHOT_PRECISION,Match at oracle precision
lone_parent_two_teens_jss,"Lone parent, children aged 14 and 16, exercising the separate JSS branch.",1500,WFF_abated,NZD/week,183.658904,247.4878082191780821917808219178082191781,63.8289042191780821917808219178082191781,63.8289042191780821917808219178082191781,0.3475404830858518146867566078789635986181,b,B_WFF_VINTAGE,Working for Families forecast vintage
lone_parent_two_teens_jss,"Lone parent, children aged 14 and 16, exercising the separate JSS branch.",1500,Net_Income,NZD/week,1356.539041,1420.367945205479452054794520542465753425,63.828904205479452054794520542465753425,63.828904205479452054794520542465753425,0.04705275873109165610427464324078067829454,b,B_COMPOUND_NET_INCOME,Compound forecast-vintage level difference
lone_parent_two_teens_jss,"Lone parent, children aged 14 and 16, exercising the separate JSS branch.",1500,Net_Income_annual,NZD/year,70733.821429,74062.04285714285714285714285685714285716,3328.22142814285714285714285685714285716,3328.22142814285714285714285685714285716,0.04705275865073404816759773507722302332616,b,B_COMPOUND_NET_INCOME,Compound forecast-vintage level difference
lone_parent_two_teens_jss,"Lone parent, children aged 14 and 16, exercising the separate JSS branch.",1500,EMTR,ratio,0.6225,0.621698630136986301369863016438356165,-0.000801369863013698630136983561643835,0.000801369863013698630136983561643835,0.001287341145403531935963025801837485943775,c,C_EMTR_DISCRETE_ROUNDING,EMTR statutory discreteness/period convention
couple_two_best_start_children_binding,"Couple with children aged 1 and 2 and a full-time working partner, crossing Best Start abatement kinks.",0,gross_wage1,NZD/week,0,0,0,0,0,match,MATCH_SNAPSHOT_PRECISION,Match at oracle precision
couple_two_best_start_children_binding,"Couple with children aged 1 and 2 and a full-time working partner, crossing Best Start abatement kinks.",0,hours1,hours/week,0,0,0,0,0,match,MATCH_SNAPSHOT_PRECISION,Match at oracle precision
couple_two_best_start_children_binding,"Couple with children aged 1 and 2 and a full-time working partner, crossing Best Start abatement kinks.",0,gross_wage1_annual,NZD/year,0,0,0,0,0,match,MATCH_SNAPSHOT_PRECISION,Match at oracle precision
couple_two_best_start_children_binding,"Couple with children aged 1 and 2 and a full-time working partner, crossing Best Start abatement kinks.",0,gross_wage2,NZD/week,740,740,0,0,0,match,MATCH_SNAPSHOT_PRECISION,Match at oracle precision
couple_two_best_start_children_binding,"Couple with children aged 1 and 2 and a full-time working partner, crossing Best Start abatement kinks.",0,wage1_tax,NZD/week,0,0,0,0,0,match,MATCH_SNAPSHOT_PRECISION,Match at oracle precision
couple_two_best_start_children_binding,"Couple with children aged 1 and 2 and a full-time working partner, crossing Best Start abatement kinks.",0,wage1_ACC_levy,NZD/week,0,0,0,0,0,match,MATCH_SNAPSHOT_PRECISION,Match at oracle precision
couple_two_best_start_children_binding,"Couple with children aged 1 and 2 and a full-time working partner, crossing Best Start abatement kinks.",0,net_wage1,NZD/week,0,0,0,0,0,match,MATCH_SNAPSHOT_PRECISION,Match at oracle precision
couple_two_best_start_children_binding,"Couple with children aged 1 and 2 and a full-time working partner, crossing Best Start abatement kinks.",0,net_wage,NZD/week,618.492466,618.4924657534246575342465753424657534247,-0.0000002465753424657534246575342465753,0.0000002465753424657534246575342465753,0.0000000003986715376832956032443154231975721431019,match,MATCH_SNAPSHOT_PRECISION,Match at oracle precision
couple_two_best_start_children_binding,"Couple with children aged 1 and 2 and a full-time working partner, crossing Best Start abatement kinks.",0,net_benefit,NZD/week,0,0,0,0,0,match,MATCH_SNAPSHOT_PRECISION,Match at oracle precision
couple_two_best_start_children_binding,"Couple with children aged 1 and 2 and a full-time working partner, crossing Best Start abatement kinks.",0,FTC_abated,NZD/week,261.857534,275.6849315068493150684931506849315068493,13.8273975068493150684931506849315068493,13.8273975068493150684931506849315068493,0.05280503980782662937814556324711859101713,b,B_WFF_VINTAGE,Working for Families forecast vintage
couple_two_best_start_children_binding,"Couple with children aged 1 and 2 and a full-time working partner, crossing Best Start abatement kinks.",0,IWTC_abated,NZD/week,97.5,147.5,50,50,0.5128205128205128205128205128205128205128,b,B_WFF_VINTAGE,Working for Families forecast vintage
couple_two_best_start_children_binding,"Couple with children aged 1 and 2 and a full-time working partner, crossing Best Start abatement kinks.",0,MFTC,NZD/week,70.557534,72.480611169652265542676501575,1.923077169652265542676501575,1.923077169652265542676501575,0.02725544758483573905341563630894469752869,b,B_WFF_VINTAGE,Working for Families forecast vintage
couple_two_best_start_children_binding,"Couple with children aged 1 and 2 and a full-time working partner, crossing Best Start abatement kinks.",0,IETC_abated,NZD/week,0,0,0,0,0,match,MATCH_SNAPSHOT_PRECISION,Match at oracle precision
couple_two_best_start_children_binding,"Couple with children aged 1 and 2 and a full-time working partner, crossing Best Start abatement kinks.",0,WinterEnergy,NZD/week,0,0,0,0,0,match,MATCH_SNAPSHOT_PRECISION,Match at oracle precision
couple_two_best_start_children_binding,"Couple with children aged 1 and 2 and a full-time working partner, crossing Best Start abatement kinks.",0,BestStart_Total,NZD/week,147.210959,154.9972602739726027397260273972602739726,7.7863012739726027397260273972602739726,7.7863012739726027397260273972602739726,0.05289213063256114471563239661566415019822,b,B_WFF_VINTAGE,Working for Families forecast vintage
couple_two_best_start_children_binding,"Couple with children aged 1 and 2 and a full-time working partner, crossing Best Start abatement kinks.",0,AS_Amount,NZD/week,0,0,0,0,0,match,MATCH_SNAPSHOT_PRECISION,Match at oracle precision
couple_two_best_start_children_binding,"Couple with children aged 1 and 2 and a full-time working partner, crossing Best Start abatement kinks.",0,WFF_abated,NZD/week,359.357534,423.1849315068493150684931506849315068493,63.8273975068493150684931506849315068493,63.8273975068493150684931506849315068493,0.1776153036125000653763756924181573075056,b,B_WFF_VINTAGE,Working for Families forecast vintage
couple_two_best_start_children_binding,"Couple with children aged 1 and 2 and a full-time working partner, crossing Best Start abatement kinks.",0,Net_Income,NZD/week,1195.618493,1269.155268703898840885142254999657534247,73.536775703898840885142254999657534247,73.536775703898840885142254999657534247,0.06150521770484093782341843971432912107608,b,B_COMPOUND_NET_INCOME,Compound forecast-vintage level difference
couple_two_best_start_children_binding,"Couple with children aged 1 and 2 and a full-time working partner, crossing Best Start abatement kinks.",0,Net_Income_annual,NZD/year,62342.964286,66177.3818681318681318681318678392857143,3834.4175821318681318681318678392857143,3834.4175821318681318681318678392857143,0.06150521756619361100535353308367204440857,b,B_COMPOUND_NET_INCOME,Compound forecast-vintage level difference
couple_two_best_start_children_binding,"Couple with children aged 1 and 2 and a full-time working partner, crossing Best Start abatement kinks.",0,EMTR,ratio,1.0175,1.017452054794520547945205479452054794,-0.000047945205479452054794520547945206,0.000047945205479452054794520547945206,0.00004712059506580054525260004712059557739558,c,C_EMTR_DISCRETE_ROUNDING,EMTR statutory discreteness/period convention
couple_two_best_start_children_binding,"Couple with children aged 1 and 2 and a full-time working partner, crossing Best Start abatement kinks.",160,gross_wage1,NZD/week,160,160,0,0,0,match,MATCH_SNAPSHOT_PRECISION,Match at oracle precision
couple_two_best_start_children_binding,"Couple with children aged 1 and 2 and a full-time working partner, crossing Best Start abatement kinks.",160,hours1,hours/week,8.648649,8.648648648648648648648648648648648648649,-0.000000351351351351351351351351351351351,0.000000351351351351351351351351351351351,0.00000004062499834960944204711641683589552541674,match,MATCH_SNAPSHOT_PRECISION,Match at oracle precision
couple_two_best_start_children_binding,"Couple with children aged 1 and 2 and a full-time working partner, crossing Best Start abatement kinks.",160,gross_wage1_annual,NZD/year,8342.857143,8342.857142857142857142857142857142857142,-0.000000142857142857142857142857142858,0.000000142857142857142857142857142858,0.00000000001712328767093966973166199195675236315143,match,MATCH_SNAPSHOT_PRECISION,Match at oracle precision
couple_two_best_start_children_binding,"Couple with children aged 1 and 2 and a full-time working partner, crossing Best Start abatement kinks.",160,gross_wage2,NZD/week,740,740,0,0,0,match,MATCH_SNAPSHOT_PRECISION,Match at oracle precision
couple_two_best_start_children_binding,"Couple with children aged 1 and 2 and a full-time working partner, crossing Best Start abatement kinks.",160,wage1_tax,NZD/week,16.8,16.8,0,0,0,match,MATCH_SNAPSHOT_PRECISION,Match at oracle precision
couple_two_best_start_children_binding,"Couple with children aged 1 and 2 and a full-time working partner, crossing Best Start abatement kinks.",160,wage1_ACC_levy,NZD/week,2.8,2.8,0,0,0,match,MATCH_SNAPSHOT_PRECISION,Match at oracle precision
couple_two_best_start_children_binding,"Couple with children aged 1 and 2 and a full-time working partner, crossing Best Start abatement kinks.",160,net_wage1,NZD/week,140.4,140.4,0,0,0,match,MATCH_SNAPSHOT_PRECISION,Match at oracle precision
couple_two_best_start_children_binding,"Couple with children aged 1 and 2 and a full-time working partner, crossing Best Start abatement kinks.",160,net_wage,NZD/week,758.892466,758.8924657534246575342465753424657534247,-0.0000002465753424657534246575342465753,0.0000002465753424657534246575342465753,0.0000000003249147323406863610338361780169524044267,match,MATCH_SNAPSHOT_PRECISION,Match at oracle precision
couple_two_best_start_children_binding,"Couple with children aged 1 and 2 and a full-time working partner, crossing Best Start abatement kinks.",160,net_benefit,NZD/week,0,0,0,0,0,match,MATCH_SNAPSHOT_PRECISION,Match at oracle precision
couple_two_best_start_children_binding,"Couple with children aged 1 and 2 and a full-time working partner, crossing Best Start abatement kinks.",160,FTC_abated,NZD/week,251.158904,264.9893150684931506849315068493150684932,13.8304110684931506849315068493150684932,13.8304110684931506849315068493150684932,0.05506637769247930260490190245978724486391,b,B_WFF_VINTAGE,Working for Families forecast vintage
couple_two_best_start_children_binding,"Couple with children aged 1 and 2 and a full-time working partner, crossing Best Start abatement kinks.",160,IWTC_abated,NZD/week,97.5,147.5,50,50,0.5128205128205128205128205128205128205128,b,B_WFF_VINTAGE,Working for Families forecast vintage
couple_two_best_start_children_binding,"Couple with children aged 1 and 2 and a full-time working partner, crossing Best Start abatement kinks.",160,MFTC,NZD/week,0,0,0,0,0,match,MATCH_SNAPSHOT_PRECISION,Match at oracle precision
couple_two_best_start_children_binding,"Couple with children aged 1 and 2 and a full-time working partner, crossing Best Start abatement kinks.",160,IETC_abated,NZD/week,0,0,0,0,0,match,MATCH_SNAPSHOT_PRECISION,Match at oracle precision
couple_two_best_start_children_binding,"Couple with children aged 1 and 2 and a full-time working partner, crossing Best Start abatement kinks.",160,WinterEnergy,NZD/week,0,0,0,0,0,match,MATCH_SNAPSHOT_PRECISION,Match at oracle precision
couple_two_best_start_children_binding,"Couple with children aged 1 and 2 and a full-time working partner, crossing Best Start abatement kinks.",160,BestStart_Total,NZD/week,147.210959,154.9972602739726027397260273972602739726,7.7863012739726027397260273972602739726,7.7863012739726027397260273972602739726,0.05289213063256114471563239661566415019822,b,B_WFF_VINTAGE,Working for Families forecast vintage
couple_two_best_start_children_binding,"Couple with children aged 1 and 2 and a full-time working partner, crossing Best Start abatement kinks.",160,AS_Amount,NZD/week,0,0,0,0,0,match,MATCH_SNAPSHOT_PRECISION,Match at oracle precision
couple_two_best_start_children_binding,"Couple with children aged 1 and 2 and a full-time working partner, crossing Best Start abatement kinks.",160,WFF_abated,NZD/week,348.658904,412.4893150684931506849315068493150684932,63.8304110684931506849315068493150684932,63.8304110684931506849315068493150684932,0.1830740885610457568722567511120125258387,b,B_WFF_VINTAGE,Working for Families forecast vintage
couple_two_best_start_children_binding,"Couple with children aged 1 and 2 and a full-time working partner, crossing Best Start abatement kinks.",160,Net_Income,NZD/week,1254.762329,1326.379041095890410958904109589041095891,71.616712095890410958904109589041095891,71.616712095890410958904109589041095891,0.05707591823621795308050255435190156708235,b,B_COMPOUND_NET_INCOME,Compound forecast-vintage level difference
couple_two_best_start_children_binding,"Couple with children aged 1 and 2 and a full-time working partner, crossing Best Start abatement kinks.",160,Net_Income_annual,NZD/year,65426.892857,69161.19285714285714285714285714285714288,3734.30000014285714285714285714285714288,3734.30000014285714285714285714285714288,0.05707591843471328340505397962372408894722,b,B_COMPOUND_NET_INCOME,Compound forecast-vintage level difference
couple_two_best_start_children_binding,"Couple with children aged 1 and 2 and a full-time working partner, crossing Best Start abatement kinks.",160,EMTR,ratio,0.3975,0.396698630136986301369863013698630137,-0.000801369863013698630136986301369863,0.000801369863013698630136986301369863,0.002016024812613078314810028431119152201258,c,C_EMTR_DISCRETE_ROUNDING,EMTR statutory discreteness/period convention
couple_two_best_start_children_binding,"Couple with children aged 1 and 2 and a full-time working partner, crossing Best Start abatement kinks.",250,gross_wage1,NZD/week,250,250,0,0,0,match,MATCH_SNAPSHOT_PRECISION,Match at oracle precision
couple_two_best_start_children_binding,"Couple with children aged 1 and 2 and a full-time working partner, crossing Best Start abatement kinks.",250,hours1,hours/week,13.513514,13.51351351351351351351351351351351351351,-0.00000048648648648648648648648648648649,0.00000048648648648648648648648648648649,0.00000003599999870400004665599832038406072617381,match,MATCH_SNAPSHOT_PRECISION,Match at oracle precision
couple_two_best_start_children_binding,"Couple with children aged 1 and 2 and a full-time working partner, crossing Best Start abatement kinks.",250,gross_wage1_annual,NZD/year,13035.714286,13035.71428571428571428571428571428571428,-0.00000028571428571428571428571428572,0.00000028571428571428571428571428572,0.00000000002191780821869769187465868072647323439504,match,MATCH_SNAPSHOT_PRECISION,Match at oracle precision
couple_two_best_start_children_binding,"Couple with children aged 1 and 2 and a full-time working partner, crossing Best Start abatement kinks.",250,gross_wage2,NZD/week,740,740,0,0,0,match,MATCH_SNAPSHOT_PRECISION,Match at oracle precision
couple_two_best_start_children_binding,"Couple with children aged 1 and 2 and a full-time working partner, crossing Best Start abatement kinks.",250,wage1_tax,NZD/week,26.25,26.25,0,0,0,match,MATCH_SNAPSHOT_PRECISION,Match at oracle precision
couple_two_best_start_children_binding,"Couple with children aged 1 and 2 and a full-time working partner, crossing Best Start abatement kinks.",250,wage1_ACC_levy,NZD/week,4.375,4.375095890410958904109589041095890410959,0.000095890410958904109589041095890410959,0.000095890410958904109589041095890410959,0.0000219178082191780821917808219178082192,c,C_ACC_ANNUAL_CENTS,ACC period/rounding convention
couple_two_best_start_children_binding,"Couple with children aged 1 and 2 and a full-time working partner, crossing Best Start abatement kinks.",250,net_wage1,NZD/week,219.375,219.374904109589041095890410958904109589,-0.000095890410958904109589041095890411,0.000095890410958904109589041095890411,0.0000004371072864223549155056004371072866096866,c,C_NET_WAGE_ROUNDING,Net-wage rounding propagation
couple_two_best_start_children_binding,"Couple with children aged 1 and 2 and a full-time working partner, crossing Best Start abatement kinks.",250,net_wage,NZD/week,837.867466,837.8673698630136986301369863013698630137,-0.0000961369863013698630136986301369863,0.0000961369863013698630136986301369863,0.0000001147400874273472065016290179442130290329,c,C_NET_WAGE_ROUNDING,Net-wage rounding propagation
couple_two_best_start_children_binding,"Couple with children aged 1 and 2 and a full-time working partner, crossing Best Start abatement kinks.",250,net_benefit,NZD/week,0,0,0,0,0,match,MATCH_SNAPSHOT_PRECISION,Match at oracle precision
couple_two_best_start_children_binding,"Couple with children aged 1 and 2 and a full-time working partner, crossing Best Start abatement kinks.",250,FTC_abated,NZD/week,226.408904,240.2385616438356164383561643835616438356,13.8296576438356164383561643835616438356,13.8296576438356164383561643835616438356,0.06108265796753124355195926562835905002923,b,B_WFF_VINTAGE,Working for Families forecast vintage
couple_two_best_start_children_binding,"Couple with children aged 1 and 2 and a full-time working partner, crossing Best Start abatement kinks.",250,IWTC_abated,NZD/week,97.5,147.5,50,50,0.5128205128205128205128205128205128205128,b,B_WFF_VINTAGE,Working for Families forecast vintage
couple_two_best_start_children_binding,"Couple with children aged 1 and 2 and a full-time working partner, crossing Best Start abatement kinks.",250,MFTC,NZD/week,0,0,0,0,0,match,MATCH_SNAPSHOT_PRECISION,Match at oracle precision
couple_two_best_start_children_binding,"Couple with children aged 1 and 2 and a full-time working partner, crossing Best Start abatement kinks.",250,IETC_abated,NZD/week,0,0,0,0,0,match,MATCH_SNAPSHOT_PRECISION,Match at oracle precision
couple_two_best_start_children_binding,"Couple with children aged 1 and 2 and a full-time working partner, crossing Best Start abatement kinks.",250,WinterEnergy,NZD/week,0,0,0,0,0,match,MATCH_SNAPSHOT_PRECISION,Match at oracle precision
couple_two_best_start_children_binding,"Couple with children aged 1 and 2 and a full-time working partner, crossing Best Start abatement kinks.",250,BestStart_Total,NZD/week,147.210959,154.9972602739726027397260273972602739726,7.7863012739726027397260273972602739726,7.7863012739726027397260273972602739726,0.05289213063256114471563239661566415019822,b,B_WFF_VINTAGE,Working for Families forecast vintage
couple_two_best_start_children_binding,"Couple with children aged 1 and 2 and a full-time working partner, crossing Best Start abatement kinks.",250,AS_Amount,NZD/week,0,0,0,0,0,match,MATCH_SNAPSHOT_PRECISION,Match at oracle precision
couple_two_best_start_children_binding,"Couple with children aged 1 and 2 and a full-time working partner, crossing Best Start abatement kinks.",250,WFF_abated,NZD/week,323.908904,387.7385616438356164383561643835616438356,63.8296576438356164383561643835616438356,63.8296576438356164383561643835616438356,0.1970605218183061013918782682910181556343,b,B_WFF_VINTAGE,Working for Families forecast vintage
couple_two_best_start_children_binding,"Couple with children aged 1 and 2 and a full-time working partner, crossing Best Start abatement kinks.",250,Net_Income,NZD/week,1308.987329,1380.603191780821917808219178082191780822,71.615862780821917808219178082191780822,71.615862780821917808219178082191780822,0.05471089077350565996824800286679610847631,b,B_COMPOUND_NET_INCOME,Compound forecast-vintage level difference
couple_two_best_start_children_binding,"Couple with children aged 1 and 2 and a full-time working partner, crossing Best Start abatement kinks.",250,Net_Income_annual,NZD/year,68254.339286,71988.595,3734.255714,3734.255714,0.0547108909567300210229156858063794868686,b,B_COMPOUND_NET_INCOME,Compound forecast-vintage level difference
couple_two_best_start_children_binding,"Couple with children aged 1 and 2 and a full-time working partner, crossing Best Start abatement kinks.",250,EMTR,ratio,0.3975,0.396698630136986301369863013698630137,-0.000801369863013698630136986301369863,0.000801369863013698630136986301369863,0.002016024812613078314810028431119152201258,c,C_EMTR_DISCRETE_ROUNDING,EMTR statutory discreteness/period convention
couple_two_best_start_children_binding,"Couple with children aged 1 and 2 and a full-time working partner, crossing Best Start abatement kinks.",370,gross_wage1,NZD/week,370,370,0,0,0,match,MATCH_SNAPSHOT_PRECISION,Match at oracle precision
couple_two_best_start_children_binding,"Couple with children aged 1 and 2 and a full-time working partner, crossing Best Start abatement kinks.",370,hours1,hours/week,20,20,0,0,0,match,MATCH_SNAPSHOT_PRECISION,Match at oracle precision
couple_two_best_start_children_binding,"Couple with children aged 1 and 2 and a full-time working partner, crossing Best Start abatement kinks.",370,gross_wage1_annual,NZD/year,19292.857143,19292.85714285714285714285714285714285714,-0.00000014285714285714285714285714286,0.00000014285714285714285714285714286,0.000000000007404664938856685191122867936533707012688,match,MATCH_SNAPSHOT_PRECISION,Match at oracle precision
couple_two_best_start_children_binding,"Couple with children aged 1 and 2 and a full-time working partner, crossing Best Start abatement kinks.",370,gross_wage2,NZD/week,740,740,0,0,0,match,MATCH_SNAPSHOT_PRECISION,Match at oracle precision
couple_two_best_start_children_binding,"Couple with children aged 1 and 2 and a full-time working partner, crossing Best Start abatement kinks.",370,wage1_tax,NZD/week,43.807534,43.80753424657534246575342465753424657534,0.00000024657534246575342465753424657534,0.00000024657534246575342465753424657534,0.00000000562860585728823322165393392322288672994,match,MATCH_SNAPSHOT_PRECISION,Match at oracle precision
couple_two_best_start_children_binding,"Couple with children aged 1 and 2 and a full-time working partner, crossing Best Start abatement kinks.",370,wage1_ACC_levy,NZD/week,6.475,6.475095890410958904109589041095890410959,0.000095890410958904109589041095890410959,0.000095890410958904109589041095890410959,0.00001480932987782302850796001480932987783784,c,C_ACC_ANNUAL_CENTS,ACC period/rounding convention
couple_two_best_start_children_binding,"Couple with children aged 1 and 2 and a full-time working partner, crossing Best Start abatement kinks.",370,net_wage1,NZD/week,319.717466,319.7173698630136986301369863013698630137,-0.0000961369863013698630136986301369863,0.0000961369863013698630136986301369863,0.0000003006935701828997450320672507049905743967,c,C_NET_WAGE_ROUNDING,Net-wage rounding propagation
couple_two_best_start_children_binding,"Couple with children aged 1 and 2 and a full-time working partner, crossing Best Start abatement kinks.",370,net_wage,NZD/week,938.209932,938.2098356164383561643835616438356164384,-0.0000963835616438356164383561643835616,0.0000963835616438356164383561643835616,0.0000001027313380048886718013939809619939090562,c,C_NET_WAGE_ROUNDING,Net-wage rounding propagation
couple_two_best_start_children_binding,"Couple with children aged 1 and 2 and a full-time working partner, crossing Best Start abatement kinks.",370,net_benefit,NZD/week,0,0,0,0,0,match,MATCH_SNAPSHOT_PRECISION,Match at oracle precision
couple_two_best_start_children_binding,"Couple with children aged 1 and 2 and a full-time working partner, crossing Best Start abatement kinks.",370,FTC_abated,NZD/week,193.408904,207.2393150684931506849315068493150684932,13.8304110684931506849315068493150684932,13.8304110684931506849315068493150684932,0.0715086574736660039443246462392189994169,b,B_WFF_VINTAGE,Working for Families forecast vintage
couple_two_best_start_children_binding,"Couple with children aged 1 and 2 and a full-time working partner, crossing Best Start abatement kinks.",370,IWTC_abated,NZD/week,97.5,147.5,50,50,0.5128205128205128205128205128205128205128,b,B_WFF_VINTAGE,Working for Families forecast vintage
couple_two_best_start_children_binding,"Couple with children aged 1 and 2 and a full-time working partner, crossing Best Start abatement kinks.",370,MFTC,NZD/week,0,0,0,0,0,match,MATCH_SNAPSHOT_PRECISION,Match at oracle precision
couple_two_best_start_children_binding,"Couple with children aged 1 and 2 and a full-time working partner, crossing Best Start abatement kinks.",370,IETC_abated,NZD/week,0,0,0,0,0,match,MATCH_SNAPSHOT_PRECISION,Match at oracle precision
couple_two_best_start_children_binding,"Couple with children aged 1 and 2 and a full-time working partner, crossing Best Start abatement kinks.",370,WinterEnergy,NZD/week,0,0,0,0,0,match,MATCH_SNAPSHOT_PRECISION,Match at oracle precision
couple_two_best_start_children_binding,"Couple with children aged 1 and 2 and a full-time working partner, crossing Best Start abatement kinks.",370,BestStart_Total,NZD/week,147.210959,154.9972602739726027397260273972602739726,7.7863012739726027397260273972602739726,7.7863012739726027397260273972602739726,0.05289213063256114471563239661566415019822,b,B_WFF_VINTAGE,Working for Families forecast vintage
couple_two_best_start_children_binding,"Couple with children aged 1 and 2 and a full-time working partner, crossing Best Start abatement kinks.",370,AS_Amount,NZD/week,0,0,0,0,0,match,MATCH_SNAPSHOT_PRECISION,Match at oracle precision
couple_two_best_start_children_binding,"Couple with children aged 1 and 2 and a full-time working partner, crossing Best Start abatement kinks.",370,WFF_abated,NZD/week,290.908904,354.7393150684931506849315068493150684932,63.8304110684931506849315068493150684932,63.8304110684931506849315068493150684932,0.2194171790234827280671048379093789047213,b,B_WFF_VINTAGE,Working for Families forecast vintage
couple_two_best_start_children_binding,"Couple with children aged 1 and 2 and a full-time working partner, crossing Best Start abatement kinks.",370,Net_Income,NZD/week,1376.329795,1447.946410958904109589041095890410958905,71.616615958904109589041095890410958905,71.616615958904109589041095890410958905,0.05203448782339563432109024123132563507789,b,B_COMPOUND_NET_INCOME,Compound forecast-vintage level difference
couple_two_best_start_children_binding,"Couple with children aged 1 and 2 and a full-time working partner, crossing Best Start abatement kinks.",370,Net_Income_annual,NZD/year,71765.767857,75500.0628571428571428571428571428571429,3734.2950001428571428571428571428571429,3734.2950001428571428571428571428571429,0.0520344881919718180164826332451409660516,b,B_COMPOUND_NET_INCOME,Compound forecast-vintage level difference
couple_two_best_start_children_binding,"Couple with children aged 1 and 2 and a full-time working partner, crossing Best Start abatement kinks.",370,EMTR,ratio,0.4675,0.466698630136986301369863013698630137,-0.000801369863013698630136986301369863,0.000801369863013698630136986301369863,0.001714160134788660171416013478866017112299,c,C_EMTR_DISCRETE_ROUNDING,EMTR statutory discreteness/period convention
couple_two_best_start_children_binding,"Couple with children aged 1 and 2 and a full-time working partner, crossing Best Start abatement kinks.",555,gross_wage1,NZD/week,555,555,0,0,0,match,MATCH_SNAPSHOT_PRECISION,Match at oracle precision
couple_two_best_start_children_binding,"Couple with children aged 1 and 2 and a full-time working partner, crossing Best Start abatement kinks.",555,hours1,hours/week,30,30,0,0,0,match,MATCH_SNAPSHOT_PRECISION,Match at oracle precision
couple_two_best_start_children_binding,"Couple with children aged 1 and 2 and a full-time working partner, crossing Best Start abatement kinks.",555,gross_wage1_annual,NZD/year,28939.285714,28939.28571428571428571428571428571428571,0.00000028571428571428571428571428571,0.00000028571428571428571428571428571,0.000000000009872886585312826228165497482050257904303,match,MATCH_SNAPSHOT_PRECISION,Match at oracle precision
couple_two_best_start_children_binding,"Couple with children aged 1 and 2 and a full-time working partner, crossing Best Start abatement kinks.",555,gross_wage2,NZD/week,740,740,0,0,0,match,MATCH_SNAPSHOT_PRECISION,Match at oracle precision
couple_two_best_start_children_binding,"Couple with children aged 1 and 2 and a full-time working partner, crossing Best Start abatement kinks.",555,wage1_tax,NZD/week,76.182534,76.18253424657534246575342465753424657535,0.00000024657534246575342465753424657535,0.00000024657534246575342465753424657535,0.000000003236638761133272682391140291754406594036,match,MATCH_SNAPSHOT_PRECISION,Match at oracle precision
couple_two_best_start_children_binding,"Couple with children aged 1 and 2 and a full-time working partner, crossing Best Start abatement kinks.",555,wage1_ACC_levy,NZD/week,9.7125,9.71254794520547945205479452054794520548,0.00004794520547945205479452054794520548,0.00004794520547945205479452054794520548,0.000004936443292607676169320004936443292664093,c,C_ACC_ANNUAL_CENTS,ACC period/rounding convention
couple_two_best_start_children_binding,"Couple with children aged 1 and 2 and a full-time working partner, crossing Best Start abatement kinks.",555,net_wage1,NZD/week,469.104966,469.1049178082191780821917808219178082191,-0.0000481917808219178082191780821917809,0.0000481917808219178082191780821917809,0.0000001027313380048886718013939809619941222281,c,C_NET_WAGE_ROUNDING,Net-wage rounding propagation
couple_two_best_start_children_binding,"Couple with children aged 1 and 2 and a full-time working partner, crossing Best Start abatement kinks.",555,net_wage,NZD/week,1087.597432,1087.597383561643835616438356164383561644,-0.000048438356164383561643835616438356,0.000048438356164383561643835616438356,0.00000004453702697266350445358132882972456301276,c,C_NET_WAGE_ROUNDING,Net-wage rounding propagation
couple_two_best_start_children_binding,"Couple with children aged 1 and 2 and a full-time working partner, crossing Best Start abatement kinks.",555,net_benefit,NZD/week,0,0,0,0,0,match,MATCH_SNAPSHOT_PRECISION,Match at oracle precision
couple_two_best_start_children_binding,"Couple with children aged 1 and 2 and a full-time working partner, crossing Best Start abatement kinks.",555,FTC_abated,NZD/week,142.533904,156.361301369863013698630136986301369863,13.827397369863013698630136986301369863,13.827397369863013698630136986301369863,0.0970112863102593029278854032251959496107,b,B_WFF_VINTAGE,Working for Families forecast vintage
couple_two_best_start_children_binding,"Couple with children aged 1 and 2 and a full-time working partner, crossing Best Start abatement kinks.",555,IWTC_abated,NZD/week,97.5,147.5,50,50,0.5128205128205128205128205128205128205128,b,B_WFF_VINTAGE,Working for Families forecast vintage
couple_two_best_start_children_binding,"Couple with children aged 1 and 2 and a full-time working partner, crossing Best Start abatement kinks.",555,MFTC,NZD/week,0,0,0,0,0,match,MATCH_SNAPSHOT_PRECISION,Match at oracle precision
couple_two_best_start_children_binding,"Couple with children aged 1 and 2 and a full-time working partner, crossing Best Start abatement kinks.",555,IETC_abated,NZD/week,0,0,0,0,0,match,MATCH_SNAPSHOT_PRECISION,Match at oracle precision
couple_two_best_start_children_binding,"Couple with children aged 1 and 2 and a full-time working partner, crossing Best Start abatement kinks.",555,WinterEnergy,NZD/week,0,0,0,0,0,match,MATCH_SNAPSHOT_PRECISION,Match at oracle precision
couple_two_best_start_children_binding,"Couple with children aged 1 and 2 and a full-time working partner, crossing Best Start abatement kinks.",555,BestStart_Total,NZD/week,147.210959,154.9972602739726027397260273972602739726,7.7863012739726027397260273972602739726,7.7863012739726027397260273972602739726,0.05289213063256114471563239661566415019822,b,B_WFF_VINTAGE,Working for Families forecast vintage
couple_two_best_start_children_binding,"Couple with children aged 1 and 2 and a full-time working partner, crossing Best Start abatement kinks.",555,AS_Amount,NZD/week,0,0,0,0,0,match,MATCH_SNAPSHOT_PRECISION,Match at oracle precision
couple_two_best_start_children_binding,"Couple with children aged 1 and 2 and a full-time working partner, crossing Best Start abatement kinks.",555,WFF_abated,NZD/week,240.033904,303.861301369863013698630136986301369863,63.827397369863013698630136986301369863,63.827397369863013698630136986301369863,0.2659099248323812360216835742766628911847,b,B_WFF_VINTAGE,Working for Families forecast vintage
couple_two_best_start_children_binding,"Couple with children aged 1 and 2 and a full-time working partner, crossing Best Start abatement kinks.",555,Net_Income,NZD/week,1474.842295,1546.45594520547945205479452054794520548,71.61365020547945205479452054794520548,71.61365020547945205479452054794520548,0.04855681888718783458457469891582218658843,b,B_COMPOUND_NET_INCOME,Compound forecast-vintage level difference
couple_two_best_start_children_binding,"Couple with children aged 1 and 2 and a full-time working partner, crossing Best Start abatement kinks.",555,Net_Income_annual,NZD/year,76902.491071,80636.63142857142857142857142857142857145,3734.14035757142857142857142857142857145,3734.14035757142857142857142857142857145,0.04855681923390354684117344915196717986236,b,B_COMPOUND_NET_INCOME,Compound forecast-vintage level difference
couple_two_best_start_children_binding,"Couple with children aged 1 and 2 and a full-time working partner, crossing Best Start abatement kinks.",555,EMTR,ratio,0.4675,0.466698630136986301369863011780821918,-0.000801369863013698630136988219178082,0.000801369863013698630136988219178082,0.001714160134788660171416017581129587165775,c,C_EMTR_DISCRETE_ROUNDING,EMTR statutory discreteness/period convention
couple_two_best_start_children_binding,"Couple with children aged 1 and 2 and a full-time working partner, crossing Best Start abatement kinks.",740,gross_wage1,NZD/week,740,740,0,0,0,match,MATCH_SNAPSHOT_PRECISION,Match at oracle precision
couple_two_best_start_children_binding,"Couple with children aged 1 and 2 and a full-time working partner, crossing Best Start abatement kinks.",740,hours1,hours/week,40,40,0,0,0,match,MATCH_SNAPSHOT_PRECISION,Match at oracle precision
couple_two_best_start_children_binding,"Couple with children aged 1 and 2 and a full-time working partner, crossing Best Start abatement kinks.",740,gross_wage1_annual,NZD/year,38585.714286,38585.71428571428571428571428571428571428,-0.00000028571428571428571428571428572,0.00000028571428571428571428571428572,0.000000000007404664938856685191122867936533707012688,match,MATCH_SNAPSHOT_PRECISION,Match at oracle precision
couple_two_best_start_children_binding,"Couple with children aged 1 and 2 and a full-time working partner, crossing Best Start abatement kinks.",740,gross_wage2,NZD/week,740,740,0,0,0,match,MATCH_SNAPSHOT_PRECISION,Match at oracle precision
couple_two_best_start_children_binding,"Couple with children aged 1 and 2 and a full-time working partner, crossing Best Start abatement kinks.",740,wage1_tax,NZD/week,108.557534,108.5575342465753424657534246575342465753,0.0000002465753424657534246575342465753,0.0000002465753424657534246575342465753,0.000000002271379363368307764411213012404095325157,match,MATCH_SNAPSHOT_PRECISION,Match at oracle precision
couple_two_best_start_children_binding,"Couple with children aged 1 and 2 and a full-time working partner, crossing Best Start abatement kinks.",740,wage1_ACC_levy,NZD/week,12.95,12.95,0,0,0,match,MATCH_SNAPSHOT_PRECISION,Match at oracle precision
couple_two_best_start_children_binding,"Couple with children aged 1 and 2 and a full-time working partner, crossing Best Start abatement kinks.",740,net_wage1,NZD/week,618.492466,618.4924657534246575342465753424657534247,-0.0000002465753424657534246575342465753,0.0000002465753424657534246575342465753,0.0000000003986715376832956032443154231975721431019,match,MATCH_SNAPSHOT_PRECISION,Match at oracle precision
couple_two_best_start_children_binding,"Couple with children aged 1 and 2 and a full-time working partner, crossing Best Start abatement kinks.",740,net_wage,NZD/week,1236.984932,1236.984931506849315068493150684931506849,-0.000000493150684931506849315068493151,0.000000493150684931506849315068493151,0.0000000003986715376832956032443154231978955100158,match,MATCH_SNAPSHOT_PRECISION,Match at oracle precision
couple_two_best_start_children_binding,"Couple with children aged 1 and 2 and a full-time working partner, crossing Best Start abatement kinks.",740,net_benefit,NZD/week,0,0,0,0,0,match,MATCH_SNAPSHOT_PRECISION,Match at oracle precision
couple_two_best_start_children_binding,"Couple with children aged 1 and 2 and a full-time working partner, crossing Best Start abatement kinks.",740,FTC_abated,NZD/week,91.658904,105.4885616438356164383561643835616438356,13.8296576438356164383561643835616438356,13.8296576438356164383561643835616438356,0.1508817696951254887179991196879426338722,b,B_WFF_VINTAGE,Working for Families forecast vintage
couple_two_best_start_children_binding,"Couple with children aged 1 and 2 and a full-time working partner, crossing Best Start abatement kinks.",740,IWTC_abated,NZD/week,97.5,147.5,50,50,0.5128205128205128205128205128205128205128,b,B_WFF_VINTAGE,Working for Families forecast vintage
couple_two_best_start_children_binding,"Couple with children aged 1 and 2 and a full-time working partner, crossing Best Start abatement kinks.",740,MFTC,NZD/week,0,0,0,0,0,match,MATCH_SNAPSHOT_PRECISION,Match at oracle precision
couple_two_best_start_children_binding,"Couple with children aged 1 and 2 and a full-time working partner, crossing Best Start abatement kinks.",740,IETC_abated,NZD/week,0,0,0,0,0,match,MATCH_SNAPSHOT_PRECISION,Match at oracle precision
couple_two_best_start_children_binding,"Couple with children aged 1 and 2 and a full-time working partner, crossing Best Start abatement kinks.",740,WinterEnergy,NZD/week,0,0,0,0,0,match,MATCH_SNAPSHOT_PRECISION,Match at oracle precision
couple_two_best_start_children_binding,"Couple with children aged 1 and 2 and a full-time working partner, crossing Best Start abatement kinks.",740,BestStart_Total,NZD/week,147.210959,154.9972602739726027397260273972602739726,7.7863012739726027397260273972602739726,7.7863012739726027397260273972602739726,0.05289213063256114471563239661566415019822,b,B_WFF_VINTAGE,Working for Families forecast vintage
couple_two_best_start_children_binding,"Couple with children aged 1 and 2 and a full-time working partner, crossing Best Start abatement kinks.",740,AS_Amount,NZD/week,0,0,0,0,0,match,MATCH_SNAPSHOT_PRECISION,Match at oracle precision
couple_two_best_start_children_binding,"Couple with children aged 1 and 2 and a full-time working partner, crossing Best Start abatement kinks.",740,WFF_abated,NZD/week,189.158904,252.9885616438356164383561643835616438356,63.8296576438356164383561643835616438356,63.8296576438356164383561643835616438356,0.3374393501658035428158124895012166270302,b,B_WFF_VINTAGE,Working for Families forecast vintage
couple_two_best_start_children_binding,"Couple with children aged 1 and 2 and a full-time working partner, crossing Best Start abatement kinks.",740,Net_Income,NZD/week,1573.354795,1644.970753424657534246575342465753424658,71.615958424657534246575342465753424658,71.615958424657534246575342465753424658,0.04551799673681201336827231169162542556588,b,B_COMPOUND_NET_INCOME,Compound forecast-vintage level difference
couple_two_best_start_children_binding,"Couple with children aged 1 and 2 and a full-time working partner, crossing Best Start abatement kinks.",740,Net_Income_annual,NZD/year,82039.214286,85773.47500000000000000000000000000000002,3734.26071400000000000000000000000000002,3734.26071400000000000000000000000000002,0.04551799705177395828283591223958982712215,b,B_COMPOUND_NET_INCOME,Compound forecast-vintage level difference
couple_two_best_start_children_binding,"Couple with children aged 1 and 2 and a full-time working partner, crossing Best Start abatement kinks.",740,EMTR,ratio,0.4675,0.466698630136986301369863013698630137,-0.000801369863013698630136986301369863,0.000801369863013698630136986301369863,0.001714160134788660171416013478866017112299,c,C_EMTR_DISCRETE_ROUNDING,EMTR statutory discreteness/period convention
couple_two_best_start_children_binding,"Couple with children aged 1 and 2 and a full-time working partner, crossing Best Start abatement kinks.",775,gross_wage1,NZD/week,775,775,0,0,0,match,MATCH_SNAPSHOT_PRECISION,Match at oracle precision
couple_two_best_start_children_binding,"Couple with children aged 1 and 2 and a full-time working partner, crossing Best Start abatement kinks.",775,hours1,hours/week,41.891892,41.89189189189189189189189189189189189189,-0.00000010810810810810810810810810810811,0.00000010810810810810810810810810810811,0.000000002580645154630593149340404775895774771882,match,MATCH_SNAPSHOT_PRECISION,Match at oracle precision
couple_two_best_start_children_binding,"Couple with children aged 1 and 2 and a full-time working partner, crossing Best Start abatement kinks.",775,gross_wage1_annual,NZD/year,40410.714286,40410.71428571428571428571428571428571428,-0.00000028571428571428571428571428572,0.00000028571428571428571428571428572,0.000000000007070260715813908894629685133895680529323,match,MATCH_SNAPSHOT_PRECISION,Match at oracle precision
couple_two_best_start_children_binding,"Couple with children aged 1 and 2 and a full-time working partner, crossing Best Start abatement kinks.",775,gross_wage2,NZD/week,740,740,0,0,0,match,MATCH_SNAPSHOT_PRECISION,Match at oracle precision
couple_two_best_start_children_binding,"Couple with children aged 1 and 2 and a full-time working partner, crossing Best Start abatement kinks.",775,wage1_tax,NZD/week,114.682534,114.6825342465753424657534246575342465753,0.0000002465753424657534246575342465753,0.0000002465753424657534246575342465753,0.000000002150068836687489174746821051018108825534,match,MATCH_SNAPSHOT_PRECISION,Match at oracle precision
couple_two_best_start_children_binding,"Couple with children aged 1 and 2 and a full-time working partner, crossing Best Start abatement kinks.",775,wage1_ACC_levy,NZD/week,13.5625,13.56254794520547945205479452054794520548,0.00004794520547945205479452054794520548,0.00004794520547945205479452054794520548,0.000003535130357931948740609809986743261198157,c,C_ACC_ANNUAL_CENTS,ACC period/rounding convention
couple_two_best_start_children_binding,"Couple with children aged 1 and 2 and a full-time working partner, crossing Best Start abatement kinks.",775,net_wage1,NZD/week,646.754966,646.7549178082191780821917808219178082192,-0.0000481917808219178082191780821917808,0.0000481917808219178082191780821917808,0.00000007451319797352403818910620037168883524274,c,C_NET_WAGE_ROUNDING,Net-wage rounding propagation
couple_two_best_start_children_binding,"Couple with children aged 1 and 2 and a full-time working partner, crossing Best Start abatement kinks.",775,net_wage,NZD/week,1265.247432,1265.247383561643835616438356164383561644,-0.000048438356164383561643835616438356,0.000048438356164383561643835616438356,0.00000003828370241211725426670189553750147425709,c,C_NET_WAGE_ROUNDING,Net-wage rounding propagation
couple_two_best_start_children_binding,"Couple with children aged 1 and 2 and a full-time working partner, crossing Best Start abatement kinks.",775,net_benefit,NZD/week,0,0,0,0,0,match,MATCH_SNAPSHOT_PRECISION,Match at oracle precision
couple_two_best_start_children_binding,"Couple with children aged 1 and 2 and a full-time working partner, crossing Best Start abatement kinks.",775,FTC_abated,NZD/week,82.033904,95.86356164383561643835616438356164383562,13.82965764383561643835616438356164383562,13.82965764383561643835616438356164383562,0.1685846579218711380401469663513959281472,b,B_WFF_VINTAGE,Working for Families forecast vintage
couple_two_best_start_children_binding,"Couple with children aged 1 and 2 and a full-time working partner, crossing Best Start abatement kinks.",775,IWTC_abated,NZD/week,97.5,147.5,50,50,0.5128205128205128205128205128205128205128,b,B_WFF_VINTAGE,Working for Families forecast vintage
couple_two_best_start_children_binding,"Couple with children aged 1 and 2 and a full-time working partner, crossing Best Start abatement kinks.",775,MFTC,NZD/week,0,0,0,0,0,match,MATCH_SNAPSHOT_PRECISION,Match at oracle precision
couple_two_best_start_children_binding,"Couple with children aged 1 and 2 and a full-time working partner, crossing Best Start abatement kinks.",775,IETC_abated,NZD/week,0,0,0,0,0,match,MATCH_SNAPSHOT_PRECISION,Match at oracle precision
couple_two_best_start_children_binding,"Couple with children aged 1 and 2 and a full-time working partner, crossing Best Start abatement kinks.",775,WinterEnergy,NZD/week,0,0,0,0,0,match,MATCH_SNAPSHOT_PRECISION,Match at oracle precision
couple_two_best_start_children_binding,"Couple with children aged 1 and 2 and a full-time working partner, crossing Best Start abatement kinks.",775,BestStart_Total,NZD/week,147.210959,154.9972602739726027397260273972602739726,7.7863012739726027397260273972602739726,7.7863012739726027397260273972602739726,0.05289213063256114471563239661566415019822,b,B_WFF_VINTAGE,Working for Families forecast vintage
couple_two_best_start_children_binding,"Couple with children aged 1 and 2 and a full-time working partner, crossing Best Start abatement kinks.",775,AS_Amount,NZD/week,0,0,0,0,0,match,MATCH_SNAPSHOT_PRECISION,Match at oracle precision
couple_two_best_start_children_binding,"Couple with children aged 1 and 2 and a full-time working partner, crossing Best Start abatement kinks.",775,WFF_abated,NZD/week,179.533904,243.3635616438356164383561643835616438356,63.8296576438356164383561643835616438356,63.8296576438356164383561643835616438356,0.3555298259644351990382616777695740623765,b,B_WFF_VINTAGE,Working for Families forecast vintage
couple_two_best_start_children_binding,"Couple with children aged 1 and 2 and a full-time working partner, crossing Best Start abatement kinks.",775,Net_Income,NZD/week,1591.992295,1663.608205479452054794520547945205479453,71.615910479452054794520547945205479453,71.615910479452054794520547945205479453,0.04498508611152044224844728155245593035549,b,B_COMPOUND_NET_INCOME,Compound forecast-vintage level difference
couple_two_best_start_children_binding,"Couple with children aged 1 and 2 and a full-time working partner, crossing Best Start abatement kinks.",775,Net_Income_annual,NZD/year,83011.026786,86745.28500000000000000000000000000000004,3734.25821400000000000000000000000000004,3734.25821400000000000000000000000000004,0.04498508642263645882184064760304553980632,b,B_COMPOUND_NET_INCOME,Compound forecast-vintage level difference
couple_two_best_start_children_binding,"Couple with children aged 1 and 2 and a full-time working partner, crossing Best Start abatement kinks.",775,EMTR,ratio,0.663116,0.660013698630136986301369863013698631,-0.003102301369863013698630136986301369,0.003102301369863013698630136986301369,0.004678369048346011404686566130663969803172,c,C_EMTR_DISCRETE_ROUNDING,EMTR statutory discreteness/period convention
couple_two_best_start_children_binding,"Couple with children aged 1 and 2 and a full-time working partner, crossing Best Start abatement kinks.",776,gross_wage1,NZD/week,776,776,0,0,0,match,MATCH_SNAPSHOT_PRECISION,Match at oracle precision
couple_two_best_start_children_binding,"Couple with children aged 1 and 2 and a full-time working partner, crossing Best Start abatement kinks.",776,hours1,hours/week,41.945946,41.94594594594594594594594594594594594595,-0.00000005405405405405405405405405405405,0.00000005405405405405405405405405405405,0.000000001288659792153788927636869938612184357459,match,MATCH_SNAPSHOT_PRECISION,Match at oracle precision
couple_two_best_start_children_binding,"Couple with children aged 1 and 2 and a full-time working partner, crossing Best Start abatement kinks.",776,gross_wage1_annual,NZD/year,40462.857143,40462.85714285714285714285714285714285714,-0.00000014285714285714285714285714286,0.00000014285714285714285714285714286,0.000000000003530574777561324054591295989144925519033,match,MATCH_SNAPSHOT_PRECISION,Match at oracle precision
couple_two_best_start_children_binding,"Couple with children aged 1 and 2 and a full-time working partner, crossing Best Start abatement kinks.",776,gross_wage2,NZD/week,740,740,0,0,0,match,MATCH_SNAPSHOT_PRECISION,Match at oracle precision
couple_two_best_start_children_binding,"Couple with children aged 1 and 2 and a full-time working partner, crossing Best Start abatement kinks.",776,wage1_tax,NZD/week,114.857534,114.8575342465753424657534246575342465753,0.0000002465753424657534246575342465753,0.0000002465753424657534246575342465753,0.000000002146792934504004105273009314089052268874,match,MATCH_SNAPSHOT_PRECISION,Match at oracle precision
couple_two_best_start_children_binding,"Couple with children aged 1 and 2 and a full-time working partner, crossing Best Start abatement kinks.",776,wage1_ACC_levy,NZD/week,13.58,13.58,0,0,0,match,MATCH_SNAPSHOT_PRECISION,Match at oracle precision
couple_two_best_start_children_binding,"Couple with children aged 1 and 2 and a full-time working partner, crossing Best Start abatement kinks.",776,net_wage1,NZD/week,647.562466,647.5624657534246575342465753424657534247,-0.0000002465753424657534246575342465753,0.0000002465753424657534246575342465753,0.0000000003807746054042505679406289841624329103719,match,MATCH_SNAPSHOT_PRECISION,Match at oracle precision
couple_two_best_start_children_binding,"Couple with children aged 1 and 2 and a full-time working partner, crossing Best Start abatement kinks.",776,net_wage,NZD/week,1266.054932,1266.054931506849315068493150684931506849,-0.000000493150684931506849315068493151,0.000000493150684931506849315068493151,0.0000000003895176050161359422871143581240754567828,match,MATCH_SNAPSHOT_PRECISION,Match at oracle precision
couple_two_best_start_children_binding,"Couple with children aged 1 and 2 and a full-time working partner, crossing Best Start abatement kinks.",776,net_benefit,NZD/week,0,0,0,0,0,match,MATCH_SNAPSHOT_PRECISION,Match at oracle precision
couple_two_best_start_children_binding,"Couple with children aged 1 and 2 and a full-time working partner, crossing Best Start abatement kinks.",776,FTC_abated,NZD/week,81.758904,95.58931506849315068493150684931506849316,13.83041106849315068493150684931506849316,13.83041106849315068493150684931506849316,0.1691609157149801162321293696563626696018,b,B_WFF_VINTAGE,Working for Families forecast vintage
couple_two_best_start_children_binding,"Couple with children aged 1 and 2 and a full-time working partner, crossing Best Start abatement kinks.",776,IWTC_abated,NZD/week,97.5,147.5,50,50,0.5128205128205128205128205128205128205128,b,B_WFF_VINTAGE,Working for Families forecast vintage
couple_two_best_start_children_binding,"Couple with children aged 1 and 2 and a full-time working partner, crossing Best Start abatement kinks.",776,MFTC,NZD/week,0,0,0,0,0,match,MATCH_SNAPSHOT_PRECISION,Match at oracle precision
couple_two_best_start_children_binding,"Couple with children aged 1 and 2 and a full-time working partner, crossing Best Start abatement kinks.",776,IETC_abated,NZD/week,0,0,0,0,0,match,MATCH_SNAPSHOT_PRECISION,Match at oracle precision
couple_two_best_start_children_binding,"Couple with children aged 1 and 2 and a full-time working partner, crossing Best Start abatement kinks.",776,WinterEnergy,NZD/week,0,0,0,0,0,match,MATCH_SNAPSHOT_PRECISION,Match at oracle precision
couple_two_best_start_children_binding,"Couple with children aged 1 and 2 and a full-time working partner, crossing Best Start abatement kinks.",776,BestStart_Total,NZD/week,147.015342,154.8039452054794520547945205479452054795,7.7886032054794520547945205479452054795,7.7886032054794520547945205479452054795,0.05297816608473047700555307042679399731968,b,B_WFF_VINTAGE,Working for Families forecast vintage
couple_two_best_start_children_binding,"Couple with children aged 1 and 2 and a full-time working partner, crossing Best Start abatement kinks.",776,AS_Amount,NZD/week,0,0,0,0,0,match,MATCH_SNAPSHOT_PRECISION,Match at oracle precision
couple_two_best_start_children_binding,"Couple with children aged 1 and 2 and a full-time working partner, crossing Best Start abatement kinks.",776,WFF_abated,NZD/week,179.258904,243.0893150684931506849315068493150684932,63.8304110684931506849315068493150684932,63.8304110684931506849315068493150684932,0.3560794451163951704453771894606421809496,b,B_WFF_VINTAGE,Working for Families forecast vintage
couple_two_best_start_children_binding,"Couple with children aged 1 and 2 and a full-time working partner, crossing Best Start abatement kinks.",776,Net_Income,NZD/week,1592.329178,1663.948191780821917808219178082191780822,71.619013780821917808219178082191780822,71.619013780821917808219178082191780822,0.0449775176956670185492381764809887700381,b,B_COMPOUND_NET_INCOME,Compound forecast-vintage level difference
couple_two_best_start_children_binding,"Couple with children aged 1 and 2 and a full-time working partner, crossing Best Start abatement kinks.",776,Net_Income_annual,NZD/year,83028.592857,86763.01285714285714285714285714285714286,3734.42000014285714285714285714285714286,3734.42000014285714285714285714285714286,0.04497751764352603404807023197438622517904,b,B_COMPOUND_NET_INCOME,Compound forecast-vintage level difference
couple_two_best_start_children_binding,"Couple with children aged 1 and 2 and a full-time working partner, crossing Best Start abatement kinks.",776,EMTR,ratio,0.6775,0.676123287671232876712328767123287671,-0.001376712328767123287671232876712329,0.001376712328767123287671232876712329,0.00203204771773745134711621088813627896679,c,C_EMTR_DISCRETE_ROUNDING,EMTR statutory discreteness/period convention
couple_two_best_start_children_binding,"Couple with children aged 1 and 2 and a full-time working partner, crossing Best Start abatement kinks.",1000,gross_wage1,NZD/week,1000,1000,0,0,0,match,MATCH_SNAPSHOT_PRECISION,Match at oracle precision
couple_two_best_start_children_binding,"Couple with children aged 1 and 2 and a full-time working partner, crossing Best Start abatement kinks.",1000,hours1,hours/week,54.054054,54.05405405405405405405405405405405405405,0.00000005405405405405405405405405405405,0.00000005405405405405405405405405405405,0.000000001000000001000000001000000000999925001,match,MATCH_SNAPSHOT_PRECISION,Match at oracle precision
couple_two_best_start_children_binding,"Couple with children aged 1 and 2 and a full-time working partner, crossing Best Start abatement kinks.",1000,gross_wage1_annual,NZD/year,52142.857143,52142.85714285714285714285714285714285714,-0.00000014285714285714285714285714286,0.00000014285714285714285714285714286,0.000000000002739726027389754175267425331081459108682,match,MATCH_SNAPSHOT_PRECISION,Match at oracle precision
couple_two_best_start_children_binding,"Couple with children aged 1 and 2 and a full-time working partner, crossing Best Start abatement kinks.",1000,gross_wage2,NZD/week,740,740,0,0,0,match,MATCH_SNAPSHOT_PRECISION,Match at oracle precision
couple_two_best_start_children_binding,"Couple with children aged 1 and 2 and a full-time working partner, crossing Best Start abatement kinks.",1000,wage1_tax,NZD/week,154.057534,154.0575342465753424657534246575342465754,0.0000002465753424657534246575342465754,0.0000002465753424657534246575342465754,0.00000000160054062961798041410642238746597099237,match,MATCH_SNAPSHOT_PRECISION,Match at oracle precision
couple_two_best_start_children_binding,"Couple with children aged 1 and 2 and a full-time working partner, crossing Best Start abatement kinks.",1000,wage1_ACC_levy,NZD/week,17.5,17.5,0,0,0,match,MATCH_SNAPSHOT_PRECISION,Match at oracle precision
couple_two_best_start_children_binding,"Couple with children aged 1 and 2 and a full-time working partner, crossing Best Start abatement kinks.",1000,net_wage1,NZD/week,828.442466,828.4424657534246575342465753424657534246,-0.0000002465753424657534246575342465754,0.0000002465753424657534246575342465754,0.0000000002976372561589007493702456418686291728556,match,MATCH_SNAPSHOT_PRECISION,Match at oracle precision
couple_two_best_start_children_binding,"Couple with children aged 1 and 2 and a full-time working partner, crossing Best Start abatement kinks.",1000,net_wage,NZD/week,1446.934932,1446.934931506849315068493150684931506849,-0.000000493150684931506849315068493151,0.000000493150684931506849315068493151,0.0000000003408243688262181297002984327362966726689,match,MATCH_SNAPSHOT_PRECISION,Match at oracle precision
couple_two_best_start_children_binding,"Couple with children aged 1 and 2 and a full-time working partner, crossing Best Start abatement kinks.",1000,net_benefit,NZD/week,0,0,0,0,0,match,MATCH_SNAPSHOT_PRECISION,Match at oracle precision
couple_two_best_start_children_binding,"Couple with children aged 1 and 2 and a full-time working partner, crossing Best Start abatement kinks.",1000,FTC_abated,NZD/week,20.158904,33.98931506849315068493150684931506849315,13.83041106849315068493150684931506849315,13.83041106849315068493150684931506849315,0.6860695932920336683448419045655988288426,b,B_WFF_VINTAGE,Working for Families forecast vintage
couple_two_best_start_children_binding,"Couple with children aged 1 and 2 and a full-time working partner, crossing Best Start abatement kinks.",1000,IWTC_abated,NZD/week,97.5,147.5,50,50,0.5128205128205128205128205128205128205128,b,B_WFF_VINTAGE,Working for Families forecast vintage
couple_two_best_start_children_binding,"Couple with children aged 1 and 2 and a full-time working partner, crossing Best Start abatement kinks.",1000,MFTC,NZD/week,0,0,0,0,0,match,MATCH_SNAPSHOT_PRECISION,Match at oracle precision
couple_two_best_start_children_binding,"Couple with children aged 1 and 2 and a full-time working partner, crossing Best Start abatement kinks.",1000,IETC_abated,NZD/week,0,0,0,0,0,match,MATCH_SNAPSHOT_PRECISION,Match at oracle precision
couple_two_best_start_children_binding,"Couple with children aged 1 and 2 and a full-time working partner, crossing Best Start abatement kinks.",1000,WinterEnergy,NZD/week,0,0,0,0,0,match,MATCH_SNAPSHOT_PRECISION,Match at oracle precision
couple_two_best_start_children_binding,"Couple with children aged 1 and 2 and a full-time working partner, crossing Best Start abatement kinks.",1000,BestStart_Total,NZD/week,99.975342,107.7639452054794520547945205479452054795,7.7886032054794520547945205479452054795,7.7886032054794520547945205479452054795,0.07790524192934945953767800612220166728212,b,B_WFF_VINTAGE,Working for Families forecast vintage
couple_two_best_start_children_binding,"Couple with children aged 1 and 2 and a full-time working partner, crossing Best Start abatement kinks.",1000,AS_Amount,NZD/week,0,0,0,0,0,match,MATCH_SNAPSHOT_PRECISION,Match at oracle precision
couple_two_best_start_children_binding,"Couple with children aged 1 and 2 and a full-time working partner, crossing Best Start abatement kinks.",1000,WFF_abated,NZD/week,117.658904,181.4893150684931506849315068493150684932,63.8304110684931506849315068493150684932,63.8304110684931506849315068493150684932,0.5425038726222806791140218920390000275134,b,B_WFF_VINTAGE,Working for Families forecast vintage
couple_two_best_start_children_binding,"Couple with children aged 1 and 2 and a full-time working partner, crossing Best Start abatement kinks.",1000,Net_Income,NZD/week,1664.569178,1736.188191780821917808219178082191780822,71.619013780821917808219178082191780822,71.619013780821917808219178082191780822,0.04302555563768940446416170399749633044209,b,B_COMPOUND_NET_INCOME,Compound forecast-vintage level difference
couple_two_best_start_children_binding,"Couple with children aged 1 and 2 and a full-time working partner, crossing Best Start abatement kinks.",1000,Net_Income_annual,NZD/year,86795.392857,90529.81285714285714285714285714285714286,3734.42000014285714285714285714285714286,3734.42000014285714285714285714285714286,0.04302555558790443626342560880866936339006,b,B_COMPOUND_NET_INCOME,Compound forecast-vintage level difference
couple_two_best_start_children_binding,"Couple with children aged 1 and 2 and a full-time working partner, crossing Best Start abatement kinks.",1000,EMTR,ratio,0.6775,0.676123287671232876712328767123287671,-0.001376712328767123287671232876712329,0.001376712328767123287671232876712329,0.00203204771773745134711621088813627896679,c,C_EMTR_DISCRETE_ROUNDING,EMTR statutory discreteness/period convention
couple_two_best_start_children_binding,"Couple with children aged 1 and 2 and a full-time working partner, crossing Best Start abatement kinks.",1125,gross_wage1,NZD/week,1125,1125,0,0,0,match,MATCH_SNAPSHOT_PRECISION,Match at oracle precision
couple_two_best_start_children_binding,"Couple with children aged 1 and 2 and a full-time working partner, crossing Best Start abatement kinks.",1125,hours1,hours/week,60.810811,60.81081081081081081081081081081081081081,-0.00000018918918918918918918918918918919,0.00000018918918918918918918918918918919,0.000000003111111101432098795544581524972426366752,match,MATCH_SNAPSHOT_PRECISION,Match at oracle precision
couple_two_best_start_children_binding,"Couple with children aged 1 and 2 and a full-time working partner, crossing Best Start abatement kinks.",1125,gross_wage1_annual,NZD/year,58660.714286,58660.71428571428571428571428571428571428,-0.00000028571428571428571428571428572,0.00000028571428571428571428571428572,0.000000000004870624048682517508438684846327239282331,match,MATCH_SNAPSHOT_PRECISION,Match at oracle precision
couple_two_best_start_children_binding,"Couple with children aged 1 and 2 and a full-time working partner, crossing Best Start abatement kinks.",1125,gross_wage2,NZD/week,740,740,0,0,0,match,MATCH_SNAPSHOT_PRECISION,Match at oracle precision
couple_two_best_start_children_binding,"Couple with children aged 1 and 2 and a full-time working partner, crossing Best Start abatement kinks.",1125,wage1_tax,NZD/week,188.30411,188.3041095890410958904109589095890410959,-0.0000004109589041095890410904109589041,0.0000004109589041095890410904109589041,0.00000000218242131894831738452448520058377907949,match,MATCH_SNAPSHOT_PRECISION,Match at oracle precision
couple_two_best_start_children_binding,"Couple with children aged 1 and 2 and a full-time working partner, crossing Best Start abatement kinks.",1125,wage1_ACC_levy,NZD/week,19.6875,19.68745205479452054794520547945205479452,-0.00004794520547945205479452054794520548,0.00004794520547945205479452054794520548,0.000002435312024353120243531202435312024380952,c,C_ACC_ANNUAL_CENTS,ACC period/rounding convention
couple_two_best_start_children_binding,"Couple with children aged 1 and 2 and a full-time working partner, crossing Best Start abatement kinks.",1125,net_wage1,NZD/week,917.00839,917.0084383561643835616438356109589041096,0.0000483561643835616438356109589041096,0.0000483561643835616438356109589041096,0.00000005273252121887526441891219654392649559073,c,C_NET_WAGE_ROUNDING,Net-wage rounding propagation
couple_two_best_start_children_binding,"Couple with children aged 1 and 2 and a full-time working partner, crossing Best Start abatement kinks.",1125,net_wage,NZD/week,1535.500856,1535.500904109589041095890410953424657534,0.000048109589041095890410953424657534,0.000048109589041095890410953424657534,0.00000003133152863647500982633996308077212820518,c,C_NET_WAGE_ROUNDING,Net-wage rounding propagation
couple_two_best_start_children_binding,"Couple with children aged 1 and 2 and a full-time working partner, crossing Best Start abatement kinks.",1125,net_benefit,NZD/week,0,0,0,0,0,match,MATCH_SNAPSHOT_PRECISION,Match at oracle precision
couple_two_best_start_children_binding,"Couple with children aged 1 and 2 and a full-time working partner, crossing Best Start abatement kinks.",1125,FTC_abated,NZD/week,0,0,0,0,0,match,MATCH_SNAPSHOT_PRECISION,Match at oracle precision
couple_two_best_start_children_binding,"Couple with children aged 1 and 2 and a full-time working partner, crossing Best Start abatement kinks.",1125,IWTC_abated,NZD/week,83.283904,147.1135616438356164383561643835616438356,63.8296576438356164383561643835616438356,63.8296576438356164383561643835616438356,0.7664104896407788044897146558302747651647,b,B_WFF_VINTAGE,Working for Families forecast vintage
couple_two_best_start_children_binding,"Couple with children aged 1 and 2 and a full-time working partner, crossing Best Start abatement kinks.",1125,MFTC,NZD/week,0,0,0,0,0,match,MATCH_SNAPSHOT_PRECISION,Match at oracle precision
couple_two_best_start_children_binding,"Couple with children aged 1 and 2 and a full-time working partner, crossing Best Start abatement kinks.",1125,IETC_abated,NZD/week,0,0,0,0,0,match,MATCH_SNAPSHOT_PRECISION,Match at oracle precision
couple_two_best_start_children_binding,"Couple with children aged 1 and 2 and a full-time working partner, crossing Best Start abatement kinks.",1125,WinterEnergy,NZD/week,0,0,0,0,0,match,MATCH_SNAPSHOT_PRECISION,Match at oracle precision
couple_two_best_start_children_binding,"Couple with children aged 1 and 2 and a full-time working partner, crossing Best Start abatement kinks.",1125,BestStart_Total,NZD/week,73.725342,81.5133698630136986301369863013698630137,7.7880278630136986301369863013698630137,7.7880278630136986301369863013698630137,0.1056356966511419998585694767122255331647,b,B_WFF_VINTAGE,Working for Families forecast vintage
couple_two_best_start_children_binding,"Couple with children aged 1 and 2 and a full-time working partner, crossing Best Start abatement kinks.",1125,AS_Amount,NZD/week,0,0,0,0,0,match,MATCH_SNAPSHOT_PRECISION,Match at oracle precision
couple_two_best_start_children_binding,"Couple with children aged 1 and 2 and a full-time working partner, crossing Best Start abatement kinks.",1125,WFF_abated,NZD/week,83.283904,147.1135616438356164383561643835616438356,63.8296576438356164383561643835616438356,63.8296576438356164383561643835616438356,0.7664104896407788044897146558302747651647,b,B_WFF_VINTAGE,Working for Families forecast vintage
couple_two_best_start_children_binding,"Couple with children aged 1 and 2 and a full-time working partner, crossing Best Start abatement kinks.",1125,Net_Income,NZD/week,1692.510103,1764.127835616438356164383561638356164384,71.617732616438356164383561638356164384,71.617732616438356164383561638356164384,0.04231450819081955941765126446536559574321,b,B_COMPOUND_NET_INCOME,Compound forecast-vintage level difference
couple_two_best_start_children_binding,"Couple with children aged 1 and 2 and a full-time working partner, crossing Best Start abatement kinks.",1125,Net_Income_annual,NZD/year,88252.3125,91986.66571428571428571428571400000000002,3734.35321428571428571428571400000000002,3734.35321428571428571428571400000000002,0.04231450835110654223042921072464815015493,b,B_COMPOUND_NET_INCOME,Compound forecast-vintage level difference
couple_two_best_start_children_binding,"Couple with children aged 1 and 2 and a full-time working partner, crossing Best Start abatement kinks.",1125,EMTR,ratio,0.8025,0.801315068493150684931506846575342467,-0.001184931506849315068493153424657533,0.001184931506849315068493153424657533,0.001476550164298211923355954423249262305296,c,C_EMTR_DISCRETE_ROUNDING,EMTR statutory discreteness/period convention
couple_two_best_start_children_binding,"Couple with children aged 1 and 2 and a full-time working partner, crossing Best Start abatement kinks.",1126,gross_wage1,NZD/week,1126,1126,0,0,0,match,MATCH_SNAPSHOT_PRECISION,Match at oracle precision
couple_two_best_start_children_binding,"Couple with children aged 1 and 2 and a full-time working partner, crossing Best Start abatement kinks.",1126,hours1,hours/week,60.864865,60.86486486486486486486486486486486486486,-0.00000013513513513513513513513513513514,0.00000013513513513513513513513513513514,0.000000002220248662921295153371902412584666046659,match,MATCH_SNAPSHOT_PRECISION,Match at oracle precision
couple_two_best_start_children_binding,"Couple with children aged 1 and 2 and a full-time working partner, crossing Best Start abatement kinks.",1126,gross_wage1_annual,NZD/year,58712.857143,58712.85714285714285714285714285714285714,-0.00000014285714285714285714285714286,0.00000014285714285714285714285714286,0.00000000000243314922503605160898066607073412816353,match,MATCH_SNAPSHOT_PRECISION,Match at oracle precision
couple_two_best_start_children_binding,"Couple with children aged 1 and 2 and a full-time working partner, crossing Best Start abatement kinks.",1126,gross_wage2,NZD/week,740,740,0,0,0,match,MATCH_SNAPSHOT_PRECISION,Match at oracle precision
couple_two_best_start_children_binding,"Couple with children aged 1 and 2 and a full-time working partner, crossing Best Start abatement kinks.",1126,wage1_tax,NZD/week,188.60411,188.6041095890410958904109589068493150685,-0.0000004109589041095890410931506849315,0.0000004109589041095890410931506849315,0.000000002178949886667841125483165159717357166819,match,MATCH_SNAPSHOT_PRECISION,Match at oracle precision
couple_two_best_start_children_binding,"Couple with children aged 1 and 2 and a full-time working partner, crossing Best Start abatement kinks.",1126,wage1_ACC_levy,NZD/week,19.705,19.70509589041095890410958904109589041096,0.00009589041095890410958904109589041096,0.00009589041095890410958904109589041096,0.000004866298450083943648263948027932553159097,c,C_ACC_ANNUAL_CENTS,ACC period/rounding convention
couple_two_best_start_children_binding,"Couple with children aged 1 and 2 and a full-time working partner, crossing Best Start abatement kinks.",1126,net_wage1,NZD/week,917.69089,917.6907945205479452054794520520547945205,-0.0000954794520547945205479479452054795,0.0000954794520547945205479479452054795,0.0000001040431512345017618600833502939965983535,c,C_NET_WAGE_ROUNDING,Net-wage rounding propagation
couple_two_best_start_children_binding,"Couple with children aged 1 and 2 and a full-time working partner, crossing Best Start abatement kinks.",1126,net_wage,NZD/week,1536.183356,1536.183260273972602739726027394520547945,-0.000095726027397260273972605479452055,0.000095726027397260273972605479452055,0.00000006231419382547995395193272713212172050118,c,C_NET_WAGE_ROUNDING,Net-wage rounding propagation
couple_two_best_start_children_binding,"Couple with children aged 1 and 2 and a full-time working partner, crossing Best Start abatement kinks.",1126,net_benefit,NZD/week,0,0,0,0,0,match,MATCH_SNAPSHOT_PRECISION,Match at oracle precision
couple_two_best_start_children_binding,"Couple with children aged 1 and 2 and a full-time working partner, crossing Best Start abatement kinks.",1126,FTC_abated,NZD/week,0,0,0,0,0,match,MATCH_SNAPSHOT_PRECISION,Match at oracle precision
couple_two_best_start_children_binding,"Couple with children aged 1 and 2 and a full-time working partner, crossing Best Start abatement kinks.",1126,IWTC_abated,NZD/week,83.008904,146.8393150684931506849315068493150684932,63.8304110684931506849315068493150684932,63.8304110684931506849315068493150684932,0.7689586055550516687334108982973087862141,b,B_WFF_VINTAGE,Working for Families forecast vintage
couple_two_best_start_children_binding,"Couple with children aged 1 and 2 and a full-time working partner, crossing Best Start abatement kinks.",1126,MFTC,NZD/week,0,0,0,0,0,match,MATCH_SNAPSHOT_PRECISION,Match at oracle precision
couple_two_best_start_children_binding,"Couple with children aged 1 and 2 and a full-time working partner, crossing Best Start abatement kinks.",1126,IETC_abated,NZD/week,0,0,0,0,0,match,MATCH_SNAPSHOT_PRECISION,Match at oracle precision
couple_two_best_start_children_binding,"Couple with children aged 1 and 2 and a full-time working partner, crossing Best Start abatement kinks.",1126,WinterEnergy,NZD/week,0,0,0,0,0,match,MATCH_SNAPSHOT_PRECISION,Match at oracle precision
couple_two_best_start_children_binding,"Couple with children aged 1 and 2 and a full-time working partner, crossing Best Start abatement kinks.",1126,BestStart_Total,NZD/week,73.515342,81.30394520547945205479452054794520547946,7.78860320547945205479452054794520547946,7.78860320547945205479452054794520547946,0.1059452760959671799499282822889568476667,b,B_WFF_VINTAGE,Working for Families forecast vintage
couple_two_best_start_children_binding,"Couple with children aged 1 and 2 and a full-time working partner, crossing Best Start abatement kinks.",1126,AS_Amount,NZD/week,0,0,0,0,0,match,MATCH_SNAPSHOT_PRECISION,Match at oracle precision
couple_two_best_start_children_binding,"Couple with children aged 1 and 2 and a full-time working partner, crossing Best Start abatement kinks.",1126,WFF_abated,NZD/week,83.008904,146.8393150684931506849315068493150684932,63.8304110684931506849315068493150684932,63.8304110684931506849315068493150684932,0.7689586055550516687334108982973087862141,b,B_WFF_VINTAGE,Working for Families forecast vintage
couple_two_best_start_children_binding,"Couple with children aged 1 and 2 and a full-time working partner, crossing Best Start abatement kinks.",1126,Net_Income,NZD/week,1692.707603,1764.326520547945205479452054791780821917,71.618917547945205479452054791780821917,71.618917547945205479452054791780821917,0.04231027108344902110033947475084438544759,b,B_COMPOUND_NET_INCOME,Compound forecast-vintage level difference
couple_two_best_start_children_binding,"Couple with children aged 1 and 2 and a full-time working partner, crossing Best Start abatement kinks.",1126,Net_Income_annual,NZD/year,88262.610714,91997.02571428571428571428571414285714281,3734.41500028571428571428571414285714281,3734.41500028571428571428571414285714281,0.04231027124709070596588432694774659056784,b,B_COMPOUND_NET_INCOME,Compound forecast-vintage level difference
couple_two_best_start_children_binding,"Couple with children aged 1 and 2 and a full-time working partner, crossing Best Start abatement kinks.",1126,EMTR,ratio,0.8025,0.801123287671232876712328764383561643,-0.001376712328767123287671235616438357,0.001376712328767123287671235616438357,0.001715529381641275124823969615499510280374,c,C_EMTR_DISCRETE_ROUNDING,EMTR statutory discreteness/period convention
couple_two_best_start_children_binding,"Couple with children aged 1 and 2 and a full-time working partner, crossing Best Start abatement kinks.",1476,gross_wage1,NZD/week,1476,1476,0,0,0,match,MATCH_SNAPSHOT_PRECISION,Match at oracle precision
couple_two_best_start_children_binding,"Couple with children aged 1 and 2 and a full-time working partner, crossing Best Start abatement kinks.",1476,hours1,hours/week,79.783784,79.78378378378378378378378378378378378378,-0.00000021621621621621621621621621621622,0.00000021621621621621621621621621621622,0.000000002710027092926755845726948927569291524202,match,MATCH_SNAPSHOT_PRECISION,Match at oracle precision
couple_two_best_start_children_binding,"Couple with children aged 1 and 2 and a full-time working partner, crossing Best Start abatement kinks.",1476,gross_wage1_annual,NZD/year,76962.857143,76962.85714285714285714285714285714285714,-0.00000014285714285714285714285714286,0.00000014285714285714285714285714286,0.000000000001856182945387652331467149919605993336452,match,MATCH_SNAPSHOT_PRECISION,Match at oracle precision
couple_two_best_start_children_binding,"Couple with children aged 1 and 2 and a full-time working partner, crossing Best Start abatement kinks.",1476,gross_wage2,NZD/week,740,740,0,0,0,match,MATCH_SNAPSHOT_PRECISION,Match at oracle precision
couple_two_best_start_children_binding,"Couple with children aged 1 and 2 and a full-time working partner, crossing Best Start abatement kinks.",1476,wage1_tax,NZD/week,293.60411,293.6041095890410958904109589068493150685,-0.0000004109589041095890410931506849315,0.0000004109589041095890410931506849315,0.000000001399704193887439249720144193252267483585,match,MATCH_SNAPSHOT_PRECISION,Match at oracle precision
couple_two_best_start_children_binding,"Couple with children aged 1 and 2 and a full-time working partner, crossing Best Start abatement kinks.",1476,wage1_ACC_levy,NZD/week,25.83,25.83,0,0,0,match,MATCH_SNAPSHOT_PRECISION,Match at oracle precision
couple_two_best_start_children_binding,"Couple with children aged 1 and 2 and a full-time working partner, crossing Best Start abatement kinks.",1476,net_wage1,NZD/week,1156.56589,1156.565890410958904109589041093150684932,0.000000410958904109589041093150684932,0.000000410958904109589041093150684932,0.0000000003553268410065154533419195727205823094091,match,MATCH_SNAPSHOT_PRECISION,Match at oracle precision
couple_two_best_start_children_binding,"Couple with children aged 1 and 2 and a full-time working partner, crossing Best Start abatement kinks.",1476,net_wage,NZD/week,1775.058356,1775.058356164383561643835616435616438357,0.000000164383561643835616435616438357,0.000000164383561643835616435616438357,0.00000000009260741264544410078854694192206039225,match,MATCH_SNAPSHOT_PRECISION,Match at oracle precision
couple_two_best_start_children_binding,"Couple with children aged 1 and 2 and a full-time working partner, crossing Best Start abatement kinks.",1476,net_benefit,NZD/week,0,0,0,0,0,match,MATCH_SNAPSHOT_PRECISION,Match at oracle precision
couple_two_best_start_children_binding,"Couple with children aged 1 and 2 and a full-time working partner, crossing Best Start abatement kinks.",1476,FTC_abated,NZD/week,0,0,0,0,0,match,MATCH_SNAPSHOT_PRECISION,Match at oracle precision
couple_two_best_start_children_binding,"Couple with children aged 1 and 2 and a full-time working partner, crossing Best Start abatement kinks.",1476,IWTC_abated,NZD/week,0,50.58931506849315068493150684931506849315,50.58931506849315068493150684931506849315,50.58931506849315068493150684931506849315,,b,B_WFF_VINTAGE,Working for Families forecast vintage
couple_two_best_start_children_binding,"Couple with children aged 1 and 2 and a full-time working partner, crossing Best Start abatement kinks.",1476,MFTC,NZD/week,0,0,0,0,0,match,MATCH_SNAPSHOT_PRECISION,Match at oracle precision
couple_two_best_start_children_binding,"Couple with children aged 1 and 2 and a full-time working partner, crossing Best Start abatement kinks.",1476,IETC_abated,NZD/week,0,0,0,0,0,match,MATCH_SNAPSHOT_PRECISION,Match at oracle precision
couple_two_best_start_children_binding,"Couple with children aged 1 and 2 and a full-time working partner, crossing Best Start abatement kinks.",1476,WinterEnergy,NZD/week,0,0,0,0,0,match,MATCH_SNAPSHOT_PRECISION,Match at oracle precision
couple_two_best_start_children_binding,"Couple with children aged 1 and 2 and a full-time working partner, crossing Best Start abatement kinks.",1476,BestStart_Total,NZD/week,0.015342,7.803945205479452054794520547945205479452,7.788603205479452054794520547945205479452,7.788603205479452054794520547945205479452,507.6654416294780377261452579810458531777,b,B_WFF_VINTAGE,Working for Families forecast vintage
couple_two_best_start_children_binding,"Couple with children aged 1 and 2 and a full-time working partner, crossing Best Start abatement kinks.",1476,AS_Amount,NZD/week,0,0,0,0,0,match,MATCH_SNAPSHOT_PRECISION,Match at oracle precision
couple_two_best_start_children_binding,"Couple with children aged 1 and 2 and a full-time working partner, crossing Best Start abatement kinks.",1476,WFF_abated,NZD/week,0,50.58931506849315068493150684931506849315,50.58931506849315068493150684931506849315,50.58931506849315068493150684931506849315,,b,B_WFF_VINTAGE,Working for Families forecast vintage
couple_two_best_start_children_binding,"Couple with children aged 1 and 2 and a full-time working partner, crossing Best Start abatement kinks.",1476,Net_Income,NZD/week,1775.073699,1833.451616438356164383561643832876712329,58.377917438356164383561643832876712329,58.377917438356164383561643832876712329,0.032887602059139159372763397489152202423,b,B_COMPOUND_NET_INCOME,Compound forecast-vintage level difference
couple_two_best_start_children_binding,"Couple with children aged 1 and 2 and a full-time working partner, crossing Best Start abatement kinks.",1476,Net_Income_annual,NZD/year,92557.414286,95601.40571428571428571428571414285714286,3043.99142828571428571428571414285714286,3043.99142828571428571428571414285714286,0.03288760227116825061858541161518870245139,b,B_COMPOUND_NET_INCOME,Compound forecast-vintage level difference
couple_two_best_start_children_binding,"Couple with children aged 1 and 2 and a full-time working partner, crossing Best Start abatement kinks.",1476,EMTR,ratio,-9.63976,0.801123287671232876712328764383561644,10.440883287671232876712328764383561644,10.440883287671232876712328764383561644,1.08310614451721130782429528996402002166,b,B_EMTR_INSTRUMENT_VINTAGE,Named-instrument vintage boundary in EMTR
couple_two_best_start_children_binding,"Couple with children aged 1 and 2 and a full-time working partner, crossing Best Start abatement kinks.",1477,gross_wage1,NZD/week,1477,1477,0,0,0,match,MATCH_SNAPSHOT_PRECISION,Match at oracle precision
couple_two_best_start_children_binding,"Couple with children aged 1 and 2 and a full-time working partner, crossing Best Start abatement kinks.",1477,hours1,hours/week,79.837838,79.83783783783783783783783783783783783784,-0.00000016216216216216216216216216216216,0.00000016216216216216216216216216216216,0.000000002031144207113451170385678056088643081743,match,MATCH_SNAPSHOT_PRECISION,Match at oracle precision
couple_two_best_start_children_binding,"Couple with children aged 1 and 2 and a full-time working partner, crossing Best Start abatement kinks.",1477,gross_wage1_annual,NZD/year,77015,77015,0,0,0,match,MATCH_SNAPSHOT_PRECISION,Match at oracle precision
couple_two_best_start_children_binding,"Couple with children aged 1 and 2 and a full-time working partner, crossing Best Start abatement kinks.",1477,gross_wage2,NZD/week,740,740,0,0,0,match,MATCH_SNAPSHOT_PRECISION,Match at oracle precision
couple_two_best_start_children_binding,"Couple with children aged 1 and 2 and a full-time working partner, crossing Best Start abatement kinks.",1477,wage1_tax,NZD/week,293.90411,293.9041095890410958904109589041095890411,-0.0000004109589041095890410958904109589,0.0000004109589041095890410958904109589,0.000000001398275458310498077403172112696552627318,match,MATCH_SNAPSHOT_PRECISION,Match at oracle precision
couple_two_best_start_children_binding,"Couple with children aged 1 and 2 and a full-time working partner, crossing Best Start abatement kinks.",1477,wage1_ACC_levy,NZD/week,25.8475,25.84745205479452054794520547945205479452,-0.00004794520547945205479452054794520548,0.00004794520547945205479452054794520548,0.000001854926220309587186169670101371717961118,c,C_ACC_ANNUAL_CENTS,ACC period/rounding convention
couple_two_best_start_children_binding,"Couple with children aged 1 and 2 and a full-time working partner, crossing Best Start abatement kinks.",1477,net_wage1,NZD/week,1157.24839,1157.248438356164383561643835616438356164,0.000048356164383561643835616438356164,0.000048356164383561643835616438356164,0.00000004178546697616200082647463294908018839413,c,C_NET_WAGE_ROUNDING,Net-wage rounding propagation
couple_two_best_start_children_binding,"Couple with children aged 1 and 2 and a full-time working partner, crossing Best Start abatement kinks.",1477,net_wage,NZD/week,1775.740856,1775.740904109589041095890410958904109589,0.000048109589041095890410958904109589,0.000048109589041095890410958904109589,0.00000002709268578156535381926184848088498336606,c,C_NET_WAGE_ROUNDING,Net-wage rounding propagation
couple_two_best_start_children_binding,"Couple with children aged 1 and 2 and a full-time working partner, crossing Best Start abatement kinks.",1477,net_benefit,NZD/week,0,0,0,0,0,match,MATCH_SNAPSHOT_PRECISION,Match at oracle precision
couple_two_best_start_children_binding,"Couple with children aged 1 and 2 and a full-time working partner, crossing Best Start abatement kinks.",1477,FTC_abated,NZD/week,0,0,0,0,0,match,MATCH_SNAPSHOT_PRECISION,Match at oracle precision
couple_two_best_start_children_binding,"Couple with children aged 1 and 2 and a full-time working partner, crossing Best Start abatement kinks.",1477,IWTC_abated,NZD/week,0,50.31506849315068493150684931506849315068,50.31506849315068493150684931506849315068,50.31506849315068493150684931506849315068,,b,B_WFF_VINTAGE,Working for Families forecast vintage
couple_two_best_start_children_binding,"Couple with children aged 1 and 2 and a full-time working partner, crossing Best Start abatement kinks.",1477,MFTC,NZD/week,0,0,0,0,0,match,MATCH_SNAPSHOT_PRECISION,Match at oracle precision
couple_two_best_start_children_binding,"Couple with children aged 1 and 2 and a full-time working partner, crossing Best Start abatement kinks.",1477,IETC_abated,NZD/week,9.972603,0,-9.972603,9.972603,1,b,B_IETC_UPSTREAM_VINTAGE_GATE,IETC eligibility gate moved by another instrument's vintage
couple_two_best_start_children_binding,"Couple with children aged 1 and 2 and a full-time working partner, crossing Best Start abatement kinks.",1477,WinterEnergy,NZD/week,0,0,0,0,0,match,MATCH_SNAPSHOT_PRECISION,Match at oracle precision
couple_two_best_start_children_binding,"Couple with children aged 1 and 2 and a full-time working partner, crossing Best Start abatement kinks.",1477,BestStart_Total,NZD/week,0,7.594520547945205479452054794520547945206,7.594520547945205479452054794520547945206,7.594520547945205479452054794520547945206,,b,B_WFF_VINTAGE,Working for Families forecast vintage
couple_two_best_start_children_binding,"Couple with children aged 1 and 2 and a full-time working partner, crossing Best Start abatement kinks.",1477,AS_Amount,NZD/week,0,0,0,0,0,match,MATCH_SNAPSHOT_PRECISION,Match at oracle precision
couple_two_best_start_children_binding,"Couple with children aged 1 and 2 and a full-time working partner, crossing Best Start abatement kinks.",1477,WFF_abated,NZD/week,0,50.31506849315068493150684931506849315068,50.31506849315068493150684931506849315068,50.31506849315068493150684931506849315068,,b,B_WFF_VINTAGE,Working for Families forecast vintage
couple_two_best_start_children_binding,"Couple with children aged 1 and 2 and a full-time working partner, crossing Best Start abatement kinks.",1477,Net_Income,NZD/week,1785.713459,1833.650493150684931506849315068493150685,47.937034150684931506849315068493150685,47.937034150684931506849315068493150685,0.02684475155242974035670821197998998263976,b,B_COMPOUND_NET_INCOME,Compound forecast-vintage level difference
couple_two_best_start_children_binding,"Couple with children aged 1 and 2 and a full-time working partner, crossing Best Start abatement kinks.",1477,Net_Income_annual,NZD/year,93112.201786,95611.77571428571428571428571428571428571,2499.57392828571428571428571428571428571,2499.57392828571428571428571428571428571,0.02684475160441905486307759594155360880846,b,B_COMPOUND_NET_INCOME,Compound forecast-vintage level difference
couple_two_best_start_children_binding,"Couple with children aged 1 and 2 and a full-time working partner, crossing Best Start abatement kinks.",1477,EMTR,ratio,0.3175,0.801315068493150684931506846575342466,0.483815068493150684931506846575342466,0.483815068493150684931506846575342466,1.523826987380002157264588493150684932283,b,B_EMTR_INSTRUMENT_VINTAGE,Named-instrument vintage boundary in EMTR
couple_two_best_start_children_binding,"Couple with children aged 1 and 2 and a full-time working partner, crossing Best Start abatement kinks.",1500,gross_wage1,NZD/week,1500,1500,0,0,0,match,MATCH_SNAPSHOT_PRECISION,Match at oracle precision
couple_two_best_start_children_binding,"Couple with children aged 1 and 2 and a full-time working partner, crossing Best Start abatement kinks.",1500,hours1,hours/week,81.081081,81.08108108108108108108108108108108108108,0.00000008108108108108108108108108108108,0.00000008108108108108108108108108108108,0.000000001000000001000000001000000000999986667667,match,MATCH_SNAPSHOT_PRECISION,Match at oracle precision
couple_two_best_start_children_binding,"Couple with children aged 1 and 2 and a full-time working partner, crossing Best Start abatement kinks.",1500,gross_wage1_annual,NZD/year,78214.285714,78214.28571428571428571428571428571428571,0.00000028571428571428571428571428571,0.00000028571428571428571428571428571,0.000000000003652968036543024540772759906943462136646,match,MATCH_SNAPSHOT_PRECISION,Match at oracle precision
couple_two_best_start_children_binding,"Couple with children aged 1 and 2 and a full-time working partner, crossing Best Start abatement kinks.",1500,gross_wage2,NZD/week,740,740,0,0,0,match,MATCH_SNAPSHOT_PRECISION,Match at oracle precision
couple_two_best_start_children_binding,"Couple with children aged 1 and 2 and a full-time working partner, crossing Best Start abatement kinks.",1500,wage1_tax,NZD/week,300.869863,300.8698630136986301369863013753424657534,0.0000000136986301369863013753424657534,0.0000000136986301369863013753424657534,0.00000000004553008400507797411182543647915976217266,match,MATCH_SNAPSHOT_PRECISION,Match at oracle precision
couple_two_best_start_children_binding,"Couple with children aged 1 and 2 and a full-time working partner, crossing Best Start abatement kinks.",1500,wage1_ACC_levy,NZD/week,26.25,26.25,0,0,0,match,MATCH_SNAPSHOT_PRECISION,Match at oracle precision
couple_two_best_start_children_binding,"Couple with children aged 1 and 2 and a full-time working partner, crossing Best Start abatement kinks.",1500,net_wage1,NZD/week,1172.880137,1172.880136986301369863013698624657534247,-0.000000013698630136986301375342465753,0.000000013698630136986301375342465753,0.00000000001167948002941267422567193305022267590844,match,MATCH_SNAPSHOT_PRECISION,Match at oracle precision
couple_two_best_start_children_binding,"Couple with children aged 1 and 2 and a full-time working partner, crossing Best Start abatement kinks.",1500,net_wage,NZD/week,1791.372603,1791.372602739726027397260273967123287672,-0.000000260273972602739726032876712328,0.000000260273972602739726032876712328,0.0000000001452930407481171721553211184887145446647,match,MATCH_SNAPSHOT_PRECISION,Match at oracle precision
couple_two_best_start_children_binding,"Couple with children aged 1 and 2 and a full-time working partner, crossing Best Start abatement kinks.",1500,net_benefit,NZD/week,0,0,0,0,0,match,MATCH_SNAPSHOT_PRECISION,Match at oracle precision
couple_two_best_start_children_binding,"Couple with children aged 1 and 2 and a full-time working partner, crossing Best Start abatement kinks.",1500,FTC_abated,NZD/week,0,0,0,0,0,match,MATCH_SNAPSHOT_PRECISION,Match at oracle precision
couple_two_best_start_children_binding,"Couple with children aged 1 and 2 and a full-time working partner, crossing Best Start abatement kinks.",1500,IWTC_abated,NZD/week,0,43.986301369863013698630136986301369863,43.986301369863013698630136986301369863,43.986301369863013698630136986301369863,,b,B_WFF_VINTAGE,Working for Families forecast vintage
couple_two_best_start_children_binding,"Couple with children aged 1 and 2 and a full-time working partner, crossing Best Start abatement kinks.",1500,MFTC,NZD/week,0,0,0,0,0,match,MATCH_SNAPSHOT_PRECISION,Match at oracle precision
couple_two_best_start_children_binding,"Couple with children aged 1 and 2 and a full-time working partner, crossing Best Start abatement kinks.",1500,IETC_abated,NZD/week,9.972603,0,-9.972603,9.972603,1,b,B_IETC_UPSTREAM_VINTAGE_GATE,IETC eligibility gate moved by another instrument's vintage
couple_two_best_start_children_binding,"Couple with children aged 1 and 2 and a full-time working partner, crossing Best Start abatement kinks.",1500,WinterEnergy,NZD/week,0,0,0,0,0,match,MATCH_SNAPSHOT_PRECISION,Match at oracle precision
couple_two_best_start_children_binding,"Couple with children aged 1 and 2 and a full-time working partner, crossing Best Start abatement kinks.",1500,BestStart_Total,NZD/week,0,2.761643835616438356164383561643835616439,2.761643835616438356164383561643835616439,2.761643835616438356164383561643835616439,,b,B_WFF_VINTAGE,Working for Families forecast vintage
couple_two_best_start_children_binding,"Couple with children aged 1 and 2 and a full-time working partner, crossing Best Start abatement kinks.",1500,AS_Amount,NZD/week,0,0,0,0,0,match,MATCH_SNAPSHOT_PRECISION,Match at oracle precision
couple_two_best_start_children_binding,"Couple with children aged 1 and 2 and a full-time working partner, crossing Best Start abatement kinks.",1500,WFF_abated,NZD/week,0,43.986301369863013698630136986301369863,43.986301369863013698630136986301369863,43.986301369863013698630136986301369863,,b,B_WFF_VINTAGE,Working for Families forecast vintage
couple_two_best_start_children_binding,"Couple with children aged 1 and 2 and a full-time working partner, crossing Best Start abatement kinks.",1500,Net_Income,NZD/week,1801.345205,1838.120547945205479452054794515068493151,36.775342945205479452054794515068493151,36.775342945205479452054794515068493151,0.02041548884862714554041005955605743717013,b,B_COMPOUND_NET_INCOME,Compound forecast-vintage level difference
couple_two_best_start_children_binding,"Couple with children aged 1 and 2 and a full-time working partner, crossing Best Start abatement kinks.",1500,Net_Income_annual,NZD/year,93927.285714,95844.85714285714285714285714257142857144,1917.57142885714285714285714257142857144,1917.57142885714285714285714257142857144,0.02041548858013391966910614417130913166632,b,B_COMPOUND_NET_INCOME,Compound forecast-vintage level difference
couple_two_best_start_children_binding,"Couple with children aged 1 and 2 and a full-time working partner, crossing Best Start abatement kinks.",1500,EMTR,ratio,0.3475,0.840424657534246575342465756164383562,0.492924657534246575342465756164383562,0.492924657534246575342465756164383562,1.418488223120134029762491384645708092086,b,B_EMTR_INSTRUMENT_VINTAGE,Named-instrument vintage boundary in EMTR
couple_two_children_dual_full_time,Couple with children aged 6 and 15 and two full-time earners.,0,gross_wage1,NZD/week,0,0,0,0,0,match,MATCH_SNAPSHOT_PRECISION,Match at oracle precision
couple_two_children_dual_full_time,Couple with children aged 6 and 15 and two full-time earners.,0,hours1,hours/week,0,0,0,0,0,match,MATCH_SNAPSHOT_PRECISION,Match at oracle precision
couple_two_children_dual_full_time,Couple with children aged 6 and 15 and two full-time earners.,0,gross_wage1_annual,NZD/year,0,0,0,0,0,match,MATCH_SNAPSHOT_PRECISION,Match at oracle precision
couple_two_children_dual_full_time,Couple with children aged 6 and 15 and two full-time earners.,0,gross_wage2,NZD/week,740,740,0,0,0,match,MATCH_SNAPSHOT_PRECISION,Match at oracle precision
couple_two_children_dual_full_time,Couple with children aged 6 and 15 and two full-time earners.,0,wage1_tax,NZD/week,0,0,0,0,0,match,MATCH_SNAPSHOT_PRECISION,Match at oracle precision
couple_two_children_dual_full_time,Couple with children aged 6 and 15 and two full-time earners.,0,wage1_ACC_levy,NZD/week,0,0,0,0,0,match,MATCH_SNAPSHOT_PRECISION,Match at oracle precision
couple_two_children_dual_full_time,Couple with children aged 6 and 15 and two full-time earners.,0,net_wage1,NZD/week,0,0,0,0,0,match,MATCH_SNAPSHOT_PRECISION,Match at oracle precision
couple_two_children_dual_full_time,Couple with children aged 6 and 15 and two full-time earners.,0,net_wage,NZD/week,618.492466,618.4924657534246575342465753424657534247,-0.0000002465753424657534246575342465753,0.0000002465753424657534246575342465753,0.0000000003986715376832956032443154231975721431019,match,MATCH_SNAPSHOT_PRECISION,Match at oracle precision
couple_two_children_dual_full_time,Couple with children aged 6 and 15 and two full-time earners.,0,net_benefit,NZD/week,0,0,0,0,0,match,MATCH_SNAPSHOT_PRECISION,Match at oracle precision
couple_two_children_dual_full_time,Couple with children aged 6 and 15 and two full-time earners.,0,FTC_abated,NZD/week,261.857534,275.6849315068493150684931506849315068493,13.8273975068493150684931506849315068493,13.8273975068493150684931506849315068493,0.05280503980782662937814556324711859101713,b,B_WFF_VINTAGE,Working for Families forecast vintage
couple_two_children_dual_full_time,Couple with children aged 6 and 15 and two full-time earners.,0,IWTC_abated,NZD/week,97.5,147.5,50,50,0.5128205128205128205128205128205128205128,b,B_WFF_VINTAGE,Working for Families forecast vintage
couple_two_children_dual_full_time,Couple with children aged 6 and 15 and two full-time earners.,0,MFTC,NZD/week,70.557534,72.480611169652265542676501575,1.923077169652265542676501575,1.923077169652265542676501575,0.02725544758483573905341563630894469752869,b,B_WFF_VINTAGE,Working for Families forecast vintage
couple_two_children_dual_full_time,Couple with children aged 6 and 15 and two full-time earners.,0,IETC_abated,NZD/week,0,0,0,0,0,match,MATCH_SNAPSHOT_PRECISION,Match at oracle precision
couple_two_children_dual_full_time,Couple with children aged 6 and 15 and two full-time earners.,0,WinterEnergy,NZD/week,0,0,0,0,0,match,MATCH_SNAPSHOT_PRECISION,Match at oracle precision
couple_two_children_dual_full_time,Couple with children aged 6 and 15 and two full-time earners.,0,BestStart_Total,NZD/week,0,0,0,0,0,match,MATCH_SNAPSHOT_PRECISION,Match at oracle precision
couple_two_children_dual_full_time,Couple with children aged 6 and 15 and two full-time earners.,0,AS_Amount,NZD/week,0,0,0,0,0,match,MATCH_SNAPSHOT_PRECISION,Match at oracle precision
couple_two_children_dual_full_time,Couple with children aged 6 and 15 and two full-time earners.,0,WFF_abated,NZD/week,359.357534,423.1849315068493150684931506849315068493,63.8273975068493150684931506849315068493,63.8273975068493150684931506849315068493,0.1776153036125000653763756924181573075056,b,B_WFF_VINTAGE,Working for Families forecast vintage
couple_two_children_dual_full_time,Couple with children aged 6 and 15 and two full-time earners.,0,Net_Income,NZD/week,1048.407534,1114.158008429926238145416227602397260274,65.750474429926238145416227602397260274,65.750474429926238145416227602397260274,0.06271461459177785548555226960282151146197,b,B_COMPOUND_NET_INCOME,Compound forecast-vintage level difference
couple_two_children_dual_full_time,Couple with children aged 6 and 15 and two full-time earners.,0,Net_Income_annual,NZD/year,54666.964286,58095.38186813186813186813186783928571428,3428.41758213186813186813186783928571428,3428.41758213186813186813186783928571428,0.06271461433628339835537748059689808754639,b,B_COMPOUND_NET_INCOME,Compound forecast-vintage level difference
couple_two_children_dual_full_time,Couple with children aged 6 and 15 and two full-time earners.,0,EMTR,ratio,1.0175,1.017452054794520547945205479452054794,-0.000047945205479452054794520547945206,0.000047945205479452054794520547945206,0.00004712059506580054525260004712059557739558,c,C_EMTR_DISCRETE_ROUNDING,EMTR statutory discreteness/period convention
couple_two_children_dual_full_time,Couple with children aged 6 and 15 and two full-time earners.,121,gross_wage1,NZD/week,121,121,0,0,0,match,MATCH_SNAPSHOT_PRECISION,Match at oracle precision
couple_two_children_dual_full_time,Couple with children aged 6 and 15 and two full-time earners.,121,hours1,hours/week,6.540541,6.540540540540540540540540540540540540541,-0.000000459459459459459459459459459459459,0.000000459459459459459459459459459459459,0.00000007024792894952565230604921817009617400151,match,MATCH_SNAPSHOT_PRECISION,Match at oracle precision
couple_two_children_dual_full_time,Couple with children aged 6 and 15 and two full-time earners.,121,gross_wage1_annual,NZD/year,6309.285714,6309.285714285714285714285714285714285714,0.000000285714285714285714285714285714,0.000000285714285714285714285714285714,0.00000000004528472772762525654829051314603376035983,match,MATCH_SNAPSHOT_PRECISION,Match at oracle precision
couple_two_children_dual_full_time,Couple with children aged 6 and 15 and two full-time earners.,121,gross_wage2,NZD/week,740,740,0,0,0,match,MATCH_SNAPSHOT_PRECISION,Match at oracle precision
couple_two_children_dual_full_time,Couple with children aged 6 and 15 and two full-time earners.,121,wage1_tax,NZD/week,12.705,12.705,0,0,0,match,MATCH_SNAPSHOT_PRECISION,Match at oracle precision
couple_two_children_dual_full_time,Couple with children aged 6 and 15 and two full-time earners.,121,wage1_ACC_levy,NZD/week,2.1175,2.117452054794520547945205479452054794521,-0.000047945205479452054794520547945205479,0.000047945205479452054794520547945205479,0.0000226423638627872749915091135514547716647,c,C_ACC_ANNUAL_CENTS,ACC period/rounding convention
couple_two_children_dual_full_time,Couple with children aged 6 and 15 and two full-time earners.,121,net_wage1,NZD/week,106.1775,106.1775479452054794520547945205479452055,0.0000479452054794520547945205479452055,0.0000479452054794520547945205479452055,0.0000004515571140726806978363640879207506298415,c,C_NET_WAGE_ROUNDING,Net-wage rounding propagation
couple_two_children_dual_full_time,Couple with children aged 6 and 15 and two full-time earners.,121,net_wage,NZD/week,724.669966,724.6700136986301369863013698630136986302,0.0000476986301369863013698630136986302,0.0000476986301369863013698630136986302,0.00000006582117705287416502350673340673566703329,c,C_NET_WAGE_ROUNDING,Net-wage rounding propagation
couple_two_children_dual_full_time,Couple with children aged 6 and 15 and two full-time earners.,121,net_benefit,NZD/week,0,0,0,0,0,match,MATCH_SNAPSHOT_PRECISION,Match at oracle precision
couple_two_children_dual_full_time,Couple with children aged 6 and 15 and two full-time earners.,121,FTC_abated,NZD/week,261.857534,275.6849315068493150684931506849315068493,13.8273975068493150684931506849315068493,13.8273975068493150684931506849315068493,0.05280503980782662937814556324711859101713,b,B_WFF_VINTAGE,Working for Families forecast vintage
couple_two_children_dual_full_time,Couple with children aged 6 and 15 and two full-time earners.,121,IWTC_abated,NZD/week,97.5,147.5,50,50,0.5128205128205128205128205128205128205128,b,B_WFF_VINTAGE,Working for Families forecast vintage
couple_two_children_dual_full_time,Couple with children aged 6 and 15 and two full-time earners.,121,MFTC,NZD/week,0,0,0,0,0,match,MATCH_SNAPSHOT_PRECISION,Match at oracle precision
couple_two_children_dual_full_time,Couple with children aged 6 and 15 and two full-time earners.,121,IETC_abated,NZD/week,0,0,0,0,0,match,MATCH_SNAPSHOT_PRECISION,Match at oracle precision
couple_two_children_dual_full_time,Couple with children aged 6 and 15 and two full-time earners.,121,WinterEnergy,NZD/week,0,0,0,0,0,match,MATCH_SNAPSHOT_PRECISION,Match at oracle precision
couple_two_children_dual_full_time,Couple with children aged 6 and 15 and two full-time earners.,121,BestStart_Total,NZD/week,0,0,0,0,0,match,MATCH_SNAPSHOT_PRECISION,Match at oracle precision
couple_two_children_dual_full_time,Couple with children aged 6 and 15 and two full-time earners.,121,AS_Amount,NZD/week,0,0,0,0,0,match,MATCH_SNAPSHOT_PRECISION,Match at oracle precision
couple_two_children_dual_full_time,Couple with children aged 6 and 15 and two full-time earners.,121,WFF_abated,NZD/week,359.357534,423.1849315068493150684931506849315068493,63.8273975068493150684931506849315068493,63.8273975068493150684931506849315068493,0.1776153036125000653763756924181573075056,b,B_WFF_VINTAGE,Working for Families forecast vintage
couple_two_children_dual_full_time,Couple with children aged 6 and 15 and two full-time earners.,121,Net_Income,NZD/week,1084.0275,1147.85494520547945205479452054794520548,63.82744520547945205479452054794520548,63.82744520547945205479452054794520548,0.05887991329138739751048245597823413656941,b,B_COMPOUND_NET_INCOME,Compound forecast-vintage level difference
couple_two_children_dual_full_time,Couple with children aged 6 and 15 and two full-time earners.,121,Net_Income_annual,NZD/year,56524.291071,59852.43642857142857142857142857142857145,3328.14535757142857142857142857142857145,3328.14535757142857142857142857142857145,0.05887991329941590469785887619578365629654,b,B_COMPOUND_NET_INCOME,Compound forecast-vintage level difference
couple_two_children_dual_full_time,Couple with children aged 6 and 15 and two full-time earners.,121,EMTR,ratio,0.37113,0.370520547945205479452054794520547946,-0.000609452054794520547945205479452054,0.000609452054794520547945205479452054,0.001642152493181689833603334355756888421847,c,C_EMTR_DISCRETE_ROUNDING,EMTR statutory discreteness/period convention
couple_two_children_dual_full_time,Couple with children aged 6 and 15 and two full-time earners.,122,gross_wage1,NZD/week,122,122,0,0,0,match,MATCH_SNAPSHOT_PRECISION,Match at oracle precision
couple_two_children_dual_full_time,Couple with children aged 6 and 15 and two full-time earners.,122,hours1,hours/week,6.594595,6.594594594594594594594594594594594594595,-0.000000405405405405405405405405405405405,0.000000405405405405405405405405405405405,0.00000006147540605683979158771773026325422561962,match,MATCH_SNAPSHOT_PRECISION,Match at oracle precision
couple_two_children_dual_full_time,Couple with children aged 6 and 15 and two full-time earners.,122,gross_wage1_annual,NZD/year,6361.428571,6361.428571428571428571428571428571428571,0.000000428571428571428571428571428571,0.000000428571428571428571428571428571,0.00000000006737031215365171651607804063654242357758,match,MATCH_SNAPSHOT_PRECISION,Match at oracle precision
couple_two_children_dual_full_time,Couple with children aged 6 and 15 and two full-time earners.,122,gross_wage2,NZD/week,740,740,0,0,0,match,MATCH_SNAPSHOT_PRECISION,Match at oracle precision
couple_two_children_dual_full_time,Couple with children aged 6 and 15 and two full-time earners.,122,wage1_tax,NZD/week,12.81,12.81,0,0,0,match,MATCH_SNAPSHOT_PRECISION,Match at oracle precision
couple_two_children_dual_full_time,Couple with children aged 6 and 15 and two full-time earners.,122,wage1_ACC_levy,NZD/week,2.135,2.135095890410958904109589041095890410959,0.000095890410958904109589041095890410959,0.000095890410958904109589041095890410959,0.00004491354143274197170446889737255782622951,c,C_ACC_ANNUAL_CENTS,ACC period/rounding convention
couple_two_children_dual_full_time,Couple with children aged 6 and 15 and two full-time earners.,122,net_wage1,NZD/week,107.055,107.054904109589041095890410958904109589,-0.000095890410958904109589041095890411,0.000095890410958904109589041095890411,0.0000008957116525048256465278697481706692821447,c,C_NET_WAGE_ROUNDING,Net-wage rounding propagation
couple_two_children_dual_full_time,Couple with children aged 6 and 15 and two full-time earners.,122,net_wage,NZD/week,725.547466,725.5473698630136986301369863013698630137,-0.0000961369863013698630136986301369863,0.0000961369863013698630136986301369863,0.0000001325026835685618162074852179788142213703,c,C_NET_WAGE_ROUNDING,Net-wage rounding propagation
couple_two_children_dual_full_time,Couple with children aged 6 and 15 and two full-time earners.,122,net_benefit,NZD/week,0,0,0,0,0,match,MATCH_SNAPSHOT_PRECISION,Match at oracle precision
couple_two_children_dual_full_time,Couple with children aged 6 and 15 and two full-time earners.,122,FTC_abated,NZD/week,261.608904,275.4370547945205479452054794520547945206,13.8281507945205479452054794520547945206,13.8281507945205479452054794520547945206,0.05285810453347775940074837610288216535856,b,B_WFF_VINTAGE,Working for Families forecast vintage
couple_two_children_dual_full_time,Couple with children aged 6 and 15 and two full-time earners.,122,IWTC_abated,NZD/week,97.5,147.5,50,50,0.5128205128205128205128205128205128205128,b,B_WFF_VINTAGE,Working for Families forecast vintage
couple_two_children_dual_full_time,Couple with children aged 6 and 15 and two full-time earners.,122,MFTC,NZD/week,0,0,0,0,0,match,MATCH_SNAPSHOT_PRECISION,Match at oracle precision
couple_two_children_dual_full_time,Couple with children aged 6 and 15 and two full-time earners.,122,IETC_abated,NZD/week,0,0,0,0,0,match,MATCH_SNAPSHOT_PRECISION,Match at oracle precision
couple_two_children_dual_full_time,Couple with children aged 6 and 15 and two full-time earners.,122,WinterEnergy,NZD/week,0,0,0,0,0,match,MATCH_SNAPSHOT_PRECISION,Match at oracle precision
couple_two_children_dual_full_time,Couple with children aged 6 and 15 and two full-time earners.,122,BestStart_Total,NZD/week,0,0,0,0,0,match,MATCH_SNAPSHOT_PRECISION,Match at oracle precision
couple_two_children_dual_full_time,Couple with children aged 6 and 15 and two full-time earners.,122,AS_Amount,NZD/week,0,0,0,0,0,match,MATCH_SNAPSHOT_PRECISION,Match at oracle precision
couple_two_children_dual_full_time,Couple with children aged 6 and 15 and two full-time earners.,122,WFF_abated,NZD/week,359.108904,422.9370547945205479452054794520547945206,63.8281507945205479452054794520547945206,63.8281507945205479452054794520547945206,0.1777403736959987712953101253430764126099,b,B_WFF_VINTAGE,Working for Families forecast vintage
couple_two_children_dual_full_time,Couple with children aged 6 and 15 and two full-time earners.,122,Net_Income,NZD/week,1084.65637,1148.484424657534246575342465753424657534,63.828054657534246575342465753424657534,63.828054657534246575342465753424657534,0.05884633734971219186712789577165776248011,b,B_COMPOUND_NET_INCOME,Compound forecast-vintage level difference
couple_two_children_dual_full_time,Couple with children aged 6 and 15 and two full-time earners.,122,Net_Income_annual,NZD/year,56557.082143,59885.25928571428571428571428571428571427,3328.17714271428571428571428571428571427,3328.17714271428571428571428571428571427,0.05884633748076429145577950092152592105957,b,B_COMPOUND_NET_INCOME,Compound forecast-vintage level difference
couple_two_children_dual_full_time,Couple with children aged 6 and 15 and two full-time earners.,122,EMTR,ratio,0.3975,0.396698630136986301369863013698630137,-0.000801369863013698630136986301369863,0.000801369863013698630136986301369863,0.002016024812613078314810028431119152201258,c,C_EMTR_DISCRETE_ROUNDING,EMTR statutory discreteness/period convention
couple_two_children_dual_full_time,Couple with children aged 6 and 15 and two full-time earners.,160,gross_wage1,NZD/week,160,160,0,0,0,match,MATCH_SNAPSHOT_PRECISION,Match at oracle precision
couple_two_children_dual_full_time,Couple with children aged 6 and 15 and two full-time earners.,160,hours1,hours/week,8.648649,8.648648648648648648648648648648648648649,-0.000000351351351351351351351351351351351,0.000000351351351351351351351351351351351,0.00000004062499834960944204711641683589552541674,match,MATCH_SNAPSHOT_PRECISION,Match at oracle precision
couple_two_children_dual_full_time,Couple with children aged 6 and 15 and two full-time earners.,160,gross_wage1_annual,NZD/year,8342.857143,8342.857142857142857142857142857142857142,-0.000000142857142857142857142857142858,0.000000142857142857142857142857142858,0.00000000001712328767093966973166199195675236315143,match,MATCH_SNAPSHOT_PRECISION,Match at oracle precision
couple_two_children_dual_full_time,Couple with children aged 6 and 15 and two full-time earners.,160,gross_wage2,NZD/week,740,740,0,0,0,match,MATCH_SNAPSHOT_PRECISION,Match at oracle precision
couple_two_children_dual_full_time,Couple with children aged 6 and 15 and two full-time earners.,160,wage1_tax,NZD/week,16.8,16.8,0,0,0,match,MATCH_SNAPSHOT_PRECISION,Match at oracle precision
couple_two_children_dual_full_time,Couple with children aged 6 and 15 and two full-time earners.,160,wage1_ACC_levy,NZD/week,2.8,2.8,0,0,0,match,MATCH_SNAPSHOT_PRECISION,Match at oracle precision
couple_two_children_dual_full_time,Couple with children aged 6 and 15 and two full-time earners.,160,net_wage1,NZD/week,140.4,140.4,0,0,0,match,MATCH_SNAPSHOT_PRECISION,Match at oracle precision
couple_two_children_dual_full_time,Couple with children aged 6 and 15 and two full-time earners.,160,net_wage,NZD/week,758.892466,758.8924657534246575342465753424657534247,-0.0000002465753424657534246575342465753,0.0000002465753424657534246575342465753,0.0000000003249147323406863610338361780169524044267,match,MATCH_SNAPSHOT_PRECISION,Match at oracle precision
couple_two_children_dual_full_time,Couple with children aged 6 and 15 and two full-time earners.,160,net_benefit,NZD/week,0,0,0,0,0,match,MATCH_SNAPSHOT_PRECISION,Match at oracle precision
couple_two_children_dual_full_time,Couple with children aged 6 and 15 and two full-time earners.,160,FTC_abated,NZD/week,251.158904,264.9893150684931506849315068493150684932,13.8304110684931506849315068493150684932,13.8304110684931506849315068493150684932,0.05506637769247930260490190245978724486391,b,B_WFF_VINTAGE,Working for Families forecast vintage
couple_two_children_dual_full_time,Couple with children aged 6 and 15 and two full-time earners.,160,IWTC_abated,NZD/week,97.5,147.5,50,50,0.5128205128205128205128205128205128205128,b,B_WFF_VINTAGE,Working for Families forecast vintage
couple_two_children_dual_full_time,Couple with children aged 6 and 15 and two full-time earners.,160,MFTC,NZD/week,0,0,0,0,0,match,MATCH_SNAPSHOT_PRECISION,Match at oracle precision
couple_two_children_dual_full_time,Couple with children aged 6 and 15 and two full-time earners.,160,IETC_abated,NZD/week,0,0,0,0,0,match,MATCH_SNAPSHOT_PRECISION,Match at oracle precision
couple_two_children_dual_full_time,Couple with children aged 6 and 15 and two full-time earners.,160,WinterEnergy,NZD/week,0,0,0,0,0,match,MATCH_SNAPSHOT_PRECISION,Match at oracle precision
couple_two_children_dual_full_time,Couple with children aged 6 and 15 and two full-time earners.,160,BestStart_Total,NZD/week,0,0,0,0,0,match,MATCH_SNAPSHOT_PRECISION,Match at oracle precision
couple_two_children_dual_full_time,Couple with children aged 6 and 15 and two full-time earners.,160,AS_Amount,NZD/week,0,0,0,0,0,match,MATCH_SNAPSHOT_PRECISION,Match at oracle precision
couple_two_children_dual_full_time,Couple with children aged 6 and 15 and two full-time earners.,160,WFF_abated,NZD/week,348.658904,412.4893150684931506849315068493150684932,63.8304110684931506849315068493150684932,63.8304110684931506849315068493150684932,0.1830740885610457568722567511120125258387,b,B_WFF_VINTAGE,Working for Families forecast vintage
couple_two_children_dual_full_time,Couple with children aged 6 and 15 and two full-time earners.,160,Net_Income,NZD/week,1107.55137,1171.381780821917808219178082191780821918,63.830410821917808219178082191780821918,63.830410821917808219178082191780821918,0.05763200926916627643120344132821651596892,b,B_COMPOUND_NET_INCOME,Compound forecast-vintage level difference
couple_two_children_dual_full_time,Couple with children aged 6 and 15 and two full-time earners.,160,Net_Income_annual,NZD/year,57750.892857,61079.19285714285714285714285714285714286,3328.30000014285714285714285714285714286,3328.30000014285714285714285714285714286,0.05763200940259459689096357717880914290675,b,B_COMPOUND_NET_INCOME,Compound forecast-vintage level difference
couple_two_children_dual_full_time,Couple with children aged 6 and 15 and two full-time earners.,160,EMTR,ratio,0.3975,0.396698630136986301369863013698630137,-0.000801369863013698630136986301369863,0.000801369863013698630136986301369863,0.002016024812613078314810028431119152201258,c,C_EMTR_DISCRETE_ROUNDING,EMTR statutory discreteness/period convention
couple_two_children_dual_full_time,Couple with children aged 6 and 15 and two full-time earners.,250,gross_wage1,NZD/week,250,250,0,0,0,match,MATCH_SNAPSHOT_PRECISION,Match at oracle precision
couple_two_children_dual_full_time,Couple with children aged 6 and 15 and two full-time earners.,250,hours1,hours/week,13.513514,13.51351351351351351351351351351351351351,-0.00000048648648648648648648648648648649,0.00000048648648648648648648648648648649,0.00000003599999870400004665599832038406072617381,match,MATCH_SNAPSHOT_PRECISION,Match at oracle precision
couple_two_children_dual_full_time,Couple with children aged 6 and 15 and two full-time earners.,250,gross_wage1_annual,NZD/year,13035.714286,13035.71428571428571428571428571428571428,-0.00000028571428571428571428571428572,0.00000028571428571428571428571428572,0.00000000002191780821869769187465868072647323439504,match,MATCH_SNAPSHOT_PRECISION,Match at oracle precision
couple_two_children_dual_full_time,Couple with children aged 6 and 15 and two full-time earners.,250,gross_wage2,NZD/week,740,740,0,0,0,match,MATCH_SNAPSHOT_PRECISION,Match at oracle precision
couple_two_children_dual_full_time,Couple with children aged 6 and 15 and two full-time earners.,250,wage1_tax,NZD/week,26.25,26.25,0,0,0,match,MATCH_SNAPSHOT_PRECISION,Match at oracle precision
couple_two_children_dual_full_time,Couple with children aged 6 and 15 and two full-time earners.,250,wage1_ACC_levy,NZD/week,4.375,4.375095890410958904109589041095890410959,0.000095890410958904109589041095890410959,0.000095890410958904109589041095890410959,0.0000219178082191780821917808219178082192,c,C_ACC_ANNUAL_CENTS,ACC period/rounding convention
couple_two_children_dual_full_time,Couple with children aged 6 and 15 and two full-time earners.,250,net_wage1,NZD/week,219.375,219.374904109589041095890410958904109589,-0.000095890410958904109589041095890411,0.000095890410958904109589041095890411,0.0000004371072864223549155056004371072866096866,c,C_NET_WAGE_ROUNDING,Net-wage rounding propagation
couple_two_children_dual_full_time,Couple with children aged 6 and 15 and two full-time earners.,250,net_wage,NZD/week,837.867466,837.8673698630136986301369863013698630137,-0.0000961369863013698630136986301369863,0.0000961369863013698630136986301369863,0.0000001147400874273472065016290179442130290329,c,C_NET_WAGE_ROUNDING,Net-wage rounding propagation
couple_two_children_dual_full_time,Couple with children aged 6 and 15 and two full-time earners.,250,net_benefit,NZD/week,0,0,0,0,0,match,MATCH_SNAPSHOT_PRECISION,Match at oracle precision
couple_two_children_dual_full_time,Couple with children aged 6 and 15 and two full-time earners.,250,FTC_abated,NZD/week,226.408904,240.2385616438356164383561643835616438356,13.8296576438356164383561643835616438356,13.8296576438356164383561643835616438356,0.06108265796753124355195926562835905002923,b,B_WFF_VINTAGE,Working for Families forecast vintage
couple_two_children_dual_full_time,Couple with children aged 6 and 15 and two full-time earners.,250,IWTC_abated,NZD/week,97.5,147.5,50,50,0.5128205128205128205128205128205128205128,b,B_WFF_VINTAGE,Working for Families forecast vintage
couple_two_children_dual_full_time,Couple with children aged 6 and 15 and two full-time earners.,250,MFTC,NZD/week,0,0,0,0,0,match,MATCH_SNAPSHOT_PRECISION,Match at oracle precision
couple_two_children_dual_full_time,Couple with children aged 6 and 15 and two full-time earners.,250,IETC_abated,NZD/week,0,0,0,0,0,match,MATCH_SNAPSHOT_PRECISION,Match at oracle precision
couple_two_children_dual_full_time,Couple with children aged 6 and 15 and two full-time earners.,250,WinterEnergy,NZD/week,0,0,0,0,0,match,MATCH_SNAPSHOT_PRECISION,Match at oracle precision
couple_two_children_dual_full_time,Couple with children aged 6 and 15 and two full-time earners.,250,BestStart_Total,NZD/week,0,0,0,0,0,match,MATCH_SNAPSHOT_PRECISION,Match at oracle precision
couple_two_children_dual_full_time,Couple with children aged 6 and 15 and two full-time earners.,250,AS_Amount,NZD/week,0,0,0,0,0,match,MATCH_SNAPSHOT_PRECISION,Match at oracle precision
couple_two_children_dual_full_time,Couple with children aged 6 and 15 and two full-time earners.,250,WFF_abated,NZD/week,323.908904,387.7385616438356164383561643835616438356,63.8296576438356164383561643835616438356,63.8296576438356164383561643835616438356,0.1970605218183061013918782682910181556343,b,B_WFF_VINTAGE,Working for Families forecast vintage
couple_two_children_dual_full_time,Couple with children aged 6 and 15 and two full-time earners.,250,Net_Income,NZD/week,1161.77637,1225.605931506849315068493150684931506849,63.829561506849315068493150684931506849,63.829561506849315068493150684931506849,0.05494134943272199198585279427307641560053,b,B_COMPOUND_NET_INCOME,Compound forecast-vintage level difference
couple_two_children_dual_full_time,Couple with children aged 6 and 15 and two full-time earners.,250,Net_Income_annual,NZD/year,60578.339286,63906.59499999999999999999999999999999998,3328.25571399999999999999999999999999998,3328.25571399999999999999999999999999998,0.0549413495521356904171504692575834043966,b,B_COMPOUND_NET_INCOME,Compound forecast-vintage level difference
couple_two_children_dual_full_time,Couple with children aged 6 and 15 and two full-time earners.,250,EMTR,ratio,0.3975,0.396698630136986301369863013698630137,-0.000801369863013698630136986301369863,0.000801369863013698630136986301369863,0.002016024812613078314810028431119152201258,c,C_EMTR_DISCRETE_ROUNDING,EMTR statutory discreteness/period convention
couple_two_children_dual_full_time,Couple with children aged 6 and 15 and two full-time earners.,370,gross_wage1,NZD/week,370,370,0,0,0,match,MATCH_SNAPSHOT_PRECISION,Match at oracle precision
couple_two_children_dual_full_time,Couple with children aged 6 and 15 and two full-time earners.,370,hours1,hours/week,20,20,0,0,0,match,MATCH_SNAPSHOT_PRECISION,Match at oracle precision
couple_two_children_dual_full_time,Couple with children aged 6 and 15 and two full-time earners.,370,gross_wage1_annual,NZD/year,19292.857143,19292.85714285714285714285714285714285714,-0.00000014285714285714285714285714286,0.00000014285714285714285714285714286,0.000000000007404664938856685191122867936533707012688,match,MATCH_SNAPSHOT_PRECISION,Match at oracle precision
couple_two_children_dual_full_time,Couple with children aged 6 and 15 and two full-time earners.,370,gross_wage2,NZD/week,740,740,0,0,0,match,MATCH_SNAPSHOT_PRECISION,Match at oracle precision
couple_two_children_dual_full_time,Couple with children aged 6 and 15 and two full-time earners.,370,wage1_tax,NZD/week,43.807534,43.80753424657534246575342465753424657534,0.00000024657534246575342465753424657534,0.00000024657534246575342465753424657534,0.00000000562860585728823322165393392322288672994,match,MATCH_SNAPSHOT_PRECISION,Match at oracle precision
couple_two_children_dual_full_time,Couple with children aged 6 and 15 and two full-time earners.,370,wage1_ACC_levy,NZD/week,6.475,6.475095890410958904109589041095890410959,0.000095890410958904109589041095890410959,0.000095890410958904109589041095890410959,0.00001480932987782302850796001480932987783784,c,C_ACC_ANNUAL_CENTS,ACC period/rounding convention
couple_two_children_dual_full_time,Couple with children aged 6 and 15 and two full-time earners.,370,net_wage1,NZD/week,319.717466,319.7173698630136986301369863013698630137,-0.0000961369863013698630136986301369863,0.0000961369863013698630136986301369863,0.0000003006935701828997450320672507049905743967,c,C_NET_WAGE_ROUNDING,Net-wage rounding propagation
couple_two_children_dual_full_time,Couple with children aged 6 and 15 and two full-time earners.,370,net_wage,NZD/week,938.209932,938.2098356164383561643835616438356164384,-0.0000963835616438356164383561643835616,0.0000963835616438356164383561643835616,0.0000001027313380048886718013939809619939090562,c,C_NET_WAGE_ROUNDING,Net-wage rounding propagation
couple_two_children_dual_full_time,Couple with children aged 6 and 15 and two full-time earners.,370,net_benefit,NZD/week,0,0,0,0,0,match,MATCH_SNAPSHOT_PRECISION,Match at oracle precision
couple_two_children_dual_full_time,Couple with children aged 6 and 15 and two full-time earners.,370,FTC_abated,NZD/week,193.408904,207.2393150684931506849315068493150684932,13.8304110684931506849315068493150684932,13.8304110684931506849315068493150684932,0.0715086574736660039443246462392189994169,b,B_WFF_VINTAGE,Working for Families forecast vintage
couple_two_children_dual_full_time,Couple with children aged 6 and 15 and two full-time earners.,370,IWTC_abated,NZD/week,97.5,147.5,50,50,0.5128205128205128205128205128205128205128,b,B_WFF_VINTAGE,Working for Families forecast vintage
couple_two_children_dual_full_time,Couple with children aged 6 and 15 and two full-time earners.,370,MFTC,NZD/week,0,0,0,0,0,match,MATCH_SNAPSHOT_PRECISION,Match at oracle precision
couple_two_children_dual_full_time,Couple with children aged 6 and 15 and two full-time earners.,370,IETC_abated,NZD/week,0,0,0,0,0,match,MATCH_SNAPSHOT_PRECISION,Match at oracle precision
couple_two_children_dual_full_time,Couple with children aged 6 and 15 and two full-time earners.,370,WinterEnergy,NZD/week,0,0,0,0,0,match,MATCH_SNAPSHOT_PRECISION,Match at oracle precision
couple_two_children_dual_full_time,Couple with children aged 6 and 15 and two full-time earners.,370,BestStart_Total,NZD/week,0,0,0,0,0,match,MATCH_SNAPSHOT_PRECISION,Match at oracle precision
couple_two_children_dual_full_time,Couple with children aged 6 and 15 and two full-time earners.,370,AS_Amount,NZD/week,0,0,0,0,0,match,MATCH_SNAPSHOT_PRECISION,Match at oracle precision
couple_two_children_dual_full_time,Couple with children aged 6 and 15 and two full-time earners.,370,WFF_abated,NZD/week,290.908904,354.7393150684931506849315068493150684932,63.8304110684931506849315068493150684932,63.8304110684931506849315068493150684932,0.2194171790234827280671048379093789047213,b,B_WFF_VINTAGE,Working for Families forecast vintage
couple_two_children_dual_full_time,Couple with children aged 6 and 15 and two full-time earners.,370,Net_Income,NZD/week,1229.118836,1292.949150684931506849315068493150684932,63.830314684931506849315068493150684932,63.830314684931506849315068493150684932,0.05193176836558666720271063236163007181512,b,B_COMPOUND_NET_INCOME,Compound forecast-vintage level difference
couple_two_children_dual_full_time,Couple with children aged 6 and 15 and two full-time earners.,370,Net_Income_annual,NZD/year,64089.767857,67418.06285714285714285714285714285714288,3328.29500014285714285714285714285714288,3328.29500014285714285714285714285714288,0.05193176869619968145950687956699017729257,b,B_COMPOUND_NET_INCOME,Compound forecast-vintage level difference
couple_two_children_dual_full_time,Couple with children aged 6 and 15 and two full-time earners.,370,EMTR,ratio,0.4675,0.466698630136986301369863013698630137,-0.000801369863013698630136986301369863,0.000801369863013698630136986301369863,0.001714160134788660171416013478866017112299,c,C_EMTR_DISCRETE_ROUNDING,EMTR statutory discreteness/period convention
couple_two_children_dual_full_time,Couple with children aged 6 and 15 and two full-time earners.,555,gross_wage1,NZD/week,555,555,0,0,0,match,MATCH_SNAPSHOT_PRECISION,Match at oracle precision
couple_two_children_dual_full_time,Couple with children aged 6 and 15 and two full-time earners.,555,hours1,hours/week,30,30,0,0,0,match,MATCH_SNAPSHOT_PRECISION,Match at oracle precision
couple_two_children_dual_full_time,Couple with children aged 6 and 15 and two full-time earners.,555,gross_wage1_annual,NZD/year,28939.285714,28939.28571428571428571428571428571428571,0.00000028571428571428571428571428571,0.00000028571428571428571428571428571,0.000000000009872886585312826228165497482050257904303,match,MATCH_SNAPSHOT_PRECISION,Match at oracle precision
couple_two_children_dual_full_time,Couple with children aged 6 and 15 and two full-time earners.,555,gross_wage2,NZD/week,740,740,0,0,0,match,MATCH_SNAPSHOT_PRECISION,Match at oracle precision
couple_two_children_dual_full_time,Couple with children aged 6 and 15 and two full-time earners.,555,wage1_tax,NZD/week,76.182534,76.18253424657534246575342465753424657535,0.00000024657534246575342465753424657535,0.00000024657534246575342465753424657535,0.000000003236638761133272682391140291754406594036,match,MATCH_SNAPSHOT_PRECISION,Match at oracle precision
couple_two_children_dual_full_time,Couple with children aged 6 and 15 and two full-time earners.,555,wage1_ACC_levy,NZD/week,9.7125,9.71254794520547945205479452054794520548,0.00004794520547945205479452054794520548,0.00004794520547945205479452054794520548,0.000004936443292607676169320004936443292664093,c,C_ACC_ANNUAL_CENTS,ACC period/rounding convention
couple_two_children_dual_full_time,Couple with children aged 6 and 15 and two full-time earners.,555,net_wage1,NZD/week,469.104966,469.1049178082191780821917808219178082191,-0.0000481917808219178082191780821917809,0.0000481917808219178082191780821917809,0.0000001027313380048886718013939809619941222281,c,C_NET_WAGE_ROUNDING,Net-wage rounding propagation
couple_two_children_dual_full_time,Couple with children aged 6 and 15 and two full-time earners.,555,net_wage,NZD/week,1087.597432,1087.597383561643835616438356164383561644,-0.000048438356164383561643835616438356,0.000048438356164383561643835616438356,0.00000004453702697266350445358132882972456301276,c,C_NET_WAGE_ROUNDING,Net-wage rounding propagation
couple_two_children_dual_full_time,Couple with children aged 6 and 15 and two full-time earners.,555,net_benefit,NZD/week,0,0,0,0,0,match,MATCH_SNAPSHOT_PRECISION,Match at oracle precision
couple_two_children_dual_full_time,Couple with children aged 6 and 15 and two full-time earners.,555,FTC_abated,NZD/week,142.533904,156.361301369863013698630136986301369863,13.827397369863013698630136986301369863,13.827397369863013698630136986301369863,0.0970112863102593029278854032251959496107,b,B_WFF_VINTAGE,Working for Families forecast vintage
couple_two_children_dual_full_time,Couple with children aged 6 and 15 and two full-time earners.,555,IWTC_abated,NZD/week,97.5,147.5,50,50,0.5128205128205128205128205128205128205128,b,B_WFF_VINTAGE,Working for Families forecast vintage
couple_two_children_dual_full_time,Couple with children aged 6 and 15 and two full-time earners.,555,MFTC,NZD/week,0,0,0,0,0,match,MATCH_SNAPSHOT_PRECISION,Match at oracle precision
couple_two_children_dual_full_time,Couple with children aged 6 and 15 and two full-time earners.,555,IETC_abated,NZD/week,0,0,0,0,0,match,MATCH_SNAPSHOT_PRECISION,Match at oracle precision
couple_two_children_dual_full_time,Couple with children aged 6 and 15 and two full-time earners.,555,WinterEnergy,NZD/week,0,0,0,0,0,match,MATCH_SNAPSHOT_PRECISION,Match at oracle precision
couple_two_children_dual_full_time,Couple with children aged 6 and 15 and two full-time earners.,555,BestStart_Total,NZD/week,0,0,0,0,0,match,MATCH_SNAPSHOT_PRECISION,Match at oracle precision
couple_two_children_dual_full_time,Couple with children aged 6 and 15 and two full-time earners.,555,AS_Amount,NZD/week,0,0,0,0,0,match,MATCH_SNAPSHOT_PRECISION,Match at oracle precision
couple_two_children_dual_full_time,Couple with children aged 6 and 15 and two full-time earners.,555,WFF_abated,NZD/week,240.033904,303.861301369863013698630136986301369863,63.827397369863013698630136986301369863,63.827397369863013698630136986301369863,0.2659099248323812360216835742766628911847,b,B_WFF_VINTAGE,Working for Families forecast vintage
couple_two_children_dual_full_time,Couple with children aged 6 and 15 and two full-time earners.,555,Net_Income,NZD/week,1327.631336,1391.458684931506849315068493150684931507,63.827348931506849315068493150684931507,63.827348931506849315068493150684931507,0.04807610908297124535110287058687271863776,b,B_COMPOUND_NET_INCOME,Compound forecast-vintage level difference
couple_two_children_dual_full_time,Couple with children aged 6 and 15 and two full-time earners.,555,Net_Income_annual,NZD/year,69226.491071,72554.63142857142857142857142857142857143,3328.14035757142857142857142857142857143,3328.14035757142857142857142857142857143,0.04807610939225599062327738227145926593559,b,B_COMPOUND_NET_INCOME,Compound forecast-vintage level difference
couple_two_children_dual_full_time,Couple with children aged 6 and 15 and two full-time earners.,555,EMTR,ratio,0.4675,0.466698630136986301369863011780821918,-0.000801369863013698630136988219178082,0.000801369863013698630136988219178082,0.001714160134788660171416017581129587165775,c,C_EMTR_DISCRETE_ROUNDING,EMTR statutory discreteness/period convention
couple_two_children_dual_full_time,Couple with children aged 6 and 15 and two full-time earners.,740,gross_wage1,NZD/week,740,740,0,0,0,match,MATCH_SNAPSHOT_PRECISION,Match at oracle precision
couple_two_children_dual_full_time,Couple with children aged 6 and 15 and two full-time earners.,740,hours1,hours/week,40,40,0,0,0,match,MATCH_SNAPSHOT_PRECISION,Match at oracle precision
couple_two_children_dual_full_time,Couple with children aged 6 and 15 and two full-time earners.,740,gross_wage1_annual,NZD/year,38585.714286,38585.71428571428571428571428571428571428,-0.00000028571428571428571428571428572,0.00000028571428571428571428571428572,0.000000000007404664938856685191122867936533707012688,match,MATCH_SNAPSHOT_PRECISION,Match at oracle precision
couple_two_children_dual_full_time,Couple with children aged 6 and 15 and two full-time earners.,740,gross_wage2,NZD/week,740,740,0,0,0,match,MATCH_SNAPSHOT_PRECISION,Match at oracle precision
couple_two_children_dual_full_time,Couple with children aged 6 and 15 and two full-time earners.,740,wage1_tax,NZD/week,108.557534,108.5575342465753424657534246575342465753,0.0000002465753424657534246575342465753,0.0000002465753424657534246575342465753,0.000000002271379363368307764411213012404095325157,match,MATCH_SNAPSHOT_PRECISION,Match at oracle precision
couple_two_children_dual_full_time,Couple with children aged 6 and 15 and two full-time earners.,740,wage1_ACC_levy,NZD/week,12.95,12.95,0,0,0,match,MATCH_SNAPSHOT_PRECISION,Match at oracle precision
couple_two_children_dual_full_time,Couple with children aged 6 and 15 and two full-time earners.,740,net_wage1,NZD/week,618.492466,618.4924657534246575342465753424657534247,-0.0000002465753424657534246575342465753,0.0000002465753424657534246575342465753,0.0000000003986715376832956032443154231975721431019,match,MATCH_SNAPSHOT_PRECISION,Match at oracle precision
couple_two_children_dual_full_time,Couple with children aged 6 and 15 and two full-time earners.,740,net_wage,NZD/week,1236.984932,1236.984931506849315068493150684931506849,-0.000000493150684931506849315068493151,0.000000493150684931506849315068493151,0.0000000003986715376832956032443154231978955100158,match,MATCH_SNAPSHOT_PRECISION,Match at oracle precision
couple_two_children_dual_full_time,Couple with children aged 6 and 15 and two full-time earners.,740,net_benefit,NZD/week,0,0,0,0,0,match,MATCH_SNAPSHOT_PRECISION,Match at oracle precision
couple_two_children_dual_full_time,Couple with children aged 6 and 15 and two full-time earners.,740,FTC_abated,NZD/week,91.658904,105.4885616438356164383561643835616438356,13.8296576438356164383561643835616438356,13.8296576438356164383561643835616438356,0.1508817696951254887179991196879426338722,b,B_WFF_VINTAGE,Working for Families forecast vintage
couple_two_children_dual_full_time,Couple with children aged 6 and 15 and two full-time earners.,740,IWTC_abated,NZD/week,97.5,147.5,50,50,0.5128205128205128205128205128205128205128,b,B_WFF_VINTAGE,Working for Families forecast vintage
couple_two_children_dual_full_time,Couple with children aged 6 and 15 and two full-time earners.,740,MFTC,NZD/week,0,0,0,0,0,match,MATCH_SNAPSHOT_PRECISION,Match at oracle precision
couple_two_children_dual_full_time,Couple with children aged 6 and 15 and two full-time earners.,740,IETC_abated,NZD/week,0,0,0,0,0,match,MATCH_SNAPSHOT_PRECISION,Match at oracle precision
couple_two_children_dual_full_time,Couple with children aged 6 and 15 and two full-time earners.,740,WinterEnergy,NZD/week,0,0,0,0,0,match,MATCH_SNAPSHOT_PRECISION,Match at oracle precision
couple_two_children_dual_full_time,Couple with children aged 6 and 15 and two full-time earners.,740,BestStart_Total,NZD/week,0,0,0,0,0,match,MATCH_SNAPSHOT_PRECISION,Match at oracle precision
couple_two_children_dual_full_time,Couple with children aged 6 and 15 and two full-time earners.,740,AS_Amount,NZD/week,0,0,0,0,0,match,MATCH_SNAPSHOT_PRECISION,Match at oracle precision
couple_two_children_dual_full_time,Couple with children aged 6 and 15 and two full-time earners.,740,WFF_abated,NZD/week,189.158904,252.9885616438356164383561643835616438356,63.8296576438356164383561643835616438356,63.8296576438356164383561643835616438356,0.3374393501658035428158124895012166270302,b,B_WFF_VINTAGE,Working for Families forecast vintage
couple_two_children_dual_full_time,Couple with children aged 6 and 15 and two full-time earners.,740,Net_Income,NZD/week,1426.143836,1489.973493150684931506849315068493150685,63.829657150684931506849315068493150685,63.829657150684931506849315068493150685,0.04475681592518198950224913713997439363823,b,B_COMPOUND_NET_INCOME,Compound forecast-vintage level difference
couple_two_children_dual_full_time,Couple with children aged 6 and 15 and two full-time earners.,740,Net_Income_annual,NZD/year,74363.214286,77691.475,3328.260714,3328.260714,0.04475681620215541741086595074403774542619,b,B_COMPOUND_NET_INCOME,Compound forecast-vintage level difference
couple_two_children_dual_full_time,Couple with children aged 6 and 15 and two full-time earners.,740,EMTR,ratio,0.4675,0.466698630136986301369863013698630137,-0.000801369863013698630136986301369863,0.000801369863013698630136986301369863,0.001714160134788660171416013478866017112299,c,C_EMTR_DISCRETE_ROUNDING,EMTR statutory discreteness/period convention
couple_two_children_dual_full_time,Couple with children aged 6 and 15 and two full-time earners.,1000,gross_wage1,NZD/week,1000,1000,0,0,0,match,MATCH_SNAPSHOT_PRECISION,Match at oracle precision
couple_two_children_dual_full_time,Couple with children aged 6 and 15 and two full-time earners.,1000,hours1,hours/week,54.054054,54.05405405405405405405405405405405405405,0.00000005405405405405405405405405405405,0.00000005405405405405405405405405405405,0.000000001000000001000000001000000000999925001,match,MATCH_SNAPSHOT_PRECISION,Match at oracle precision
couple_two_children_dual_full_time,Couple with children aged 6 and 15 and two full-time earners.,1000,gross_wage1_annual,NZD/year,52142.857143,52142.85714285714285714285714285714285714,-0.00000014285714285714285714285714286,0.00000014285714285714285714285714286,0.000000000002739726027389754175267425331081459108682,match,MATCH_SNAPSHOT_PRECISION,Match at oracle precision
couple_two_children_dual_full_time,Couple with children aged 6 and 15 and two full-time earners.,1000,gross_wage2,NZD/week,740,740,0,0,0,match,MATCH_SNAPSHOT_PRECISION,Match at oracle precision
couple_two_children_dual_full_time,Couple with children aged 6 and 15 and two full-time earners.,1000,wage1_tax,NZD/week,154.057534,154.0575342465753424657534246575342465754,0.0000002465753424657534246575342465754,0.0000002465753424657534246575342465754,0.00000000160054062961798041410642238746597099237,match,MATCH_SNAPSHOT_PRECISION,Match at oracle precision
couple_two_children_dual_full_time,Couple with children aged 6 and 15 and two full-time earners.,1000,wage1_ACC_levy,NZD/week,17.5,17.5,0,0,0,match,MATCH_SNAPSHOT_PRECISION,Match at oracle precision
couple_two_children_dual_full_time,Couple with children aged 6 and 15 and two full-time earners.,1000,net_wage1,NZD/week,828.442466,828.4424657534246575342465753424657534246,-0.0000002465753424657534246575342465754,0.0000002465753424657534246575342465754,0.0000000002976372561589007493702456418686291728556,match,MATCH_SNAPSHOT_PRECISION,Match at oracle precision
couple_two_children_dual_full_time,Couple with children aged 6 and 15 and two full-time earners.,1000,net_wage,NZD/week,1446.934932,1446.934931506849315068493150684931506849,-0.000000493150684931506849315068493151,0.000000493150684931506849315068493151,0.0000000003408243688262181297002984327362966726689,match,MATCH_SNAPSHOT_PRECISION,Match at oracle precision
couple_two_children_dual_full_time,Couple with children aged 6 and 15 and two full-time earners.,1000,net_benefit,NZD/week,0,0,0,0,0,match,MATCH_SNAPSHOT_PRECISION,Match at oracle precision
couple_two_children_dual_full_time,Couple with children aged 6 and 15 and two full-time earners.,1000,FTC_abated,NZD/week,20.158904,33.98931506849315068493150684931506849315,13.83041106849315068493150684931506849315,13.83041106849315068493150684931506849315,0.6860695932920336683448419045655988288426,b,B_WFF_VINTAGE,Working for Families forecast vintage
couple_two_children_dual_full_time,Couple with children aged 6 and 15 and two full-time earners.,1000,IWTC_abated,NZD/week,97.5,147.5,50,50,0.5128205128205128205128205128205128205128,b,B_WFF_VINTAGE,Working for Families forecast vintage
couple_two_children_dual_full_time,Couple with children aged 6 and 15 and two full-time earners.,1000,MFTC,NZD/week,0,0,0,0,0,match,MATCH_SNAPSHOT_PRECISION,Match at oracle precision
couple_two_children_dual_full_time,Couple with children aged 6 and 15 and two full-time earners.,1000,IETC_abated,NZD/week,0,0,0,0,0,match,MATCH_SNAPSHOT_PRECISION,Match at oracle precision
couple_two_children_dual_full_time,Couple with children aged 6 and 15 and two full-time earners.,1000,WinterEnergy,NZD/week,0,0,0,0,0,match,MATCH_SNAPSHOT_PRECISION,Match at oracle precision
couple_two_children_dual_full_time,Couple with children aged 6 and 15 and two full-time earners.,1000,BestStart_Total,NZD/week,0,0,0,0,0,match,MATCH_SNAPSHOT_PRECISION,Match at oracle precision
couple_two_children_dual_full_time,Couple with children aged 6 and 15 and two full-time earners.,1000,AS_Amount,NZD/week,0,0,0,0,0,match,MATCH_SNAPSHOT_PRECISION,Match at oracle precision
couple_two_children_dual_full_time,Couple with children aged 6 and 15 and two full-time earners.,1000,WFF_abated,NZD/week,117.658904,181.4893150684931506849315068493150684932,63.8304110684931506849315068493150684932,63.8304110684931506849315068493150684932,0.5425038726222806791140218920390000275134,b,B_WFF_VINTAGE,Working for Families forecast vintage
couple_two_children_dual_full_time,Couple with children aged 6 and 15 and two full-time earners.,1000,Net_Income,NZD/week,1564.593836,1628.424246575342465753424657534246575342,63.830410575342465753424657534246575342,63.830410575342465753424657534246575342,0.04079679282038438617076633908855983460617,b,B_COMPOUND_NET_INCOME,Compound forecast-vintage level difference
couple_two_children_dual_full_time,Couple with children aged 6 and 15 and two full-time earners.,1000,Net_Income_annual,NZD/year,81582.392857,84910.69285714285714285714285714285714283,3328.30000014285714285714285714285714283,3328.30000014285714285714285714285714283,0.04079679307735921098709999874970763561738,b,B_COMPOUND_NET_INCOME,Compound forecast-vintage level difference
couple_two_children_dual_full_time,Couple with children aged 6 and 15 and two full-time earners.,1000,EMTR,ratio,0.4675,0.466698630136986301369863013698630136,-0.000801369863013698630136986301369864,0.000801369863013698630136986301369864,0.001714160134788660171416013478866019251337,c,C_EMTR_DISCRETE_ROUNDING,EMTR statutory discreteness/period convention
couple_two_children_dual_full_time,Couple with children aged 6 and 15 and two full-time earners.,1500,gross_wage1,NZD/week,1500,1500,0,0,0,match,MATCH_SNAPSHOT_PRECISION,Match at oracle precision
couple_two_children_dual_full_time,Couple with children aged 6 and 15 and two full-time earners.,1500,hours1,hours/week,81.081081,81.08108108108108108108108108108108108108,0.00000008108108108108108108108108108108,0.00000008108108108108108108108108108108,0.000000001000000001000000001000000000999986667667,match,MATCH_SNAPSHOT_PRECISION,Match at oracle precision
couple_two_children_dual_full_time,Couple with children aged 6 and 15 and two full-time earners.,1500,gross_wage1_annual,NZD/year,78214.285714,78214.28571428571428571428571428571428571,0.00000028571428571428571428571428571,0.00000028571428571428571428571428571,0.000000000003652968036543024540772759906943462136646,match,MATCH_SNAPSHOT_PRECISION,Match at oracle precision
couple_two_children_dual_full_time,Couple with children aged 6 and 15 and two full-time earners.,1500,gross_wage2,NZD/week,740,740,0,0,0,match,MATCH_SNAPSHOT_PRECISION,Match at oracle precision
couple_two_children_dual_full_time,Couple with children aged 6 and 15 and two full-time earners.,1500,wage1_tax,NZD/week,300.869863,300.8698630136986301369863013753424657534,0.0000000136986301369863013753424657534,0.0000000136986301369863013753424657534,0.00000000004553008400507797411182543647915976217266,match,MATCH_SNAPSHOT_PRECISION,Match at oracle precision
couple_two_children_dual_full_time,Couple with children aged 6 and 15 and two full-time earners.,1500,wage1_ACC_levy,NZD/week,26.25,26.25,0,0,0,match,MATCH_SNAPSHOT_PRECISION,Match at oracle precision
couple_two_children_dual_full_time,Couple with children aged 6 and 15 and two full-time earners.,1500,net_wage1,NZD/week,1172.880137,1172.880136986301369863013698624657534247,-0.000000013698630136986301375342465753,0.000000013698630136986301375342465753,0.00000000001167948002941267422567193305022267590844,match,MATCH_SNAPSHOT_PRECISION,Match at oracle precision
couple_two_children_dual_full_time,Couple with children aged 6 and 15 and two full-time earners.,1500,net_wage,NZD/week,1791.372603,1791.372602739726027397260273967123287672,-0.000000260273972602739726032876712328,0.000000260273972602739726032876712328,0.0000000001452930407481171721553211184887145446647,match,MATCH_SNAPSHOT_PRECISION,Match at oracle precision
couple_two_children_dual_full_time,Couple with children aged 6 and 15 and two full-time earners.,1500,net_benefit,NZD/week,0,0,0,0,0,match,MATCH_SNAPSHOT_PRECISION,Match at oracle precision
couple_two_children_dual_full_time,Couple with children aged 6 and 15 and two full-time earners.,1500,FTC_abated,NZD/week,0,0,0,0,0,match,MATCH_SNAPSHOT_PRECISION,Match at oracle precision
couple_two_children_dual_full_time,Couple with children aged 6 and 15 and two full-time earners.,1500,IWTC_abated,NZD/week,0,43.986301369863013698630136986301369863,43.986301369863013698630136986301369863,43.986301369863013698630136986301369863,,b,B_WFF_VINTAGE,Working for Families forecast vintage
couple_two_children_dual_full_time,Couple with children aged 6 and 15 and two full-time earners.,1500,MFTC,NZD/week,0,0,0,0,0,match,MATCH_SNAPSHOT_PRECISION,Match at oracle precision
couple_two_children_dual_full_time,Couple with children aged 6 and 15 and two full-time earners.,1500,IETC_abated,NZD/week,9.972603,0,-9.972603,9.972603,1,b,B_IETC_UPSTREAM_VINTAGE_GATE,IETC eligibility gate moved by another instrument's vintage
couple_two_children_dual_full_time,Couple with children aged 6 and 15 and two full-time earners.,1500,WinterEnergy,NZD/week,0,0,0,0,0,match,MATCH_SNAPSHOT_PRECISION,Match at oracle precision
couple_two_children_dual_full_time,Couple with children aged 6 and 15 and two full-time earners.,1500,BestStart_Total,NZD/week,0,0,0,0,0,match,MATCH_SNAPSHOT_PRECISION,Match at oracle precision
couple_two_children_dual_full_time,Couple with children aged 6 and 15 and two full-time earners.,1500,AS_Amount,NZD/week,0,0,0,0,0,match,MATCH_SNAPSHOT_PRECISION,Match at oracle precision
couple_two_children_dual_full_time,Couple with children aged 6 and 15 and two full-time earners.,1500,WFF_abated,NZD/week,0,43.986301369863013698630136986301369863,43.986301369863013698630136986301369863,43.986301369863013698630136986301369863,,b,B_WFF_VINTAGE,Working for Families forecast vintage
couple_two_children_dual_full_time,Couple with children aged 6 and 15 and two full-time earners.,1500,Net_Income,NZD/week,1801.345205,1835.358904109589041095890410953424657535,34.013699109589041095890410953424657535,34.013699109589041095890410953424657535,0.01888238801489969885915920871670161496613,b,B_COMPOUND_NET_INCOME,Compound forecast-vintage level difference
couple_two_children_dual_full_time,Couple with children aged 6 and 15 and two full-time earners.,1500,Net_Income_annual,NZD/year,93927.285714,95700.85714285714285714285714257142857146,1773.57142885714285714285714257142857146,1773.57142885714285714285714257142857146,0.01888238774680986473654182297168034793809,b,B_COMPOUND_NET_INCOME,Compound forecast-vintage level difference
couple_two_children_dual_full_time,Couple with children aged 6 and 15 and two full-time earners.,1500,EMTR,ratio,0.3475,0.626972602739726027397260276712328767,0.279472602739726027397260276712328767,0.279472602739726027397260276712328767,0.8042377057258302946683748970138957323741,b,B_EMTR_INSTRUMENT_VINTAGE,Named-instrument vintage boundary in EMTR
single_childless_ietc_focused,Childless single adult with focused points around the IETC eligibility and abatement kinks.,0,gross_wage1,NZD/week,0,0,0,0,0,match,MATCH_SNAPSHOT_PRECISION,Match at oracle precision
single_childless_ietc_focused,Childless single adult with focused points around the IETC eligibility and abatement kinks.,0,hours1,hours/week,0,0,0,0,0,match,MATCH_SNAPSHOT_PRECISION,Match at oracle precision
single_childless_ietc_focused,Childless single adult with focused points around the IETC eligibility and abatement kinks.,0,gross_wage1_annual,NZD/year,0,0,0,0,0,match,MATCH_SNAPSHOT_PRECISION,Match at oracle precision
single_childless_ietc_focused,Childless single adult with focused points around the IETC eligibility and abatement kinks.,0,gross_wage2,NZD/week,0,0,0,0,0,match,MATCH_SNAPSHOT_PRECISION,Match at oracle precision
single_childless_ietc_focused,Childless single adult with focused points around the IETC eligibility and abatement kinks.,0,wage1_tax,NZD/week,0,0,0,0,0,match,MATCH_SNAPSHOT_PRECISION,Match at oracle precision
single_childless_ietc_focused,Childless single adult with focused points around the IETC eligibility and abatement kinks.,0,wage1_ACC_levy,NZD/week,0,0,0,0,0,match,MATCH_SNAPSHOT_PRECISION,Match at oracle precision
single_childless_ietc_focused,Childless single adult with focused points around the IETC eligibility and abatement kinks.,0,net_wage1,NZD/week,0,0,0,0,0,match,MATCH_SNAPSHOT_PRECISION,Match at oracle precision
single_childless_ietc_focused,Childless single adult with focused points around the IETC eligibility and abatement kinks.,0,net_wage,NZD/week,0,0,0,0,0,match,MATCH_SNAPSHOT_PRECISION,Match at oracle precision
single_childless_ietc_focused,Childless single adult with focused points around the IETC eligibility and abatement kinks.,0,net_benefit,NZD/week,369.6,372.55,2.95,2.95,0.007981601731601731601731601731601731601732,b,B_BENEFIT_VINTAGE,Main-benefit forecast vintage
single_childless_ietc_focused,Childless single adult with focused points around the IETC eligibility and abatement kinks.,0,FTC_abated,NZD/week,0,0,0,0,0,match,MATCH_SNAPSHOT_PRECISION,Match at oracle precision
single_childless_ietc_focused,Childless single adult with focused points around the IETC eligibility and abatement kinks.,0,IWTC_abated,NZD/week,0,0,0,0,0,match,MATCH_SNAPSHOT_PRECISION,Match at oracle precision
single_childless_ietc_focused,Childless single adult with focused points around the IETC eligibility and abatement kinks.,0,MFTC,NZD/week,0,0,0,0,0,match,MATCH_SNAPSHOT_PRECISION,Match at oracle precision
single_childless_ietc_focused,Childless single adult with focused points around the IETC eligibility and abatement kinks.,0,IETC_abated,NZD/week,0,0,0,0,0,match,MATCH_SNAPSHOT_PRECISION,Match at oracle precision
single_childless_ietc_focused,Childless single adult with focused points around the IETC eligibility and abatement kinks.,0,WinterEnergy,NZD/week,8.630137,8.63013698630136986301369863013698630137,-0.00000001369863013698630136986301369863,0.00000001369863013698630136986301369863,0.000000001587301584782060976536411148354887066103,match,MATCH_SNAPSHOT_PRECISION,Match at oracle precision
single_childless_ietc_focused,Childless single adult with focused points around the IETC eligibility and abatement kinks.,0,BestStart_Total,NZD/week,0,0,0,0,0,match,MATCH_SNAPSHOT_PRECISION,Match at oracle precision
single_childless_ietc_focused,Childless single adult with focused points around the IETC eligibility and abatement kinks.,0,AS_Amount,NZD/week,0,0,0,0,0,match,MATCH_SNAPSHOT_PRECISION,Match at oracle precision
single_childless_ietc_focused,Childless single adult with focused points around the IETC eligibility and abatement kinks.,0,WFF_abated,NZD/week,0,0,0,0,0,match,MATCH_SNAPSHOT_PRECISION,Match at oracle precision
single_childless_ietc_focused,Childless single adult with focused points around the IETC eligibility and abatement kinks.,0,Net_Income,NZD/week,378.230137,381.1801369863013698630136986301369863014,2.9499999863013698630136986301369863014,2.9499999863013698630136986301369863014,0.0077994842232822126043692246293345638436,b,B_COMPOUND_NET_INCOME,Compound forecast-vintage level difference
single_childless_ietc_focused,Childless single adult with focused points around the IETC eligibility and abatement kinks.,0,Net_Income_annual,NZD/year,19722,19875.82142857142857142857142857142857143,153.82142857142857142857142857142857143,153.82142857142857142857142857142857143,0.007799484259782403986845727034348877975357,b,B_COMPOUND_NET_INCOME,Compound forecast-vintage level difference
single_childless_ietc_focused,Childless single adult with focused points around the IETC eligibility and abatement kinks.,0,EMTR,ratio,0.1925,0.1924520547945205479452054775342465753,-0.0000479452054794520547945224657534247,0.0000479452054794520547945224657534247,0.0002490660024906600249066102117061023376623,c,C_EMTR_DISCRETE_ROUNDING,EMTR statutory discreteness/period convention
single_childless_ietc_focused,Childless single adult with focused points around the IETC eligibility and abatement kinks.,160,gross_wage1,NZD/week,160,160,0,0,0,match,MATCH_SNAPSHOT_PRECISION,Match at oracle precision
single_childless_ietc_focused,Childless single adult with focused points around the IETC eligibility and abatement kinks.,160,hours1,hours/week,6.4,6.4,0,0,0,match,MATCH_SNAPSHOT_PRECISION,Match at oracle precision
single_childless_ietc_focused,Childless single adult with focused points around the IETC eligibility and abatement kinks.,160,gross_wage1_annual,NZD/year,8342.857143,8342.857142857142857142857142857142857142,-0.000000142857142857142857142857142858,0.000000142857142857142857142857142858,0.00000000001712328767093966973166199195675236315143,match,MATCH_SNAPSHOT_PRECISION,Match at oracle precision
single_childless_ietc_focused,Childless single adult with focused points around the IETC eligibility and abatement kinks.,160,gross_wage2,NZD/week,0,0,0,0,0,match,MATCH_SNAPSHOT_PRECISION,Match at oracle precision
single_childless_ietc_focused,Childless single adult with focused points around the IETC eligibility and abatement kinks.,160,wage1_tax,NZD/week,28,28,0,0,0,match,MATCH_SNAPSHOT_PRECISION,Match at oracle precision
single_childless_ietc_focused,Childless single adult with focused points around the IETC eligibility and abatement kinks.,160,wage1_ACC_levy,NZD/week,2.8,2.8,0,0,0,match,MATCH_SNAPSHOT_PRECISION,Match at oracle precision
single_childless_ietc_focused,Childless single adult with focused points around the IETC eligibility and abatement kinks.,160,net_wage1,NZD/week,129.2,129.2,0,0,0,match,MATCH_SNAPSHOT_PRECISION,Match at oracle precision
single_childless_ietc_focused,Childless single adult with focused points around the IETC eligibility and abatement kinks.,160,net_wage,NZD/week,129.2,129.2,0,0,0,match,MATCH_SNAPSHOT_PRECISION,Match at oracle precision
single_childless_ietc_focused,Childless single adult with focused points around the IETC eligibility and abatement kinks.,160,net_benefit,NZD/week,369.6,372.55,2.95,2.95,0.007981601731601731601731601731601731601732,b,B_BENEFIT_VINTAGE,Main-benefit forecast vintage
single_childless_ietc_focused,Childless single adult with focused points around the IETC eligibility and abatement kinks.,160,FTC_abated,NZD/week,0,0,0,0,0,match,MATCH_SNAPSHOT_PRECISION,Match at oracle precision
single_childless_ietc_focused,Childless single adult with focused points around the IETC eligibility and abatement kinks.,160,IWTC_abated,NZD/week,0,0,0,0,0,match,MATCH_SNAPSHOT_PRECISION,Match at oracle precision
single_childless_ietc_focused,Childless single adult with focused points around the IETC eligibility and abatement kinks.,160,MFTC,NZD/week,0,0,0,0,0,match,MATCH_SNAPSHOT_PRECISION,Match at oracle precision
single_childless_ietc_focused,Childless single adult with focused points around the IETC eligibility and abatement kinks.,160,IETC_abated,NZD/week,0,0,0,0,0,match,MATCH_SNAPSHOT_PRECISION,Match at oracle precision
single_childless_ietc_focused,Childless single adult with focused points around the IETC eligibility and abatement kinks.,160,WinterEnergy,NZD/week,8.630137,8.63013698630136986301369863013698630137,-0.00000001369863013698630136986301369863,0.00000001369863013698630136986301369863,0.000000001587301584782060976536411148354887066103,match,MATCH_SNAPSHOT_PRECISION,Match at oracle precision
single_childless_ietc_focused,Childless single adult with focused points around the IETC eligibility and abatement kinks.,160,BestStart_Total,NZD/week,0,0,0,0,0,match,MATCH_SNAPSHOT_PRECISION,Match at oracle precision
single_childless_ietc_focused,Childless single adult with focused points around the IETC eligibility and abatement kinks.,160,AS_Amount,NZD/week,0,0,0,0,0,match,MATCH_SNAPSHOT_PRECISION,Match at oracle precision
single_childless_ietc_focused,Childless single adult with focused points around the IETC eligibility and abatement kinks.,160,WFF_abated,NZD/week,0,0,0,0,0,match,MATCH_SNAPSHOT_PRECISION,Match at oracle precision
single_childless_ietc_focused,Childless single adult with focused points around the IETC eligibility and abatement kinks.,160,Net_Income,NZD/week,507.430137,510.3801369863013698630136986301369863014,2.9499999863013698630136986301369863014,2.9499999863013698630136986301369863014,0.005813608162381119793469615365271429082266,b,B_COMPOUND_NET_INCOME,Compound forecast-vintage level difference
single_childless_ietc_focused,Childless single adult with focused points around the IETC eligibility and abatement kinks.,160,Net_Income_annual,NZD/year,26458.857143,26612.67857142857142857142857142857142857,153.82142842857142857142857142857142857,153.82142842857142857142857142857142857,0.005813608184103548322008813962799339060251,b,B_COMPOUND_NET_INCOME,Compound forecast-vintage level difference
single_childless_ietc_focused,Childless single adult with focused points around the IETC eligibility and abatement kinks.,160,EMTR,ratio,0.8925,0.8924520547945205479452054794520547945,-0.0000479452054794520547945205479452055,0.0000479452054794520547945205479452055,0.00005372011818426000537201181842600056022409,c,C_EMTR_DISCRETE_ROUNDING,EMTR statutory discreteness/period convention
single_childless_ietc_focused,Childless single adult with focused points around the IETC eligibility and abatement kinks.,250,gross_wage1,NZD/week,250,250,0,0,0,match,MATCH_SNAPSHOT_PRECISION,Match at oracle precision
single_childless_ietc_focused,Childless single adult with focused points around the IETC eligibility and abatement kinks.,250,hours1,hours/week,10,10,0,0,0,match,MATCH_SNAPSHOT_PRECISION,Match at oracle precision
single_childless_ietc_focused,Childless single adult with focused points around the IETC eligibility and abatement kinks.,250,gross_wage1_annual,NZD/year,13035.714286,13035.71428571428571428571428571428571428,-0.00000028571428571428571428571428572,0.00000028571428571428571428571428572,0.00000000002191780821869769187465868072647323439504,match,MATCH_SNAPSHOT_PRECISION,Match at oracle precision
single_childless_ietc_focused,Childless single adult with focused points around the IETC eligibility and abatement kinks.,250,gross_wage2,NZD/week,0,0,0,0,0,match,MATCH_SNAPSHOT_PRECISION,Match at oracle precision
single_childless_ietc_focused,Childless single adult with focused points around the IETC eligibility and abatement kinks.,250,wage1_tax,NZD/week,43.75,43.75000000000000000000000000191780821918,0.00000000000000000000000000191780821918,0.00000000000000000000000000191780821918,0.0000000000000000000000000000438356164384,match,MATCH_SNAPSHOT_PRECISION,Match at oracle precision
single_childless_ietc_focused,Childless single adult with focused points around the IETC eligibility and abatement kinks.,250,wage1_ACC_levy,NZD/week,4.375,4.375095890410958904109589041095890410959,0.000095890410958904109589041095890410959,0.000095890410958904109589041095890410959,0.0000219178082191780821917808219178082192,c,C_ACC_ANNUAL_CENTS,ACC period/rounding convention
single_childless_ietc_focused,Childless single adult with focused points around the IETC eligibility and abatement kinks.,250,net_wage1,NZD/week,201.875,201.8749041095890410958904109569863013698,-0.0000958904109589041095890430136986302,0.0000958904109589041095890430136986302,0.0000004749989397345095211841139997455365944272,c,C_NET_WAGE_ROUNDING,Net-wage rounding propagation
single_childless_ietc_focused,Childless single adult with focused points around the IETC eligibility and abatement kinks.,250,net_wage,NZD/week,201.875,201.8749041095890410958904109569863013698,-0.0000958904109589041095890430136986302,0.0000958904109589041095890430136986302,0.0000004749989397345095211841139997455365944272,c,C_NET_WAGE_ROUNDING,Net-wage rounding propagation
single_childless_ietc_focused,Childless single adult with focused points around the IETC eligibility and abatement kinks.,250,net_benefit,NZD/week,306.6,309.55,2.95,2.95,0.009621656881930854533594259621656881930855,b,B_BENEFIT_VINTAGE,Main-benefit forecast vintage
single_childless_ietc_focused,Childless single adult with focused points around the IETC eligibility and abatement kinks.,250,FTC_abated,NZD/week,0,0,0,0,0,match,MATCH_SNAPSHOT_PRECISION,Match at oracle precision
single_childless_ietc_focused,Childless single adult with focused points around the IETC eligibility and abatement kinks.,250,IWTC_abated,NZD/week,0,0,0,0,0,match,MATCH_SNAPSHOT_PRECISION,Match at oracle precision
single_childless_ietc_focused,Childless single adult with focused points around the IETC eligibility and abatement kinks.,250,MFTC,NZD/week,0,0,0,0,0,match,MATCH_SNAPSHOT_PRECISION,Match at oracle precision
single_childless_ietc_focused,Childless single adult with focused points around the IETC eligibility and abatement kinks.,250,IETC_abated,NZD/week,0,0,0,0,0,match,MATCH_SNAPSHOT_PRECISION,Match at oracle precision
single_childless_ietc_focused,Childless single adult with focused points around the IETC eligibility and abatement kinks.,250,WinterEnergy,NZD/week,8.630137,8.63013698630136986301369863013698630137,-0.00000001369863013698630136986301369863,0.00000001369863013698630136986301369863,0.000000001587301584782060976536411148354887066103,match,MATCH_SNAPSHOT_PRECISION,Match at oracle precision
single_childless_ietc_focused,Childless single adult with focused points around the IETC eligibility and abatement kinks.,250,BestStart_Total,NZD/week,0,0,0,0,0,match,MATCH_SNAPSHOT_PRECISION,Match at oracle precision
single_childless_ietc_focused,Childless single adult with focused points around the IETC eligibility and abatement kinks.,250,AS_Amount,NZD/week,0,0,0,0,0,match,MATCH_SNAPSHOT_PRECISION,Match at oracle precision
single_childless_ietc_focused,Childless single adult with focused points around the IETC eligibility and abatement kinks.,250,WFF_abated,NZD/week,0,0,0,0,0,match,MATCH_SNAPSHOT_PRECISION,Match at oracle precision
single_childless_ietc_focused,Childless single adult with focused points around the IETC eligibility and abatement kinks.,250,Net_Income,NZD/week,517.105137,520.0550410958904109589041095871232876712,2.9499040958904109589041095871232876712,2.9499040958904109589041095871232876712,0.005704650533940472068650344092642977691401,b,B_COMPOUND_NET_INCOME,Compound forecast-vintage level difference
single_childless_ietc_focused,Childless single adult with focused points around the IETC eligibility and abatement kinks.,250,Net_Income_annual,NZD/year,26963.339286,27117.15571428571428571428571418571428571,153.81642828571428571428571418571428571,153.81642828571428571428571418571428571,0.005704650549925742818258646236793650147966,b,B_COMPOUND_NET_INCOME,Compound forecast-vintage level difference
single_childless_ietc_focused,Childless single adult with focused points around the IETC eligibility and abatement kinks.,250,EMTR,ratio,0.8925,0.8924520547945205479452054775342465753,-0.0000479452054794520547945224657534247,0.0000479452054794520547945224657534247,0.00005372011818426000537201396723072795518207,c,C_EMTR_DISCRETE_ROUNDING,EMTR statutory discreteness/period convention
single_childless_ietc_focused,Childless single adult with focused points around the IETC eligibility and abatement kinks.,370,gross_wage1,NZD/week,370,370,0,0,0,match,MATCH_SNAPSHOT_PRECISION,Match at oracle precision
single_childless_ietc_focused,Childless single adult with focused points around the IETC eligibility and abatement kinks.,370,hours1,hours/week,14.8,14.8,0,0,0,match,MATCH_SNAPSHOT_PRECISION,Match at oracle precision
single_childless_ietc_focused,Childless single adult with focused points around the IETC eligibility and abatement kinks.,370,gross_wage1_annual,NZD/year,19292.857143,19292.85714285714285714285714285714285714,-0.00000014285714285714285714285714286,0.00000014285714285714285714285714286,0.000000000007404664938856685191122867936533707012688,match,MATCH_SNAPSHOT_PRECISION,Match at oracle precision
single_childless_ietc_focused,Childless single adult with focused points around the IETC eligibility and abatement kinks.,370,gross_wage2,NZD/week,0,0,0,0,0,match,MATCH_SNAPSHOT_PRECISION,Match at oracle precision
single_childless_ietc_focused,Childless single adult with focused points around the IETC eligibility and abatement kinks.,370,wage1_tax,NZD/week,61.21759,61.44831636948037039871431851315068493151,0.23072636948037039871431851315068493151,0.23072636948037039871431851315068493151,0.003768955450228772460894303633166299612742,b,B_BENEFIT_GROSSUP_TAX,Benefit-vintage tax interaction
single_childless_ietc_focused,Childless single adult with focused points around the IETC eligibility and abatement kinks.,370,wage1_ACC_levy,NZD/week,6.475,6.475095890410958904109589041095890410959,0.000095890410958904109589041095890410959,0.000095890410958904109589041095890410959,0.00001480932987782302850796001480932987783784,c,C_ACC_ANNUAL_CENTS,ACC period/rounding convention
single_childless_ietc_focused,Childless single adult with focused points around the IETC eligibility and abatement kinks.,370,net_wage1,NZD/week,302.30741,302.0765877401086706971760924457534246575,-0.2308222598913293028239075542465753425,0.2308222598913293028239075542465753425,0.0007635349060458997773951606222506267461324,b,B_BENEFIT_GROSSUP_TAX,Benefit-vintage tax interaction
single_childless_ietc_focused,Childless single adult with focused points around the IETC eligibility and abatement kinks.,370,net_wage,NZD/week,302.30741,302.0765877401086706971760924457534246575,-0.2308222598913293028239075542465753425,0.2308222598913293028239075542465753425,0.0007635349060458997773951606222506267461324,b,B_BENEFIT_GROSSUP_TAX,Benefit-vintage tax interaction
single_childless_ietc_focused,Childless single adult with focused points around the IETC eligibility and abatement kinks.,370,net_benefit,NZD/week,222.6,225.55,2.95,2.95,0.01325247079964061096136567834681042228212,b,B_BENEFIT_VINTAGE,Main-benefit forecast vintage
single_childless_ietc_focused,Childless single adult with focused points around the IETC eligibility and abatement kinks.,370,FTC_abated,NZD/week,0,0,0,0,0,match,MATCH_SNAPSHOT_PRECISION,Match at oracle precision
single_childless_ietc_focused,Childless single adult with focused points around the IETC eligibility and abatement kinks.,370,IWTC_abated,NZD/week,0,0,0,0,0,match,MATCH_SNAPSHOT_PRECISION,Match at oracle precision
single_childless_ietc_focused,Childless single adult with focused points around the IETC eligibility and abatement kinks.,370,MFTC,NZD/week,0,0,0,0,0,match,MATCH_SNAPSHOT_PRECISION,Match at oracle precision
single_childless_ietc_focused,Childless single adult with focused points around the IETC eligibility and abatement kinks.,370,IETC_abated,NZD/week,0,0,0,0,0,match,MATCH_SNAPSHOT_PRECISION,Match at oracle precision
single_childless_ietc_focused,Childless single adult with focused points around the IETC eligibility and abatement kinks.,370,WinterEnergy,NZD/week,8.630137,8.63013698630136986301369863013698630137,-0.00000001369863013698630136986301369863,0.00000001369863013698630136986301369863,0.000000001587301584782060976536411148354887066103,match,MATCH_SNAPSHOT_PRECISION,Match at oracle precision
single_childless_ietc_focused,Childless single adult with focused points around the IETC eligibility and abatement kinks.,370,BestStart_Total,NZD/week,0,0,0,0,0,match,MATCH_SNAPSHOT_PRECISION,Match at oracle precision
single_childless_ietc_focused,Childless single adult with focused points around the IETC eligibility and abatement kinks.,370,AS_Amount,NZD/week,0,0,0,0,0,match,MATCH_SNAPSHOT_PRECISION,Match at oracle precision
single_childless_ietc_focused,Childless single adult with focused points around the IETC eligibility and abatement kinks.,370,WFF_abated,NZD/week,0,0,0,0,0,match,MATCH_SNAPSHOT_PRECISION,Match at oracle precision
single_childless_ietc_focused,Childless single adult with focused points around the IETC eligibility and abatement kinks.,370,Net_Income,NZD/week,533.537547,536.2567247264100405601897910758904109589,2.7191777264100405601897910758904109589,2.7191777264100405601897910758904109589,0.005096506781386916261752410605678349679296,b,B_COMPOUND_NET_INCOME,Compound forecast-vintage level difference
single_childless_ietc_focused,Childless single adult with focused points around the IETC eligibility and abatement kinks.,370,Net_Income_annual,NZD/year,27820.172087,27961.95778930566640063846767752857142857,141.78570230566640063846767752857142857,141.78570230566640063846767752857142857,0.00509650701880169144902197302962971526532,b,B_COMPOUND_NET_INCOME,Compound forecast-vintage level difference
single_childless_ietc_focused,Childless single adult with focused points around the IETC eligibility and abatement kinks.,370,EMTR,ratio,0.837751,0.8377034514425652406826356457534246575,-0.0000475485574347593173643542465753425,0.0000475485574347593173643542465753425,0.00005675738666353047309326308959982441083329,c,C_EMTR_DISCRETE_ROUNDING,EMTR statutory discreteness/period convention
single_childless_ietc_focused,Childless single adult with focused points around the IETC eligibility and abatement kinks.,555,gross_wage1,NZD/week,555,555,0,0,0,match,MATCH_SNAPSHOT_PRECISION,Match at oracle precision
single_childless_ietc_focused,Childless single adult with focused points around the IETC eligibility and abatement kinks.,555,hours1,hours/week,22.2,22.2,0,0,0,match,MATCH_SNAPSHOT_PRECISION,Match at oracle precision
single_childless_ietc_focused,Childless single adult with focused points around the IETC eligibility and abatement kinks.,555,gross_wage1_annual,NZD/year,28939.285714,28939.28571428571428571428571428571428571,0.00000028571428571428571428571428571,0.00000028571428571428571428571428571,0.000000000009872886585312826228165497482050257904303,match,MATCH_SNAPSHOT_PRECISION,Match at oracle precision
single_childless_ietc_focused,Childless single adult with focused points around the IETC eligibility and abatement kinks.,555,gross_wage2,NZD/week,0,0,0,0,0,match,MATCH_SNAPSHOT_PRECISION,Match at oracle precision
single_childless_ietc_focused,Childless single adult with focused points around the IETC eligibility and abatement kinks.,555,wage1_tax,NZD/week,83.464098,83.69482474936863855513889951690410958905,0.23072674936863855513889951690410958905,0.23072674936863855513889951690410958905,0.002764383188669199481900583373034350518591,b,B_BENEFIT_GROSSUP_TAX,Benefit-vintage tax interaction
single_childless_ietc_focused,Childless single adult with focused points around the IETC eligibility and abatement kinks.,555,wage1_ACC_levy,NZD/week,9.7125,9.71254794520547945205479452054794520548,0.00004794520547945205479452054794520548,0.00004794520547945205479452054794520548,0.000004936443292607676169320004936443292664093,c,C_ACC_ANNUAL_CENTS,ACC period/rounding convention
single_childless_ietc_focused,Childless single adult with focused points around the IETC eligibility and abatement kinks.,555,net_wage1,NZD/week,461.823402,461.5926273054258819928063059625479452055,-0.2307746945741180071936940374520547945,0.2307746945741180071936940374520547945,0.0004997033358957370618340688535572625540098,b,B_BENEFIT_GROSSUP_TAX,Benefit-vintage tax interaction
single_childless_ietc_focused,Childless single adult with focused points around the IETC eligibility and abatement kinks.,555,net_wage,NZD/week,461.823402,461.5926273054258819928063059625479452055,-0.2307746945741180071936940374520547945,0.2307746945741180071936940374520547945,0.0004997033358957370618340688535572625540098,b,B_BENEFIT_GROSSUP_TAX,Benefit-vintage tax interaction
single_childless_ietc_focused,Childless single adult with focused points around the IETC eligibility and abatement kinks.,555,net_benefit,NZD/week,93.1,96.05,2.95,2.95,0.03168635875402792696025778732545649838883,b,B_BENEFIT_VINTAGE,Main-benefit forecast vintage
single_childless_ietc_focused,Childless single adult with focused points around the IETC eligibility and abatement kinks.,555,FTC_abated,NZD/week,0,0,0,0,0,match,MATCH_SNAPSHOT_PRECISION,Match at oracle precision
single_childless_ietc_focused,Childless single adult with focused points around the IETC eligibility and abatement kinks.,555,IWTC_abated,NZD/week,0,0,0,0,0,match,MATCH_SNAPSHOT_PRECISION,Match at oracle precision
single_childless_ietc_focused,Childless single adult with focused points around the IETC eligibility and abatement kinks.,555,MFTC,NZD/week,0,0,0,0,0,match,MATCH_SNAPSHOT_PRECISION,Match at oracle precision
single_childless_ietc_focused,Childless single adult with focused points around the IETC eligibility and abatement kinks.,555,IETC_abated,NZD/week,0,0,0,0,0,match,MATCH_SNAPSHOT_PRECISION,Match at oracle precision
single_childless_ietc_focused,Childless single adult with focused points around the IETC eligibility and abatement kinks.,555,WinterEnergy,NZD/week,8.630137,8.63013698630136986301369863013698630137,-0.00000001369863013698630136986301369863,0.00000001369863013698630136986301369863,0.000000001587301584782060976536411148354887066103,match,MATCH_SNAPSHOT_PRECISION,Match at oracle precision
single_childless_ietc_focused,Childless single adult with focused points around the IETC eligibility and abatement kinks.,555,BestStart_Total,NZD/week,0,0,0,0,0,match,MATCH_SNAPSHOT_PRECISION,Match at oracle precision
single_childless_ietc_focused,Childless single adult with focused points around the IETC eligibility and abatement kinks.,555,AS_Amount,NZD/week,0,0,0,0,0,match,MATCH_SNAPSHOT_PRECISION,Match at oracle precision
single_childless_ietc_focused,Childless single adult with focused points around the IETC eligibility and abatement kinks.,555,WFF_abated,NZD/week,0,0,0,0,0,match,MATCH_SNAPSHOT_PRECISION,Match at oracle precision
single_childless_ietc_focused,Childless single adult with focused points around the IETC eligibility and abatement kinks.,555,Net_Income,NZD/week,563.553538,566.2727642917272518558200045926849315069,2.7192262917272518558200045926849315069,2.7192262917272518558200045926849315069,0.004825142791894337917935322398215396363815,b,B_COMPOUND_NET_INCOME,Compound forecast-vintage level difference
single_childless_ietc_focused,Childless single adult with focused points around the IETC eligibility and abatement kinks.,555,Net_Income_annual,NZD/year,29385.29165,29527.07985235434956105347166804714285714,141.78820235434956105347166804714285714,141.78820235434956105347166804714285714,0.004825141912598630310122229739623593531358,b,B_COMPOUND_NET_INCOME,Compound forecast-vintage level difference
single_childless_ietc_focused,Childless single adult with focused points around the IETC eligibility and abatement kinks.,555,EMTR,ratio,0.837751,0.8377034514425652406826356486301369863,-0.0000475485574347593173643513698630137,0.0000475485574347593173643513698630137,0.0000567573866635304730932596557485621622654,c,C_EMTR_DISCRETE_ROUNDING,EMTR statutory discreteness/period convention
single_childless_ietc_focused,Childless single adult with focused points around the IETC eligibility and abatement kinks.,688,gross_wage1,NZD/week,688,688,0,0,0,match,MATCH_SNAPSHOT_PRECISION,Match at oracle precision
single_childless_ietc_focused,Childless single adult with focused points around the IETC eligibility and abatement kinks.,688,hours1,hours/week,27.52,27.52,0,0,0,match,MATCH_SNAPSHOT_PRECISION,Match at oracle precision
single_childless_ietc_focused,Childless single adult with focused points around the IETC eligibility and abatement kinks.,688,gross_wage1_annual,NZD/year,35874.285714,35874.28571428571428571428571428571428571,0.00000028571428571428571428571428571,0.00000028571428571428571428571428571,0.000000000007964319847148489326594046585788420249966,match,MATCH_SNAPSHOT_PRECISION,Match at oracle precision
single_childless_ietc_focused,Childless single adult with focused points around the IETC eligibility and abatement kinks.,688,gross_wage2,NZD/week,0,0,0,0,0,match,MATCH_SNAPSHOT_PRECISION,Match at oracle precision
single_childless_ietc_focused,Childless single adult with focused points around the IETC eligibility and abatement kinks.,688,wage1_tax,NZD/week,99.457534,99.68826050355858268921711181073424657535,0.23072650355858268921711181073424657535,0.23072650355858268921711181073424657535,0.002319849429994742170232290403804367151814,b,B_BENEFIT_GROSSUP_TAX,Benefit-vintage tax interaction
single_childless_ietc_focused,Childless single adult with focused points around the IETC eligibility and abatement kinks.,688,wage1_ACC_levy,NZD/week,12.04,12.04,0,0,0,match,MATCH_SNAPSHOT_PRECISION,Match at oracle precision
single_childless_ietc_focused,Childless single adult with focused points around the IETC eligibility and abatement kinks.,688,net_wage1,NZD/week,576.502466,576.2717394964414173107828881892657534246,-0.2307265035585826892171118107342465754,0.2307265035585826892171118107342465754,0.0004002177218069049668507607229111949286961,b,B_BENEFIT_GROSSUP_TAX,Benefit-vintage tax interaction
single_childless_ietc_focused,Childless single adult with focused points around the IETC eligibility and abatement kinks.,688,net_wage,NZD/week,576.502466,576.2717394964414173107828881892657534246,-0.2307265035585826892171118107342465754,0.2307265035585826892171118107342465754,0.0004002177218069049668507607229111949286961,b,B_BENEFIT_GROSSUP_TAX,Benefit-vintage tax interaction
single_childless_ietc_focused,Childless single adult with focused points around the IETC eligibility and abatement kinks.,688,net_benefit,NZD/week,0,2.95,2.95,2.95,,b,B_BENEFIT_VINTAGE,Main-benefit forecast vintage
single_childless_ietc_focused,Childless single adult with focused points around the IETC eligibility and abatement kinks.,688,FTC_abated,NZD/week,0,0,0,0,0,match,MATCH_SNAPSHOT_PRECISION,Match at oracle precision
single_childless_ietc_focused,Childless single adult with focused points around the IETC eligibility and abatement kinks.,688,IWTC_abated,NZD/week,0,0,0,0,0,match,MATCH_SNAPSHOT_PRECISION,Match at oracle precision
single_childless_ietc_focused,Childless single adult with focused points around the IETC eligibility and abatement kinks.,688,MFTC,NZD/week,0,0,0,0,0,match,MATCH_SNAPSHOT_PRECISION,Match at oracle precision
single_childless_ietc_focused,Childless single adult with focused points around the IETC eligibility and abatement kinks.,688,IETC_abated,NZD/week,0,0,0,0,0,match,MATCH_SNAPSHOT_PRECISION,Match at oracle precision
single_childless_ietc_focused,Childless single adult with focused points around the IETC eligibility and abatement kinks.,688,WinterEnergy,NZD/week,8.630137,8.63013698630136986301369863013698630137,-0.00000001369863013698630136986301369863,0.00000001369863013698630136986301369863,0.000000001587301584782060976536411148354887066103,match,MATCH_SNAPSHOT_PRECISION,Match at oracle precision
single_childless_ietc_focused,Childless single adult with focused points around the IETC eligibility and abatement kinks.,688,BestStart_Total,NZD/week,0,0,0,0,0,match,MATCH_SNAPSHOT_PRECISION,Match at oracle precision
single_childless_ietc_focused,Childless single adult with focused points around the IETC eligibility and abatement kinks.,688,AS_Amount,NZD/week,0,0,0,0,0,match,MATCH_SNAPSHOT_PRECISION,Match at oracle precision
single_childless_ietc_focused,Childless single adult with focused points around the IETC eligibility and abatement kinks.,688,WFF_abated,NZD/week,0,0,0,0,0,match,MATCH_SNAPSHOT_PRECISION,Match at oracle precision
single_childless_ietc_focused,Childless single adult with focused points around the IETC eligibility and abatement kinks.,688,Net_Income,NZD/week,585.132603,587.851876482742787173796586819402739726,2.719273482742787173796586819402739726,2.719273482742787173796586819402739726,0.004647277333036913640918051560703650837244,b,B_COMPOUND_NET_INCOME,Compound forecast-vintage level difference
single_childless_ietc_focused,Childless single adult with focused points around the IETC eligibility and abatement kinks.,688,Net_Income_annual,NZD/year,30510.485714,30652.27641660015961691939345558314285714,141.79070260015961691939345558314285714,141.79070260015961691939345558314285714,0.004647277789324006987829018983907443707633,b,B_COMPOUND_NET_INCOME,Compound forecast-vintage level difference
single_childless_ietc_focused,Childless single adult with focused points around the IETC eligibility and abatement kinks.,688,EMTR,ratio,-1.149966,0.8377034514425652406826356447561643835,1.9876694514425652406826356447561643835,1.9876694514425652406826356447561643835,1.728459320921283968989201110951249326937,b,B_EMTR_INSTRUMENT_VINTAGE,Named-instrument vintage boundary in EMTR
single_childless_ietc_focused,Childless single adult with focused points around the IETC eligibility and abatement kinks.,689,gross_wage1,NZD/week,689,689,0,0,0,match,MATCH_SNAPSHOT_PRECISION,Match at oracle precision
single_childless_ietc_focused,Childless single adult with focused points around the IETC eligibility and abatement kinks.,689,hours1,hours/week,27.56,27.56,0,0,0,match,MATCH_SNAPSHOT_PRECISION,Match at oracle precision
single_childless_ietc_focused,Childless single adult with focused points around the IETC eligibility and abatement kinks.,689,gross_wage1_annual,NZD/year,35926.428571,35926.42857142857142857142857142857142857,0.00000042857142857142857142857142857,0.00000042857142857142857142857142857,0.0000000000119291409031782707625088367587630535033,match,MATCH_SNAPSHOT_PRECISION,Match at oracle precision
single_childless_ietc_focused,Childless single adult with focused points around the IETC eligibility and abatement kinks.,689,gross_wage2,NZD/week,0,0,0,0,0,match,MATCH_SNAPSHOT_PRECISION,Match at oracle precision
single_childless_ietc_focused,Childless single adult with focused points around the IETC eligibility and abatement kinks.,689,wage1_tax,NZD/week,99.632534,99.80851190020662738195454197603835616439,0.17597790020662738195454197603835616439,0.17597790020662738195454197603835616439,0.001766269441733032524843159926438849426333,b,B_BENEFIT_GROSSUP_TAX,Benefit-vintage tax interaction
single_childless_ietc_focused,Childless single adult with focused points around the IETC eligibility and abatement kinks.,689,wage1_ACC_levy,NZD/week,12.0575,12.05745205479452054794520547945205479452,-0.00004794520547945205479452054794520548,0.00004794520547945205479452054794520548,0.00000397638030101198878660755114619162181215,c,C_ACC_ANNUAL_CENTS,ACC period/rounding convention
single_childless_ietc_focused,Childless single adult with focused points around the IETC eligibility and abatement kinks.,689,net_wage1,NZD/week,577.309966,577.1340360449988520701002525445095890411,-0.1759299550011479298997474554904109589,0.1759299550011479298997474554904109589,0.000304740893735321260502451564278748236437,b,B_BENEFIT_GROSSUP_TAX,Benefit-vintage tax interaction
single_childless_ietc_focused,Childless single adult with focused points around the IETC eligibility and abatement kinks.,689,net_wage,NZD/week,577.309966,577.1340360449988520701002525445095890411,-0.1759299550011479298997474554904109589,0.1759299550011479298997474554904109589,0.000304740893735321260502451564278748236437,b,B_BENEFIT_GROSSUP_TAX,Benefit-vintage tax interaction
single_childless_ietc_focused,Childless single adult with focused points around the IETC eligibility and abatement kinks.,689,net_benefit,NZD/week,0,2.25,2.25,2.25,,b,B_BENEFIT_VINTAGE,Main-benefit forecast vintage
single_childless_ietc_focused,Childless single adult with focused points around the IETC eligibility and abatement kinks.,689,FTC_abated,NZD/week,0,0,0,0,0,match,MATCH_SNAPSHOT_PRECISION,Match at oracle precision
single_childless_ietc_focused,Childless single adult with focused points around the IETC eligibility and abatement kinks.,689,IWTC_abated,NZD/week,0,0,0,0,0,match,MATCH_SNAPSHOT_PRECISION,Match at oracle precision
single_childless_ietc_focused,Childless single adult with focused points around the IETC eligibility and abatement kinks.,689,MFTC,NZD/week,0,0,0,0,0,match,MATCH_SNAPSHOT_PRECISION,Match at oracle precision
single_childless_ietc_focused,Childless single adult with focused points around the IETC eligibility and abatement kinks.,689,IETC_abated,NZD/week,9.972603,0,-9.972603,9.972603,1,b,B_IETC_UPSTREAM_VINTAGE_GATE,IETC eligibility gate moved by another instrument's vintage
single_childless_ietc_focused,Childless single adult with focused points around the IETC eligibility and abatement kinks.,689,WinterEnergy,NZD/week,0,8.63013698630136986301369863013698630137,8.63013698630136986301369863013698630137,8.63013698630136986301369863013698630137,,b,B_WINTER_ENERGY_BENEFIT_GATE,Winter Energy benefit-gate vintage interaction
single_childless_ietc_focused,Childless single adult with focused points around the IETC eligibility and abatement kinks.,689,BestStart_Total,NZD/week,0,0,0,0,0,match,MATCH_SNAPSHOT_PRECISION,Match at oracle precision
single_childless_ietc_focused,Childless single adult with focused points around the IETC eligibility and abatement kinks.,689,AS_Amount,NZD/week,0,0,0,0,0,match,MATCH_SNAPSHOT_PRECISION,Match at oracle precision
single_childless_ietc_focused,Childless single adult with focused points around the IETC eligibility and abatement kinks.,689,WFF_abated,NZD/week,0,0,0,0,0,match,MATCH_SNAPSHOT_PRECISION,Match at oracle precision
single_childless_ietc_focused,Childless single adult with focused points around the IETC eligibility and abatement kinks.,689,Net_Income,NZD/week,587.282568,588.0141730313002219331139511746465753425,0.7316050313002219331139511746465753425,0.7316050313002219331139511746465753425,0.001245746206620289014118926095294174204912,b,B_COMPOUND_NET_INCOME,Compound forecast-vintage level difference
single_childless_ietc_focused,Childless single adult with focused points around the IETC eligibility and abatement kinks.,689,Net_Income_annual,NZD/year,30622.591071,30660.739022346368715083798882678,38.147951346368715083798882678,38.147951346368715083798882678,0.001245745379870723320341427899871654201603,b,B_COMPOUND_NET_INCOME,Compound forecast-vintage level difference
single_childless_ietc_focused,Childless single adult with focused points around the IETC eligibility and abatement kinks.,689,EMTR,ratio,0.1925,0.8378952322644830489018137269671232877,0.6453952322644830489018137269671232877,0.6453952322644830489018137269671232877,3.352702505270041812476954425803237858182,b,B_EMTR_INSTRUMENT_VINTAGE,Named-instrument vintage boundary in EMTR
single_childless_ietc_focused,Childless single adult with focused points around the IETC eligibility and abatement kinks.,692,gross_wage1,NZD/week,692,692,0,0,0,match,MATCH_SNAPSHOT_PRECISION,Match at oracle precision
single_childless_ietc_focused,Childless single adult with focused points around the IETC eligibility and abatement kinks.,692,hours1,hours/week,27.68,27.68,0,0,0,match,MATCH_SNAPSHOT_PRECISION,Match at oracle precision
single_childless_ietc_focused,Childless single adult with focused points around the IETC eligibility and abatement kinks.,692,gross_wage1_annual,NZD/year,36082.857143,36082.85714285714285714285714285714285714,-0.00000014285714285714285714285714286,0.00000014285714285714285714285714286,0.00000000000395914165807285160480610954317520742124,match,MATCH_SNAPSHOT_PRECISION,Match at oracle precision
single_childless_ietc_focused,Childless single adult with focused points around the IETC eligibility and abatement kinks.,692,gross_wage2,NZD/week,0,0,0,0,0,match,MATCH_SNAPSHOT_PRECISION,Match at oracle precision
single_childless_ietc_focused,Childless single adult with focused points around the IETC eligibility and abatement kinks.,692,wage1_tax,NZD/week,100.157534,100.1692660901507614601668324777463013699,0.0117320901507614601668324777463013699,0.0117320901507614601668324777463013699,0.0001171363718955127246526704396126742687175,b,B_BENEFIT_GROSSUP_TAX,Benefit-vintage tax interaction
single_childless_ietc_focused,Childless single adult with focused points around the IETC eligibility and abatement kinks.,692,wage1_ACC_levy,NZD/week,12.11,12.11,0,0,0,match,MATCH_SNAPSHOT_PRECISION,Match at oracle precision
single_childless_ietc_focused,Childless single adult with focused points around the IETC eligibility and abatement kinks.,692,net_wage1,NZD/week,579.732466,579.7207339098492385398331675222536986301,-0.0117320901507614601668324777463013699,0.0117320901507614601668324777463013699,0.00002023707630471304356246365154630027206377,b,B_BENEFIT_GROSSUP_TAX,Benefit-vintage tax interaction
single_childless_ietc_focused,Childless single adult with focused points around the IETC eligibility and abatement kinks.,692,net_wage,NZD/week,579.732466,579.7207339098492385398331675222536986301,-0.0117320901507614601668324777463013699,0.0117320901507614601668324777463013699,0.00002023707630471304356246365154630027206377,b,B_BENEFIT_GROSSUP_TAX,Benefit-vintage tax interaction
single_childless_ietc_focused,Childless single adult with focused points around the IETC eligibility and abatement kinks.,692,net_benefit,NZD/week,0,0.15,0.15,0.15,,b,B_BENEFIT_VINTAGE,Main-benefit forecast vintage
single_childless_ietc_focused,Childless single adult with focused points around the IETC eligibility and abatement kinks.,692,FTC_abated,NZD/week,0,0,0,0,0,match,MATCH_SNAPSHOT_PRECISION,Match at oracle precision
single_childless_ietc_focused,Childless single adult with focused points around the IETC eligibility and abatement kinks.,692,IWTC_abated,NZD/week,0,0,0,0,0,match,MATCH_SNAPSHOT_PRECISION,Match at oracle precision
single_childless_ietc_focused,Childless single adult with focused points around the IETC eligibility and abatement kinks.,692,MFTC,NZD/week,0,0,0,0,0,match,MATCH_SNAPSHOT_PRECISION,Match at oracle precision
single_childless_ietc_focused,Childless single adult with focused points around the IETC eligibility and abatement kinks.,692,IETC_abated,NZD/week,9.972603,0,-9.972603,9.972603,1,b,B_IETC_UPSTREAM_VINTAGE_GATE,IETC eligibility gate moved by another instrument's vintage
single_childless_ietc_focused,Childless single adult with focused points around the IETC eligibility and abatement kinks.,692,WinterEnergy,NZD/week,0,8.63013698630136986301369863013698630137,8.63013698630136986301369863013698630137,8.63013698630136986301369863013698630137,,b,B_WINTER_ENERGY_BENEFIT_GATE,Winter Energy benefit-gate vintage interaction
single_childless_ietc_focused,Childless single adult with focused points around the IETC eligibility and abatement kinks.,692,BestStart_Total,NZD/week,0,0,0,0,0,match,MATCH_SNAPSHOT_PRECISION,Match at oracle precision
single_childless_ietc_focused,Childless single adult with focused points around the IETC eligibility and abatement kinks.,692,AS_Amount,NZD/week,0,0,0,0,0,match,MATCH_SNAPSHOT_PRECISION,Match at oracle precision
single_childless_ietc_focused,Childless single adult with focused points around the IETC eligibility and abatement kinks.,692,WFF_abated,NZD/week,0,0,0,0,0,match,MATCH_SNAPSHOT_PRECISION,Match at oracle precision
single_childless_ietc_focused,Childless single adult with focused points around the IETC eligibility and abatement kinks.,692,Net_Income,NZD/week,589.705068,588.5008708961506084028468661523906849315,-1.2041971038493915971531338476093150685,1.2041971038493915971531338476093150685,0.002042032821480502516476819303186512666193,b,B_COMPOUND_NET_INCOME,Compound forecast-vintage level difference
single_childless_ietc_focused,Childless single adult with focused points around the IETC eligibility and abatement kinks.,692,Net_Income_annual,NZD/year,30748.907143,30686.11683958499600957701516366037142857,-62.79030341500399042298483633962857143,62.79030341500399042298483633962857143,0.002042033660675912055876633675117946660287,b,B_COMPOUND_NET_INCOME,Compound forecast-vintage level difference
single_childless_ietc_focused,Childless single adult with focused points around the IETC eligibility and abatement kinks.,692,EMTR,ratio,0.1925,-1.0117455422055559807147776832257534247,-1.2042455422055559807147776832257534247,1.2042455422055559807147776832257534247,6.255820998470420679037806146627290517922,b,B_EMTR_INSTRUMENT_VINTAGE,Named-instrument vintage boundary in EMTR
single_childless_ietc_focused,Childless single adult with focused points around the IETC eligibility and abatement kinks.,693,gross_wage1,NZD/week,693,693,0,0,0,match,MATCH_SNAPSHOT_PRECISION,Match at oracle precision
single_childless_ietc_focused,Childless single adult with focused points around the IETC eligibility and abatement kinks.,693,hours1,hours/week,27.72,27.72,0,0,0,match,MATCH_SNAPSHOT_PRECISION,Match at oracle precision
single_childless_ietc_focused,Childless single adult with focused points around the IETC eligibility and abatement kinks.,693,gross_wage1_annual,NZD/year,36135,36135,0,0,0,match,MATCH_SNAPSHOT_PRECISION,Match at oracle precision
single_childless_ietc_focused,Childless single adult with focused points around the IETC eligibility and abatement kinks.,693,gross_wage2,NZD/week,0,0,0,0,0,match,MATCH_SNAPSHOT_PRECISION,Match at oracle precision
single_childless_ietc_focused,Childless single adult with focused points around the IETC eligibility and abatement kinks.,693,wage1_tax,NZD/week,100.332534,100.3325342465753424657534246575342465753,0.0000002465753424657534246575342465753,0.0000002465753424657534246575342465753,0.000000002457581131816659037611212396721685510305,match,MATCH_SNAPSHOT_PRECISION,Match at oracle precision
single_childless_ietc_focused,Childless single adult with focused points around the IETC eligibility and abatement kinks.,693,wage1_ACC_levy,NZD/week,12.1275,12.12745205479452054794520547945205479452,-0.00004794520547945205479452054794520548,0.00004794520547945205479452054794520548,0.00000395342861096285753820000395342861100804,c,C_ACC_ANNUAL_CENTS,ACC period/rounding convention
single_childless_ietc_focused,Childless single adult with focused points around the IETC eligibility and abatement kinks.,693,net_wage1,NZD/week,580.539966,580.5400136986301369863013698630136986302,0.0000476986301369863013698630136986302,0.0000476986301369863013698630136986302,0.00000008216252614895130470632062168589819361377,c,C_NET_WAGE_ROUNDING,Net-wage rounding propagation
single_childless_ietc_focused,Childless single adult with focused points around the IETC eligibility and abatement kinks.,693,net_wage,NZD/week,580.539966,580.5400136986301369863013698630136986302,0.0000476986301369863013698630136986302,0.0000476986301369863013698630136986302,0.00000008216252614895130470632062168589819361377,c,C_NET_WAGE_ROUNDING,Net-wage rounding propagation
single_childless_ietc_focused,Childless single adult with focused points around the IETC eligibility and abatement kinks.,693,net_benefit,NZD/week,0,0,0,0,0,match,MATCH_SNAPSHOT_PRECISION,Match at oracle precision
single_childless_ietc_focused,Childless single adult with focused points around the IETC eligibility and abatement kinks.,693,FTC_abated,NZD/week,0,0,0,0,0,match,MATCH_SNAPSHOT_PRECISION,Match at oracle precision
single_childless_ietc_focused,Childless single adult with focused points around the IETC eligibility and abatement kinks.,693,IWTC_abated,NZD/week,0,0,0,0,0,match,MATCH_SNAPSHOT_PRECISION,Match at oracle precision
single_childless_ietc_focused,Childless single adult with focused points around the IETC eligibility and abatement kinks.,693,MFTC,NZD/week,0,0,0,0,0,match,MATCH_SNAPSHOT_PRECISION,Match at oracle precision
single_childless_ietc_focused,Childless single adult with focused points around the IETC eligibility and abatement kinks.,693,IETC_abated,NZD/week,9.972603,9.972602739726027397260273972602739726028,-0.000000260273972602739726027397260273972,0.000000260273972602739726027397260273972,0.00000002609890041774847810821279662631431332421,match,MATCH_SNAPSHOT_PRECISION,Match at oracle precision
single_childless_ietc_focused,Childless single adult with focused points around the IETC eligibility and abatement kinks.,693,WinterEnergy,NZD/week,0,0,0,0,0,match,MATCH_SNAPSHOT_PRECISION,Match at oracle precision
single_childless_ietc_focused,Childless single adult with focused points around the IETC eligibility and abatement kinks.,693,BestStart_Total,NZD/week,0,0,0,0,0,match,MATCH_SNAPSHOT_PRECISION,Match at oracle precision
single_childless_ietc_focused,Childless single adult with focused points around the IETC eligibility and abatement kinks.,693,AS_Amount,NZD/week,0,0,0,0,0,match,MATCH_SNAPSHOT_PRECISION,Match at oracle precision
single_childless_ietc_focused,Childless single adult with focused points around the IETC eligibility and abatement kinks.,693,WFF_abated,NZD/week,0,0,0,0,0,match,MATCH_SNAPSHOT_PRECISION,Match at oracle precision
single_childless_ietc_focused,Childless single adult with focused points around the IETC eligibility and abatement kinks.,693,Net_Income,NZD/week,590.512568,590.5126164383561643835616438356164383562,0.0000484383561643835616438356164383562,0.0000484383561643835616438356164383562,0.00000008202764647065659344922802123723165194344,c,C_COMPOUND_NET_INCOME,Compound period/rounding difference
single_childless_ietc_focused,Childless single adult with focused points around the IETC eligibility and abatement kinks.,693,Net_Income_annual,NZD/year,30791.0125,30791.015,0.0025,0.0025,0.00000008119252330529890824473537529823028716578,c,C_COMPOUND_NET_INCOME,Compound period/rounding difference
single_childless_ietc_focused,Childless single adult with focused points around the IETC eligibility and abatement kinks.,693,EMTR,ratio,0.1925,0.1926438356164383561643835616438356165,0.0001438356164383561643835616438356165,0.0001438356164383561643835616438356165,0.0007471980074719800747198007471980077922078,c,C_EMTR_DISCRETE_ROUNDING,EMTR statutory discreteness/period convention
single_childless_ietc_focused,Childless single adult with focused points around the IETC eligibility and abatement kinks.,740,gross_wage1,NZD/week,740,740,0,0,0,match,MATCH_SNAPSHOT_PRECISION,Match at oracle precision
single_childless_ietc_focused,Childless single adult with focused points around the IETC eligibility and abatement kinks.,740,hours1,hours/week,29.6,29.6,0,0,0,match,MATCH_SNAPSHOT_PRECISION,Match at oracle precision
single_childless_ietc_focused,Childless single adult with focused points around the IETC eligibility and abatement kinks.,740,gross_wage1_annual,NZD/year,38585.714286,38585.71428571428571428571428571428571428,-0.00000028571428571428571428571428572,0.00000028571428571428571428571428572,0.000000000007404664938856685191122867936533707012688,match,MATCH_SNAPSHOT_PRECISION,Match at oracle precision
single_childless_ietc_focused,Childless single adult with focused points around the IETC eligibility and abatement kinks.,740,gross_wage2,NZD/week,0,0,0,0,0,match,MATCH_SNAPSHOT_PRECISION,Match at oracle precision
single_childless_ietc_focused,Childless single adult with focused points around the IETC eligibility and abatement kinks.,740,wage1_tax,NZD/week,108.557534,108.5575342465753424657534246575342465753,0.0000002465753424657534246575342465753,0.0000002465753424657534246575342465753,0.000000002271379363368307764411213012404095325157,match,MATCH_SNAPSHOT_PRECISION,Match at oracle precision
single_childless_ietc_focused,Childless single adult with focused points around the IETC eligibility and abatement kinks.,740,wage1_ACC_levy,NZD/week,12.95,12.95,0,0,0,match,MATCH_SNAPSHOT_PRECISION,Match at oracle precision
single_childless_ietc_focused,Childless single adult with focused points around the IETC eligibility and abatement kinks.,740,net_wage1,NZD/week,618.492466,618.4924657534246575342465753424657534247,-0.0000002465753424657534246575342465753,0.0000002465753424657534246575342465753,0.0000000003986715376832956032443154231975721431019,match,MATCH_SNAPSHOT_PRECISION,Match at oracle precision
single_childless_ietc_focused,Childless single adult with focused points around the IETC eligibility and abatement kinks.,740,net_wage,NZD/week,618.492466,618.4924657534246575342465753424657534247,-0.0000002465753424657534246575342465753,0.0000002465753424657534246575342465753,0.0000000003986715376832956032443154231975721431019,match,MATCH_SNAPSHOT_PRECISION,Match at oracle precision
single_childless_ietc_focused,Childless single adult with focused points around the IETC eligibility and abatement kinks.,740,net_benefit,NZD/week,0,0,0,0,0,match,MATCH_SNAPSHOT_PRECISION,Match at oracle precision
single_childless_ietc_focused,Childless single adult with focused points around the IETC eligibility and abatement kinks.,740,FTC_abated,NZD/week,0,0,0,0,0,match,MATCH_SNAPSHOT_PRECISION,Match at oracle precision
single_childless_ietc_focused,Childless single adult with focused points around the IETC eligibility and abatement kinks.,740,IWTC_abated,NZD/week,0,0,0,0,0,match,MATCH_SNAPSHOT_PRECISION,Match at oracle precision
single_childless_ietc_focused,Childless single adult with focused points around the IETC eligibility and abatement kinks.,740,MFTC,NZD/week,0,0,0,0,0,match,MATCH_SNAPSHOT_PRECISION,Match at oracle precision
single_childless_ietc_focused,Childless single adult with focused points around the IETC eligibility and abatement kinks.,740,IETC_abated,NZD/week,9.972603,9.972602739726027397260273972602739726028,-0.000000260273972602739726027397260273972,0.000000260273972602739726027397260273972,0.00000002609890041774847810821279662631431332421,match,MATCH_SNAPSHOT_PRECISION,Match at oracle precision
single_childless_ietc_focused,Childless single adult with focused points around the IETC eligibility and abatement kinks.,740,WinterEnergy,NZD/week,0,0,0,0,0,match,MATCH_SNAPSHOT_PRECISION,Match at oracle precision
single_childless_ietc_focused,Childless single adult with focused points around the IETC eligibility and abatement kinks.,740,BestStart_Total,NZD/week,0,0,0,0,0,match,MATCH_SNAPSHOT_PRECISION,Match at oracle precision
single_childless_ietc_focused,Childless single adult with focused points around the IETC eligibility and abatement kinks.,740,AS_Amount,NZD/week,0,0,0,0,0,match,MATCH_SNAPSHOT_PRECISION,Match at oracle precision
single_childless_ietc_focused,Childless single adult with focused points around the IETC eligibility and abatement kinks.,740,WFF_abated,NZD/week,0,0,0,0,0,match,MATCH_SNAPSHOT_PRECISION,Match at oracle precision
single_childless_ietc_focused,Childless single adult with focused points around the IETC eligibility and abatement kinks.,740,Net_Income,NZD/week,628.465068,628.4650684931506849315068493150684931507,0.0000004931506849315068493150684931507,0.0000004931506849315068493150684931507,0.0000000007846906853564482430629994746990456436952,match,MATCH_SNAPSHOT_PRECISION,Match at oracle precision
single_childless_ietc_focused,Childless single adult with focused points around the IETC eligibility and abatement kinks.,740,Net_Income_annual,NZD/year,32769.964286,32769.96428571428571428571428571428571428,-0.00000028571428571428571428571428572,0.00000028571428571428571428571428572,0.000000000008718785385931858024293309897200783296575,match,MATCH_SNAPSHOT_PRECISION,Match at oracle precision
single_childless_ietc_focused,Childless single adult with focused points around the IETC eligibility and abatement kinks.,740,EMTR,ratio,0.1925,0.1924520547945205479452054794520547945,-0.0000479452054794520547945205479452055,0.0000479452054794520547945205479452055,0.0002490660024906600249066002490660025974026,c,C_EMTR_DISCRETE_ROUNDING,EMTR statutory discreteness/period convention
single_childless_ietc_focused,Childless single adult with focused points around the IETC eligibility and abatement kinks.,1000,gross_wage1,NZD/week,1000,1000,0,0,0,match,MATCH_SNAPSHOT_PRECISION,Match at oracle precision
single_childless_ietc_focused,Childless single adult with focused points around the IETC eligibility and abatement kinks.,1000,hours1,hours/week,40,40,0,0,0,match,MATCH_SNAPSHOT_PRECISION,Match at oracle precision
single_childless_ietc_focused,Childless single adult with focused points around the IETC eligibility and abatement kinks.,1000,gross_wage1_annual,NZD/year,52142.857143,52142.85714285714285714285714285714285714,-0.00000014285714285714285714285714286,0.00000014285714285714285714285714286,0.000000000002739726027389754175267425331081459108682,match,MATCH_SNAPSHOT_PRECISION,Match at oracle precision
single_childless_ietc_focused,Childless single adult with focused points around the IETC eligibility and abatement kinks.,1000,gross_wage2,NZD/week,0,0,0,0,0,match,MATCH_SNAPSHOT_PRECISION,Match at oracle precision
single_childless_ietc_focused,Childless single adult with focused points around the IETC eligibility and abatement kinks.,1000,wage1_tax,NZD/week,154.057534,154.0575342465753424657534246575342465754,0.0000002465753424657534246575342465754,0.0000002465753424657534246575342465754,0.00000000160054062961798041410642238746597099237,match,MATCH_SNAPSHOT_PRECISION,Match at oracle precision
single_childless_ietc_focused,Childless single adult with focused points around the IETC eligibility and abatement kinks.,1000,wage1_ACC_levy,NZD/week,17.5,17.5,0,0,0,match,MATCH_SNAPSHOT_PRECISION,Match at oracle precision
single_childless_ietc_focused,Childless single adult with focused points around the IETC eligibility and abatement kinks.,1000,net_wage1,NZD/week,828.442466,828.4424657534246575342465753424657534246,-0.0000002465753424657534246575342465754,0.0000002465753424657534246575342465754,0.0000000002976372561589007493702456418686291728556,match,MATCH_SNAPSHOT_PRECISION,Match at oracle precision
single_childless_ietc_focused,Childless single adult with focused points around the IETC eligibility and abatement kinks.,1000,net_wage,NZD/week,828.442466,828.4424657534246575342465753424657534246,-0.0000002465753424657534246575342465754,0.0000002465753424657534246575342465754,0.0000000002976372561589007493702456418686291728556,match,MATCH_SNAPSHOT_PRECISION,Match at oracle precision
single_childless_ietc_focused,Childless single adult with focused points around the IETC eligibility and abatement kinks.,1000,net_benefit,NZD/week,0,0,0,0,0,match,MATCH_SNAPSHOT_PRECISION,Match at oracle precision
single_childless_ietc_focused,Childless single adult with focused points around the IETC eligibility and abatement kinks.,1000,FTC_abated,NZD/week,0,0,0,0,0,match,MATCH_SNAPSHOT_PRECISION,Match at oracle precision
single_childless_ietc_focused,Childless single adult with focused points around the IETC eligibility and abatement kinks.,1000,IWTC_abated,NZD/week,0,0,0,0,0,match,MATCH_SNAPSHOT_PRECISION,Match at oracle precision
single_childless_ietc_focused,Childless single adult with focused points around the IETC eligibility and abatement kinks.,1000,MFTC,NZD/week,0,0,0,0,0,match,MATCH_SNAPSHOT_PRECISION,Match at oracle precision
single_childless_ietc_focused,Childless single adult with focused points around the IETC eligibility and abatement kinks.,1000,IETC_abated,NZD/week,9.972603,9.972602739726027397260273972602739726028,-0.000000260273972602739726027397260273972,0.000000260273972602739726027397260273972,0.00000002609890041774847810821279662631431332421,match,MATCH_SNAPSHOT_PRECISION,Match at oracle precision
single_childless_ietc_focused,Childless single adult with focused points around the IETC eligibility and abatement kinks.,1000,WinterEnergy,NZD/week,0,0,0,0,0,match,MATCH_SNAPSHOT_PRECISION,Match at oracle precision
single_childless_ietc_focused,Childless single adult with focused points around the IETC eligibility and abatement kinks.,1000,BestStart_Total,NZD/week,0,0,0,0,0,match,MATCH_SNAPSHOT_PRECISION,Match at oracle precision
single_childless_ietc_focused,Childless single adult with focused points around the IETC eligibility and abatement kinks.,1000,AS_Amount,NZD/week,0,0,0,0,0,match,MATCH_SNAPSHOT_PRECISION,Match at oracle precision
single_childless_ietc_focused,Childless single adult with focused points around the IETC eligibility and abatement kinks.,1000,WFF_abated,NZD/week,0,0,0,0,0,match,MATCH_SNAPSHOT_PRECISION,Match at oracle precision
single_childless_ietc_focused,Childless single adult with focused points around the IETC eligibility and abatement kinks.,1000,Net_Income,NZD/week,838.415068,838.4150684931506849315068493150684931506,0.0000004931506849315068493150684931506,0.0000004931506849315068493150684931506,0.0000000005881939671097452763278205934516911616383,match,MATCH_SNAPSHOT_PRECISION,Match at oracle precision
single_childless_ietc_focused,Childless single adult with focused points around the IETC eligibility and abatement kinks.,1000,Net_Income_annual,NZD/year,43717.357143,43717.35714285714285714285714285714285714,-0.00000014285714285714285714285714286,0.00000014285714285714285714285714286,0.000000000003267744259788061478491582906892190310462,match,MATCH_SNAPSHOT_PRECISION,Match at oracle precision
single_childless_ietc_focused,Childless single adult with focused points around the IETC eligibility and abatement kinks.,1000,EMTR,ratio,0.1925,0.1924520547945205479452054794520547945,-0.0000479452054794520547945205479452055,0.0000479452054794520547945205479452055,0.0002490660024906600249066002490660025974026,c,C_EMTR_DISCRETE_ROUNDING,EMTR statutory discreteness/period convention
single_childless_ietc_focused,Childless single adult with focused points around the IETC eligibility and abatement kinks.,1265,gross_wage1,NZD/week,1265,1265,0,0,0,match,MATCH_SNAPSHOT_PRECISION,Match at oracle precision
single_childless_ietc_focused,Childless single adult with focused points around the IETC eligibility and abatement kinks.,1265,hours1,hours/week,50.6,50.6,0,0,0,match,MATCH_SNAPSHOT_PRECISION,Match at oracle precision
single_childless_ietc_focused,Childless single adult with focused points around the IETC eligibility and abatement kinks.,1265,gross_wage1_annual,NZD/year,65960.714286,65960.71428571428571428571428571428571428,-0.00000028571428571428571428571428572,0.00000028571428571428571428571428572,0.000000000004331582651992716085756704895486461833795,match,MATCH_SNAPSHOT_PRECISION,Match at oracle precision
single_childless_ietc_focused,Childless single adult with focused points around the IETC eligibility and abatement kinks.,1265,gross_wage2,NZD/week,0,0,0,0,0,match,MATCH_SNAPSHOT_PRECISION,Match at oracle precision
single_childless_ietc_focused,Childless single adult with focused points around the IETC eligibility and abatement kinks.,1265,wage1_tax,NZD/week,230.30411,230.3041095890410958904109589095890410959,-0.0000004109589041095890410904109589041,0.0000004109589041095890410904109589041,0.000000001784418454840380578055732305012272685885,match,MATCH_SNAPSHOT_PRECISION,Match at oracle precision
single_childless_ietc_focused,Childless single adult with focused points around the IETC eligibility and abatement kinks.,1265,wage1_ACC_levy,NZD/week,22.1375,22.13745205479452054794520547945205479452,-0.00004794520547945205479452054794520548,0.00004794520547945205479452054794520548,0.000002165791326005739347013915209269586900056,c,C_ACC_ANNUAL_CENTS,ACC period/rounding convention
single_childless_ietc_focused,Childless single adult with focused points around the IETC eligibility and abatement kinks.,1265,net_wage1,NZD/week,1012.55839,1012.558438356164383561643835610958904109,0.000048356164383561643835610958904109,0.000048356164383561643835610958904109,0.0000000477564206283073155273652504169255858914,c,C_NET_WAGE_ROUNDING,Net-wage rounding propagation
single_childless_ietc_focused,Childless single adult with focused points around the IETC eligibility and abatement kinks.,1265,net_wage,NZD/week,1012.55839,1012.558438356164383561643835610958904109,0.000048356164383561643835610958904109,0.000048356164383561643835610958904109,0.0000000477564206283073155273652504169255858914,c,C_NET_WAGE_ROUNDING,Net-wage rounding propagation
single_childless_ietc_focused,Childless single adult with focused points around the IETC eligibility and abatement kinks.,1265,net_benefit,NZD/week,0,0,0,0,0,match,MATCH_SNAPSHOT_PRECISION,Match at oracle precision
single_childless_ietc_focused,Childless single adult with focused points around the IETC eligibility and abatement kinks.,1265,FTC_abated,NZD/week,0,0,0,0,0,match,MATCH_SNAPSHOT_PRECISION,Match at oracle precision
single_childless_ietc_focused,Childless single adult with focused points around the IETC eligibility and abatement kinks.,1265,IWTC_abated,NZD/week,0,0,0,0,0,match,MATCH_SNAPSHOT_PRECISION,Match at oracle precision
single_childless_ietc_focused,Childless single adult with focused points around the IETC eligibility and abatement kinks.,1265,MFTC,NZD/week,0,0,0,0,0,match,MATCH_SNAPSHOT_PRECISION,Match at oracle precision
single_childless_ietc_focused,Childless single adult with focused points around the IETC eligibility and abatement kinks.,1265,IETC_abated,NZD/week,9.972603,9.972602739726027397260273972602739726028,-0.000000260273972602739726027397260273972,0.000000260273972602739726027397260273972,0.00000002609890041774847810821279662631431332421,match,MATCH_SNAPSHOT_PRECISION,Match at oracle precision
single_childless_ietc_focused,Childless single adult with focused points around the IETC eligibility and abatement kinks.,1265,WinterEnergy,NZD/week,0,0,0,0,0,match,MATCH_SNAPSHOT_PRECISION,Match at oracle precision
single_childless_ietc_focused,Childless single adult with focused points around the IETC eligibility and abatement kinks.,1265,BestStart_Total,NZD/week,0,0,0,0,0,match,MATCH_SNAPSHOT_PRECISION,Match at oracle precision
single_childless_ietc_focused,Childless single adult with focused points around the IETC eligibility and abatement kinks.,1265,AS_Amount,NZD/week,0,0,0,0,0,match,MATCH_SNAPSHOT_PRECISION,Match at oracle precision
single_childless_ietc_focused,Childless single adult with focused points around the IETC eligibility and abatement kinks.,1265,WFF_abated,NZD/week,0,0,0,0,0,match,MATCH_SNAPSHOT_PRECISION,Match at oracle precision
single_childless_ietc_focused,Childless single adult with focused points around the IETC eligibility and abatement kinks.,1265,Net_Income,NZD/week,1022.530993,1022.531041095890410958904109583561643835,0.000048095890410958904109583561643835,0.000048095890410958904109583561643835,0.00000004703611992224367140486622066020349957256,c,C_COMPOUND_NET_INCOME,Compound period/rounding difference
single_childless_ietc_focused,Childless single adult with focused points around the IETC eligibility and abatement kinks.,1265,Net_Income_annual,NZD/year,53317.6875,53317.68999999999999999999999971428571425,0.00249999999999999999999971428571425,0.00249999999999999999999971428571425,0.00000004688875525593640947011654032658955810865,c,C_COMPOUND_NET_INCOME,Compound period/rounding difference
single_childless_ietc_focused,Childless single adult with focused points around the IETC eligibility and abatement kinks.,1265,EMTR,ratio,0.349555,0.347561643835616438356164380821917807,-0.001993356164383561643835619178082193,0.001993356164383561643835619178082193,0.005702553716535485528273431013952576847706,c,C_EMTR_DISCRETE_ROUNDING,EMTR statutory discreteness/period convention
single_childless_ietc_focused,Childless single adult with focused points around the IETC eligibility and abatement kinks.,1266,gross_wage1,NZD/week,1266,1266,0,0,0,match,MATCH_SNAPSHOT_PRECISION,Match at oracle precision
single_childless_ietc_focused,Childless single adult with focused points around the IETC eligibility and abatement kinks.,1266,hours1,hours/week,50.64,50.64,0,0,0,match,MATCH_SNAPSHOT_PRECISION,Match at oracle precision
single_childless_ietc_focused,Childless single adult with focused points around the IETC eligibility and abatement kinks.,1266,gross_wage1_annual,NZD/year,66012.857143,66012.85714285714285714285714285714285714,-0.00000014285714285714285714285714286,0.00000014285714285714285714285714286,0.000000000002164080590356501805729713904681491237844,match,MATCH_SNAPSHOT_PRECISION,Match at oracle precision
single_childless_ietc_focused,Childless single adult with focused points around the IETC eligibility and abatement kinks.,1266,gross_wage2,NZD/week,0,0,0,0,0,match,MATCH_SNAPSHOT_PRECISION,Match at oracle precision
single_childless_ietc_focused,Childless single adult with focused points around the IETC eligibility and abatement kinks.,1266,wage1_tax,NZD/week,230.60411,230.6041095890410958904109589068493150685,-0.0000004109589041095890410931506849315,0.0000004109589041095890410931506849315,0.00000000178209704982963677921070307433592575605,match,MATCH_SNAPSHOT_PRECISION,Match at oracle precision
single_childless_ietc_focused,Childless single adult with focused points around the IETC eligibility and abatement kinks.,1266,wage1_ACC_levy,NZD/week,22.155,22.15509589041095890410958904109589041096,0.00009589041095890410958904109589041096,0.00009589041095890410958904109589041096,0.000004328161180722370101062563569867341909276,c,C_ACC_ANNUAL_CENTS,ACC period/rounding convention
single_childless_ietc_focused,Childless single adult with focused points around the IETC eligibility and abatement kinks.,1266,net_wage1,NZD/week,1013.24089,1013.240794520547945205479452052054794521,-0.000095479452054794520547947945205479,0.000095479452054794520547947945205479,0.00000009423173995158695238597007786122705726967,c,C_NET_WAGE_ROUNDING,Net-wage rounding propagation
single_childless_ietc_focused,Childless single adult with focused points around the IETC eligibility and abatement kinks.,1266,net_wage,NZD/week,1013.24089,1013.240794520547945205479452052054794521,-0.000095479452054794520547947945205479,0.000095479452054794520547947945205479,0.00000009423173995158695238597007786122705726967,c,C_NET_WAGE_ROUNDING,Net-wage rounding propagation
single_childless_ietc_focused,Childless single adult with focused points around the IETC eligibility and abatement kinks.,1266,net_benefit,NZD/week,0,0,0,0,0,match,MATCH_SNAPSHOT_PRECISION,Match at oracle precision
single_childless_ietc_focused,Childless single adult with focused points around the IETC eligibility and abatement kinks.,1266,FTC_abated,NZD/week,0,0,0,0,0,match,MATCH_SNAPSHOT_PRECISION,Match at oracle precision
single_childless_ietc_focused,Childless single adult with focused points around the IETC eligibility and abatement kinks.,1266,IWTC_abated,NZD/week,0,0,0,0,0,match,MATCH_SNAPSHOT_PRECISION,Match at oracle precision
single_childless_ietc_focused,Childless single adult with focused points around the IETC eligibility and abatement kinks.,1266,MFTC,NZD/week,0,0,0,0,0,match,MATCH_SNAPSHOT_PRECISION,Match at oracle precision
single_childless_ietc_focused,Childless single adult with focused points around the IETC eligibility and abatement kinks.,1266,IETC_abated,NZD/week,9.940548,9.94268493150684931506849315068493150685,0.00213693150684931506849315068493150685,0.00213693150684931506849315068493150685,0.0002149711974479993526003949364694488523168,c,C_IETC_WHOLE_DOLLARS,IETC statutory whole-dollar convention
single_childless_ietc_focused,Childless single adult with focused points around the IETC eligibility and abatement kinks.,1266,WinterEnergy,NZD/week,0,0,0,0,0,match,MATCH_SNAPSHOT_PRECISION,Match at oracle precision
single_childless_ietc_focused,Childless single adult with focused points around the IETC eligibility and abatement kinks.,1266,BestStart_Total,NZD/week,0,0,0,0,0,match,MATCH_SNAPSHOT_PRECISION,Match at oracle precision
single_childless_ietc_focused,Childless single adult with focused points around the IETC eligibility and abatement kinks.,1266,AS_Amount,NZD/week,0,0,0,0,0,match,MATCH_SNAPSHOT_PRECISION,Match at oracle precision
single_childless_ietc_focused,Childless single adult with focused points around the IETC eligibility and abatement kinks.,1266,WFF_abated,NZD/week,0,0,0,0,0,match,MATCH_SNAPSHOT_PRECISION,Match at oracle precision
single_childless_ietc_focused,Childless single adult with focused points around the IETC eligibility and abatement kinks.,1266,Net_Income,NZD/week,1023.181438,1023.183479452054794520547945202739726028,0.002041452054794520547945202739726028,0.002041452054794520547945202739726028,0.000001995200439508481923755542894950394907379,c,C_COMPOUND_NET_INCOME,Compound period/rounding difference
single_childless_ietc_focused,Childless single adult with focused points around the IETC eligibility and abatement kinks.,1266,Net_Income_annual,NZD/year,53351.603571,53351.70999999999999999999999985714285717,0.10642899999999999999999985714285717,0.10642899999999999999999985714285717,0.00000199486037675259213625258358858743083908,c,C_COMPOUND_NET_INCOME,Compound period/rounding difference
single_childless_ietc_focused,Childless single adult with focused points around the IETC eligibility and abatement kinks.,1266,EMTR,ratio,0.4475,0.449589041095890410958904106849315069,0.002089041095890410958904106849315069,0.002089041095890410958904106849315069,0.004668248258972985383025937093441494972067,c,C_EMTR_DISCRETE_ROUNDING,EMTR statutory discreteness/period convention
single_childless_ietc_focused,Childless single adult with focused points around the IETC eligibility and abatement kinks.,1342,gross_wage1,NZD/week,1342,1342,0,0,0,match,MATCH_SNAPSHOT_PRECISION,Match at oracle precision
single_childless_ietc_focused,Childless single adult with focused points around the IETC eligibility and abatement kinks.,1342,hours1,hours/week,53.68,53.68,0,0,0,match,MATCH_SNAPSHOT_PRECISION,Match at oracle precision
single_childless_ietc_focused,Childless single adult with focused points around the IETC eligibility and abatement kinks.,1342,gross_wage1_annual,NZD/year,69975.714286,69975.71428571428571428571428571428571428,-0.00000028571428571428571428571428572,0.00000028571428571428571428571428572,0.000000000004083049221141689773100293204772675037442,match,MATCH_SNAPSHOT_PRECISION,Match at oracle precision
single_childless_ietc_focused,Childless single adult with focused points around the IETC eligibility and abatement kinks.,1342,gross_wage2,NZD/week,0,0,0,0,0,match,MATCH_SNAPSHOT_PRECISION,Match at oracle precision
single_childless_ietc_focused,Childless single adult with focused points around the IETC eligibility and abatement kinks.,1342,wage1_tax,NZD/week,253.40411,253.4041095890410958904109589095890410959,-0.0000004109589041095890410904109589041,0.0000004109589041095890410904109589041,0.00000000162175311248735879260368333767001648079,match,MATCH_SNAPSHOT_PRECISION,Match at oracle precision
single_childless_ietc_focused,Childless single adult with focused points around the IETC eligibility and abatement kinks.,1342,wage1_ACC_levy,NZD/week,23.485,23.48509589041095890410958904109589041096,0.00009589041095890410958904109589041096,0.00009589041095890410958904109589041096,0.000004083049221158361064042627033868893336172,c,C_ACC_ANNUAL_CENTS,ACC period/rounding convention
single_childless_ietc_focused,Childless single adult with focused points around the IETC eligibility and abatement kinks.,1342,net_wage1,NZD/week,1065.11089,1065.110794520547945205479452049315068493,-0.000095479452054794520547950684931507,0.000095479452054794520547950684931507,0.00000008964273387045598655737214829481933097126,c,C_NET_WAGE_ROUNDING,Net-wage rounding propagation
single_childless_ietc_focused,Childless single adult with focused points around the IETC eligibility and abatement kinks.,1342,net_wage,NZD/week,1065.11089,1065.110794520547945205479452049315068493,-0.000095479452054794520547950684931507,0.000095479452054794520547950684931507,0.00000008964273387045598655737214829481933097126,c,C_NET_WAGE_ROUNDING,Net-wage rounding propagation
single_childless_ietc_focused,Childless single adult with focused points around the IETC eligibility and abatement kinks.,1342,net_benefit,NZD/week,0,0,0,0,0,match,MATCH_SNAPSHOT_PRECISION,Match at oracle precision
single_childless_ietc_focused,Childless single adult with focused points around the IETC eligibility and abatement kinks.,1342,FTC_abated,NZD/week,0,0,0,0,0,match,MATCH_SNAPSHOT_PRECISION,Match at oracle precision
single_childless_ietc_focused,Childless single adult with focused points around the IETC eligibility and abatement kinks.,1342,IWTC_abated,NZD/week,0,0,0,0,0,match,MATCH_SNAPSHOT_PRECISION,Match at oracle precision
single_childless_ietc_focused,Childless single adult with focused points around the IETC eligibility and abatement kinks.,1342,MFTC,NZD/week,0,0,0,0,0,match,MATCH_SNAPSHOT_PRECISION,Match at oracle precision
single_childless_ietc_focused,Childless single adult with focused points around the IETC eligibility and abatement kinks.,1342,IETC_abated,NZD/week,0.060548,0.06232876712328767123287671232876712328767,0.00178076712328767123287671232876712328767,0.00178076712328767123287671232876712328767,0.02941083311236822410115465958854335878427,c,C_IETC_WHOLE_DOLLARS,IETC statutory whole-dollar convention
single_childless_ietc_focused,Childless single adult with focused points around the IETC eligibility and abatement kinks.,1342,WinterEnergy,NZD/week,0,0,0,0,0,match,MATCH_SNAPSHOT_PRECISION,Match at oracle precision
single_childless_ietc_focused,Childless single adult with focused points around the IETC eligibility and abatement kinks.,1342,BestStart_Total,NZD/week,0,0,0,0,0,match,MATCH_SNAPSHOT_PRECISION,Match at oracle precision
single_childless_ietc_focused,Childless single adult with focused points around the IETC eligibility and abatement kinks.,1342,AS_Amount,NZD/week,0,0,0,0,0,match,MATCH_SNAPSHOT_PRECISION,Match at oracle precision
single_childless_ietc_focused,Childless single adult with focused points around the IETC eligibility and abatement kinks.,1342,WFF_abated,NZD/week,0,0,0,0,0,match,MATCH_SNAPSHOT_PRECISION,Match at oracle precision
single_childless_ietc_focused,Childless single adult with focused points around the IETC eligibility and abatement kinks.,1342,Net_Income,NZD/week,1065.171438,1065.173123287671232876712328761643835616,0.001685287671232876712328761643835616,0.001685287671232876712328761643835616,0.000001582175048175556423743275065018797471736,c,C_COMPOUND_NET_INCOME,Compound period/rounding difference
single_childless_ietc_focused,Childless single adult with focused points around the IETC eligibility and abatement kinks.,1342,Net_Income_annual,NZD/year,55541.082143,55541.16999999999999999999999971428571426,0.08785699999999999999999971428571426,0.08785699999999999999999971428571426,0.00000158183810271822128548547308569342615158,c,C_COMPOUND_NET_INCOME,Compound period/rounding difference
single_childless_ietc_focused,Childless single adult with focused points around the IETC eligibility and abatement kinks.,1342,EMTR,ratio,0.378048,0.379780821917808219178082189041095889,0.001732821917808219178082189041095889,0.001732821917808219178082189041095889,0.004583602922931001296349111861710388627899,c,C_EMTR_DISCRETE_ROUNDING,EMTR statutory discreteness/period convention
single_childless_ietc_focused,Childless single adult with focused points around the IETC eligibility and abatement kinks.,1343,gross_wage1,NZD/week,1343,1343,0,0,0,match,MATCH_SNAPSHOT_PRECISION,Match at oracle precision
single_childless_ietc_focused,Childless single adult with focused points around the IETC eligibility and abatement kinks.,1343,hours1,hours/week,53.72,53.72,0,0,0,match,MATCH_SNAPSHOT_PRECISION,Match at oracle precision
single_childless_ietc_focused,Childless single adult with focused points around the IETC eligibility and abatement kinks.,1343,gross_wage1_annual,NZD/year,70027.857143,70027.85714285714285714285714285714285714,-0.00000014285714285714285714285714286,0.00000014285714285714285714285714286,0.000000000002040004488005712003410875851480715070836,match,MATCH_SNAPSHOT_PRECISION,Match at oracle precision
single_childless_ietc_focused,Childless single adult with focused points around the IETC eligibility and abatement kinks.,1343,gross_wage2,NZD/week,0,0,0,0,0,match,MATCH_SNAPSHOT_PRECISION,Match at oracle precision
single_childless_ietc_focused,Childless single adult with focused points around the IETC eligibility and abatement kinks.,1343,wage1_tax,NZD/week,253.70411,253.7041095890410958904109589068493150685,-0.0000004109589041095890410931506849315,0.0000004109589041095890410931506849315,0.000000001619835422096981562865302753398437258269,match,MATCH_SNAPSHOT_PRECISION,Match at oracle precision
single_childless_ietc_focused,Childless single adult with focused points around the IETC eligibility and abatement kinks.,1343,wage1_ACC_levy,NZD/week,23.5025,23.50254794520547945205479452054794520548,0.00004794520547945205479452054794520548,0.00004794520547945205479452054794520548,0.00000204000448800987362172196778832913434741,c,C_ACC_ANNUAL_CENTS,ACC period/rounding convention
single_childless_ietc_focused,Childless single adult with focused points around the IETC eligibility and abatement kinks.,1343,net_wage1,NZD/week,1065.79339,1065.793342465753424657534246572602739727,-0.000047534246575342465753427397260273,0.000047534246575342465753427397260273,0.00000004459986993852764066535203156051943613574,c,C_NET_WAGE_ROUNDING,Net-wage rounding propagation
single_childless_ietc_focused,Childless single adult with focused points around the IETC eligibility and abatement kinks.,1343,net_wage,NZD/week,1065.79339,1065.793342465753424657534246572602739727,-0.000047534246575342465753427397260273,0.000047534246575342465753427397260273,0.00000004459986993852764066535203156051943613574,c,C_NET_WAGE_ROUNDING,Net-wage rounding propagation
single_childless_ietc_focused,Childless single adult with focused points around the IETC eligibility and abatement kinks.,1343,net_benefit,NZD/week,0,0,0,0,0,match,MATCH_SNAPSHOT_PRECISION,Match at oracle precision
single_childless_ietc_focused,Childless single adult with focused points around the IETC eligibility and abatement kinks.,1343,FTC_abated,NZD/week,0,0,0,0,0,match,MATCH_SNAPSHOT_PRECISION,Match at oracle precision
single_childless_ietc_focused,Childless single adult with focused points around the IETC eligibility and abatement kinks.,1343,IWTC_abated,NZD/week,0,0,0,0,0,match,MATCH_SNAPSHOT_PRECISION,Match at oracle precision
single_childless_ietc_focused,Childless single adult with focused points around the IETC eligibility and abatement kinks.,1343,MFTC,NZD/week,0,0,0,0,0,match,MATCH_SNAPSHOT_PRECISION,Match at oracle precision
single_childless_ietc_focused,Childless single adult with focused points around the IETC eligibility and abatement kinks.,1343,IETC_abated,NZD/week,0,0,0,0,0,match,MATCH_SNAPSHOT_PRECISION,Match at oracle precision
single_childless_ietc_focused,Childless single adult with focused points around the IETC eligibility and abatement kinks.,1343,WinterEnergy,NZD/week,0,0,0,0,0,match,MATCH_SNAPSHOT_PRECISION,Match at oracle precision
single_childless_ietc_focused,Childless single adult with focused points around the IETC eligibility and abatement kinks.,1343,BestStart_Total,NZD/week,0,0,0,0,0,match,MATCH_SNAPSHOT_PRECISION,Match at oracle precision
single_childless_ietc_focused,Childless single adult with focused points around the IETC eligibility and abatement kinks.,1343,AS_Amount,NZD/week,0,0,0,0,0,match,MATCH_SNAPSHOT_PRECISION,Match at oracle precision
single_childless_ietc_focused,Childless single adult with focused points around the IETC eligibility and abatement kinks.,1343,WFF_abated,NZD/week,0,0,0,0,0,match,MATCH_SNAPSHOT_PRECISION,Match at oracle precision
single_childless_ietc_focused,Childless single adult with focused points around the IETC eligibility and abatement kinks.,1343,Net_Income,NZD/week,1065.79339,1065.793342465753424657534246572602739727,-0.000047534246575342465753427397260273,0.000047534246575342465753427397260273,0.00000004459986993852764066535203156051943613574,c,C_COMPOUND_NET_INCOME,Compound period/rounding difference
single_childless_ietc_focused,Childless single adult with focused points around the IETC eligibility and abatement kinks.,1343,Net_Income_annual,NZD/year,55573.5125,55573.50999999999999999999999985714285719,-0.00250000000000000000000014285714281,0.00250000000000000000000014285714281,0.0000000449854595748289259204219430460295271061,c,C_COMPOUND_NET_INCOME,Compound period/rounding difference
single_childless_ietc_focused,Childless single adult with focused points around the IETC eligibility and abatement kinks.,1343,EMTR,ratio,0.3175,0.317452054794520547945205476712328768,-0.000047945205479452054794523287671232,0.000047945205479452054794523287671232,0.000151008521195124582029994606838525984252,c,C_EMTR_DISCRETE_ROUNDING,EMTR statutory discreteness/period convention
single_childless_ietc_focused,Childless single adult with focused points around the IETC eligibility and abatement kinks.,1500,gross_wage1,NZD/week,1500,1500,0,0,0,match,MATCH_SNAPSHOT_PRECISION,Match at oracle precision
single_childless_ietc_focused,Childless single adult with focused points around the IETC eligibility and abatement kinks.,1500,hours1,hours/week,60,60,0,0,0,match,MATCH_SNAPSHOT_PRECISION,Match at oracle precision
single_childless_ietc_focused,Childless single adult with focused points around the IETC eligibility and abatement kinks.,1500,gross_wage1_annual,NZD/year,78214.285714,78214.28571428571428571428571428571428571,0.00000028571428571428571428571428571,0.00000028571428571428571428571428571,0.000000000003652968036543024540772759906943462136646,match,MATCH_SNAPSHOT_PRECISION,Match at oracle precision
single_childless_ietc_focused,Childless single adult with focused points around the IETC eligibility and abatement kinks.,1500,gross_wage2,NZD/week,0,0,0,0,0,match,MATCH_SNAPSHOT_PRECISION,Match at oracle precision
single_childless_ietc_focused,Childless single adult with focused points around the IETC eligibility and abatement kinks.,1500,wage1_tax,NZD/week,300.869863,300.8698630136986301369863013753424657534,0.0000000136986301369863013753424657534,0.0000000136986301369863013753424657534,0.00000000004553008400507797411182543647915976217266,match,MATCH_SNAPSHOT_PRECISION,Match at oracle precision
single_childless_ietc_focused,Childless single adult with focused points around the IETC eligibility and abatement kinks.,1500,wage1_ACC_levy,NZD/week,26.25,26.25,0,0,0,match,MATCH_SNAPSHOT_PRECISION,Match at oracle precision
single_childless_ietc_focused,Childless single adult with focused points around the IETC eligibility and abatement kinks.,1500,net_wage1,NZD/week,1172.880137,1172.880136986301369863013698624657534247,-0.000000013698630136986301375342465753,0.000000013698630136986301375342465753,0.00000000001167948002941267422567193305022267590844,match,MATCH_SNAPSHOT_PRECISION,Match at oracle precision
single_childless_ietc_focused,Childless single adult with focused points around the IETC eligibility and abatement kinks.,1500,net_wage,NZD/week,1172.880137,1172.880136986301369863013698624657534247,-0.000000013698630136986301375342465753,0.000000013698630136986301375342465753,0.00000000001167948002941267422567193305022267590844,match,MATCH_SNAPSHOT_PRECISION,Match at oracle precision
single_childless_ietc_focused,Childless single adult with focused points around the IETC eligibility and abatement kinks.,1500,net_benefit,NZD/week,0,0,0,0,0,match,MATCH_SNAPSHOT_PRECISION,Match at oracle precision
single_childless_ietc_focused,Childless single adult with focused points around the IETC eligibility and abatement kinks.,1500,FTC_abated,NZD/week,0,0,0,0,0,match,MATCH_SNAPSHOT_PRECISION,Match at oracle precision
single_childless_ietc_focused,Childless single adult with focused points around the IETC eligibility and abatement kinks.,1500,IWTC_abated,NZD/week,0,0,0,0,0,match,MATCH_SNAPSHOT_PRECISION,Match at oracle precision
single_childless_ietc_focused,Childless single adult with focused points around the IETC eligibility and abatement kinks.,1500,MFTC,NZD/week,0,0,0,0,0,match,MATCH_SNAPSHOT_PRECISION,Match at oracle precision
single_childless_ietc_focused,Childless single adult with focused points around the IETC eligibility and abatement kinks.,1500,IETC_abated,NZD/week,0,0,0,0,0,match,MATCH_SNAPSHOT_PRECISION,Match at oracle precision
single_childless_ietc_focused,Childless single adult with focused points around the IETC eligibility and abatement kinks.,1500,WinterEnergy,NZD/week,0,0,0,0,0,match,MATCH_SNAPSHOT_PRECISION,Match at oracle precision
single_childless_ietc_focused,Childless single adult with focused points around the IETC eligibility and abatement kinks.,1500,BestStart_Total,NZD/week,0,0,0,0,0,match,MATCH_SNAPSHOT_PRECISION,Match at oracle precision
single_childless_ietc_focused,Childless single adult with focused points around the IETC eligibility and abatement kinks.,1500,AS_Amount,NZD/week,0,0,0,0,0,match,MATCH_SNAPSHOT_PRECISION,Match at oracle precision
single_childless_ietc_focused,Childless single adult with focused points around the IETC eligibility and abatement kinks.,1500,WFF_abated,NZD/week,0,0,0,0,0,match,MATCH_SNAPSHOT_PRECISION,Match at oracle precision
single_childless_ietc_focused,Childless single adult with focused points around the IETC eligibility and abatement kinks.,1500,Net_Income,NZD/week,1172.880137,1172.880136986301369863013698624657534247,-0.000000013698630136986301375342465753,0.000000013698630136986301375342465753,0.00000000001167948002941267422567193305022267590844,match,MATCH_SNAPSHOT_PRECISION,Match at oracle precision
single_childless_ietc_focused,Childless single adult with focused points around the IETC eligibility and abatement kinks.,1500,Net_Income_annual,NZD/year,61157.321429,61157.32142857142857142857142828571428573,-0.00000042857142857142857171428571427,0.00000042857142857142857171428571427,0.000000000007007688017680342998173817457658622925364,match,MATCH_SNAPSHOT_PRECISION,Match at oracle precision
single_childless_ietc_focused,Childless single adult with focused points around the IETC eligibility and abatement kinks.,1500,EMTR,ratio,0.3475,0.347452054794520547945205482191780822,-0.000047945205479452054794517808219178,0.000047945205479452054794517808219178,0.0001379718143293584310633605991918791366906,c,C_EMTR_DISCRETE_ROUNDING,EMTR statutory discreteness/period convention
lone_parent_two_children_area4_high_rent_cap,"Lone parent with two children, Area 4 rent high enough to bind the Accommodation Supplement maximum.",0,gross_wage1,NZD/week,0,0,0,0,0,match,MATCH_SNAPSHOT_PRECISION,Match at oracle precision
lone_parent_two_children_area4_high_rent_cap,"Lone parent with two children, Area 4 rent high enough to bind the Accommodation Supplement maximum.",0,hours1,hours/week,0,0,0,0,0,match,MATCH_SNAPSHOT_PRECISION,Match at oracle precision
lone_parent_two_children_area4_high_rent_cap,"Lone parent with two children, Area 4 rent high enough to bind the Accommodation Supplement maximum.",0,gross_wage1_annual,NZD/year,0,0,0,0,0,match,MATCH_SNAPSHOT_PRECISION,Match at oracle precision
lone_parent_two_children_area4_high_rent_cap,"Lone parent with two children, Area 4 rent high enough to bind the Accommodation Supplement maximum.",0,gross_wage2,NZD/week,0,0,0,0,0,match,MATCH_SNAPSHOT_PRECISION,Match at oracle precision
lone_parent_two_children_area4_high_rent_cap,"Lone parent with two children, Area 4 rent high enough to bind the Accommodation Supplement maximum.",0,wage1_tax,NZD/week,0,0,0,0,0,match,MATCH_SNAPSHOT_PRECISION,Match at oracle precision
lone_parent_two_children_area4_high_rent_cap,"Lone parent with two children, Area 4 rent high enough to bind the Accommodation Supplement maximum.",0,wage1_ACC_levy,NZD/week,0,0,0,0,0,match,MATCH_SNAPSHOT_PRECISION,Match at oracle precision
lone_parent_two_children_area4_high_rent_cap,"Lone parent with two children, Area 4 rent high enough to bind the Accommodation Supplement maximum.",0,net_wage1,NZD/week,0,0,0,0,0,match,MATCH_SNAPSHOT_PRECISION,Match at oracle precision
lone_parent_two_children_area4_high_rent_cap,"Lone parent with two children, Area 4 rent high enough to bind the Accommodation Supplement maximum.",0,net_wage,NZD/week,0,0,0,0,0,match,MATCH_SNAPSHOT_PRECISION,Match at oracle precision
lone_parent_two_children_area4_high_rent_cap,"Lone parent with two children, Area 4 rent high enough to bind the Accommodation Supplement maximum.",0,net_benefit,NZD/week,517.39,521.52,4.13,4.13,0.007982373064806045729527049227855196273604,b,B_BENEFIT_VINTAGE,Main-benefit forecast vintage
lone_parent_two_children_area4_high_rent_cap,"Lone parent with two children, Area 4 rent high enough to bind the Accommodation Supplement maximum.",0,FTC_abated,NZD/week,261.857534,275.6849315068493150684931506849315068493,13.8273975068493150684931506849315068493,13.8273975068493150684931506849315068493,0.05280503980782662937814556324711859101713,b,B_WFF_VINTAGE,Working for Families forecast vintage
lone_parent_two_children_area4_high_rent_cap,"Lone parent with two children, Area 4 rent high enough to bind the Accommodation Supplement maximum.",0,IWTC_abated,NZD/week,0,0,0,0,0,match,MATCH_SNAPSHOT_PRECISION,Match at oracle precision
lone_parent_two_children_area4_high_rent_cap,"Lone parent with two children, Area 4 rent high enough to bind the Accommodation Supplement maximum.",0,MFTC,NZD/week,0,0,0,0,0,match,MATCH_SNAPSHOT_PRECISION,Match at oracle precision
lone_parent_two_children_area4_high_rent_cap,"Lone parent with two children, Area 4 rent high enough to bind the Accommodation Supplement maximum.",0,IETC_abated,NZD/week,0,0,0,0,0,match,MATCH_SNAPSHOT_PRECISION,Match at oracle precision
lone_parent_two_children_area4_high_rent_cap,"Lone parent with two children, Area 4 rent high enough to bind the Accommodation Supplement maximum.",0,WinterEnergy,NZD/week,13.424658,13.42465753424657534246575342465753424658,-0.00000046575342465753424657534246575342,0.00000046575342465753424657534246575342,0.00000003469387634735531039787698619610421360455,match,MATCH_SNAPSHOT_PRECISION,Match at oracle precision
lone_parent_two_children_area4_high_rent_cap,"Lone parent with two children, Area 4 rent high enough to bind the Accommodation Supplement maximum.",0,BestStart_Total,NZD/week,0,0,0,0,0,match,MATCH_SNAPSHOT_PRECISION,Match at oracle precision
lone_parent_two_children_area4_high_rent_cap,"Lone parent with two children, Area 4 rent high enough to bind the Accommodation Supplement maximum.",0,AS_Amount,NZD/week,120,120,0,0,0,match,MATCH_SNAPSHOT_PRECISION,Match at oracle precision
lone_parent_two_children_area4_high_rent_cap,"Lone parent with two children, Area 4 rent high enough to bind the Accommodation Supplement maximum.",0,WFF_abated,NZD/week,261.857534,275.6849315068493150684931506849315068493,13.8273975068493150684931506849315068493,13.8273975068493150684931506849315068493,0.05280503980782662937814556324711859101713,b,B_WFF_VINTAGE,Working for Families forecast vintage
lone_parent_two_children_area4_high_rent_cap,"Lone parent with two children, Area 4 rent high enough to bind the Accommodation Supplement maximum.",0,Net_Income,NZD/week,912.672192,930.6295890410958904109589041095890410959,17.9573970410958904109589041095890410959,17.9573970410958904109589041095890410959,0.01967562636234663585647945775210935877391,b,B_COMPOUND_NET_INCOME,Compound forecast-vintage level difference
lone_parent_two_children_area4_high_rent_cap,"Lone parent with two children, Area 4 rent high enough to bind the Accommodation Supplement maximum.",0,Net_Income_annual,NZD/year,47589.335714,48525.68571428571428571428571428571428571,936.35000028571428571428571428571428571,936.35000028571428571428571428571428571,0.01967562661334344940493627068252197721169,b,B_COMPOUND_NET_INCOME,Compound forecast-vintage level difference
lone_parent_two_children_area4_high_rent_cap,"Lone parent with two children, Area 4 rent high enough to bind the Accommodation Supplement maximum.",0,EMTR,ratio,0.1925,0.1924520547945205479452054794520547945,-0.0000479452054794520547945205479452055,0.0000479452054794520547945205479452055,0.0002490660024906600249066002490660025974026,c,C_EMTR_DISCRETE_ROUNDING,EMTR statutory discreteness/period convention
lone_parent_two_children_area4_high_rent_cap,"Lone parent with two children, Area 4 rent high enough to bind the Accommodation Supplement maximum.",160,gross_wage1,NZD/week,160,160,0,0,0,match,MATCH_SNAPSHOT_PRECISION,Match at oracle precision
lone_parent_two_children_area4_high_rent_cap,"Lone parent with two children, Area 4 rent high enough to bind the Accommodation Supplement maximum.",160,hours1,hours/week,8.648649,8.648648648648648648648648648648648648649,-0.000000351351351351351351351351351351351,0.000000351351351351351351351351351351351,0.00000004062499834960944204711641683589552541674,match,MATCH_SNAPSHOT_PRECISION,Match at oracle precision
lone_parent_two_children_area4_high_rent_cap,"Lone parent with two children, Area 4 rent high enough to bind the Accommodation Supplement maximum.",160,gross_wage1_annual,NZD/year,8342.857143,8342.857142857142857142857142857142857142,-0.000000142857142857142857142857142858,0.000000142857142857142857142857142858,0.00000000001712328767093966973166199195675236315143,match,MATCH_SNAPSHOT_PRECISION,Match at oracle precision
lone_parent_two_children_area4_high_rent_cap,"Lone parent with two children, Area 4 rent high enough to bind the Accommodation Supplement maximum.",160,gross_wage2,NZD/week,0,0,0,0,0,match,MATCH_SNAPSHOT_PRECISION,Match at oracle precision
lone_parent_two_children_area4_high_rent_cap,"Lone parent with two children, Area 4 rent high enough to bind the Accommodation Supplement maximum.",160,wage1_tax,NZD/week,16.8,16.8,0,0,0,match,MATCH_SNAPSHOT_PRECISION,Match at oracle precision
lone_parent_two_children_area4_high_rent_cap,"Lone parent with two children, Area 4 rent high enough to bind the Accommodation Supplement maximum.",160,wage1_ACC_levy,NZD/week,2.8,2.8,0,0,0,match,MATCH_SNAPSHOT_PRECISION,Match at oracle precision
lone_parent_two_children_area4_high_rent_cap,"Lone parent with two children, Area 4 rent high enough to bind the Accommodation Supplement maximum.",160,net_wage1,NZD/week,140.4,140.4,0,0,0,match,MATCH_SNAPSHOT_PRECISION,Match at oracle precision
lone_parent_two_children_area4_high_rent_cap,"Lone parent with two children, Area 4 rent high enough to bind the Accommodation Supplement maximum.",160,net_wage,NZD/week,140.4,140.4,0,0,0,match,MATCH_SNAPSHOT_PRECISION,Match at oracle precision
lone_parent_two_children_area4_high_rent_cap,"Lone parent with two children, Area 4 rent high enough to bind the Accommodation Supplement maximum.",160,net_benefit,NZD/week,0,0,0,0,0,match,MATCH_SNAPSHOT_PRECISION,Match at oracle precision
lone_parent_two_children_area4_high_rent_cap,"Lone parent with two children, Area 4 rent high enough to bind the Accommodation Supplement maximum.",160,FTC_abated,NZD/week,261.857534,275.6849315068493150684931506849315068493,13.8273975068493150684931506849315068493,13.8273975068493150684931506849315068493,0.05280503980782662937814556324711859101713,b,B_WFF_VINTAGE,Working for Families forecast vintage
lone_parent_two_children_area4_high_rent_cap,"Lone parent with two children, Area 4 rent high enough to bind the Accommodation Supplement maximum.",160,IWTC_abated,NZD/week,97.5,147.5,50,50,0.5128205128205128205128205128205128205128,b,B_WFF_VINTAGE,Working for Families forecast vintage
lone_parent_two_children_area4_high_rent_cap,"Lone parent with two children, Area 4 rent high enough to bind the Accommodation Supplement maximum.",160,MFTC,NZD/week,0,0,0,0,0,match,MATCH_SNAPSHOT_PRECISION,Match at oracle precision
lone_parent_two_children_area4_high_rent_cap,"Lone parent with two children, Area 4 rent high enough to bind the Accommodation Supplement maximum.",160,IETC_abated,NZD/week,0,0,0,0,0,match,MATCH_SNAPSHOT_PRECISION,Match at oracle precision
lone_parent_two_children_area4_high_rent_cap,"Lone parent with two children, Area 4 rent high enough to bind the Accommodation Supplement maximum.",160,WinterEnergy,NZD/week,0,0,0,0,0,match,MATCH_SNAPSHOT_PRECISION,Match at oracle precision
lone_parent_two_children_area4_high_rent_cap,"Lone parent with two children, Area 4 rent high enough to bind the Accommodation Supplement maximum.",160,BestStart_Total,NZD/week,0,0,0,0,0,match,MATCH_SNAPSHOT_PRECISION,Match at oracle precision
lone_parent_two_children_area4_high_rent_cap,"Lone parent with two children, Area 4 rent high enough to bind the Accommodation Supplement maximum.",160,AS_Amount,NZD/week,120,120,0,0,0,match,MATCH_SNAPSHOT_PRECISION,Match at oracle precision
lone_parent_two_children_area4_high_rent_cap,"Lone parent with two children, Area 4 rent high enough to bind the Accommodation Supplement maximum.",160,WFF_abated,NZD/week,359.357534,423.1849315068493150684931506849315068493,63.8273975068493150684931506849315068493,63.8273975068493150684931506849315068493,0.1776153036125000653763756924181573075056,b,B_WFF_VINTAGE,Working for Families forecast vintage
lone_parent_two_children_area4_high_rent_cap,"Lone parent with two children, Area 4 rent high enough to bind the Accommodation Supplement maximum.",160,Net_Income,NZD/week,619.757534,683.5849315068493150684931506849315068493,63.8273975068493150684931506849315068493,63.8273975068493150684931506849315068493,0.1029876911618944757652484635788735838898,b,B_COMPOUND_NET_INCOME,Compound forecast-vintage level difference
lone_parent_two_children_area4_high_rent_cap,"Lone parent with two children, Area 4 rent high enough to bind the Accommodation Supplement maximum.",160,Net_Income_annual,NZD/year,32315.928571,35644.07142857142857142857142857142857143,3328.14285757142857142857142857142857143,3328.14285757142857142857142857142857143,0.102987690737690007237532442080586518927,b,B_COMPOUND_NET_INCOME,Compound forecast-vintage level difference
lone_parent_two_children_area4_high_rent_cap,"Lone parent with two children, Area 4 rent high enough to bind the Accommodation Supplement maximum.",160,EMTR,ratio,0.1225,0.1224520547945205479452054794520547945,-0.0000479452054794520547945205479452055,0.0000479452054794520547945205479452055,0.0003913894324853228962818003913894326530612,c,C_EMTR_DISCRETE_ROUNDING,EMTR statutory discreteness/period convention
lone_parent_two_children_area4_high_rent_cap,"Lone parent with two children, Area 4 rent high enough to bind the Accommodation Supplement maximum.",250,gross_wage1,NZD/week,250,250,0,0,0,match,MATCH_SNAPSHOT_PRECISION,Match at oracle precision
lone_parent_two_children_area4_high_rent_cap,"Lone parent with two children, Area 4 rent high enough to bind the Accommodation Supplement maximum.",250,hours1,hours/week,13.513514,13.51351351351351351351351351351351351351,-0.00000048648648648648648648648648648649,0.00000048648648648648648648648648648649,0.00000003599999870400004665599832038406072617381,match,MATCH_SNAPSHOT_PRECISION,Match at oracle precision
lone_parent_two_children_area4_high_rent_cap,"Lone parent with two children, Area 4 rent high enough to bind the Accommodation Supplement maximum.",250,gross_wage1_annual,NZD/year,13035.714286,13035.71428571428571428571428571428571428,-0.00000028571428571428571428571428572,0.00000028571428571428571428571428572,0.00000000002191780821869769187465868072647323439504,match,MATCH_SNAPSHOT_PRECISION,Match at oracle precision
lone_parent_two_children_area4_high_rent_cap,"Lone parent with two children, Area 4 rent high enough to bind the Accommodation Supplement maximum.",250,gross_wage2,NZD/week,0,0,0,0,0,match,MATCH_SNAPSHOT_PRECISION,Match at oracle precision
lone_parent_two_children_area4_high_rent_cap,"Lone parent with two children, Area 4 rent high enough to bind the Accommodation Supplement maximum.",250,wage1_tax,NZD/week,26.25,26.25,0,0,0,match,MATCH_SNAPSHOT_PRECISION,Match at oracle precision
lone_parent_two_children_area4_high_rent_cap,"Lone parent with two children, Area 4 rent high enough to bind the Accommodation Supplement maximum.",250,wage1_ACC_levy,NZD/week,4.375,4.375095890410958904109589041095890410959,0.000095890410958904109589041095890410959,0.000095890410958904109589041095890410959,0.0000219178082191780821917808219178082192,c,C_ACC_ANNUAL_CENTS,ACC period/rounding convention
lone_parent_two_children_area4_high_rent_cap,"Lone parent with two children, Area 4 rent high enough to bind the Accommodation Supplement maximum.",250,net_wage1,NZD/week,219.375,219.374904109589041095890410958904109589,-0.000095890410958904109589041095890411,0.000095890410958904109589041095890411,0.0000004371072864223549155056004371072866096866,c,C_NET_WAGE_ROUNDING,Net-wage rounding propagation
lone_parent_two_children_area4_high_rent_cap,"Lone parent with two children, Area 4 rent high enough to bind the Accommodation Supplement maximum.",250,net_wage,NZD/week,219.375,219.374904109589041095890410958904109589,-0.000095890410958904109589041095890411,0.000095890410958904109589041095890411,0.0000004371072864223549155056004371072866096866,c,C_NET_WAGE_ROUNDING,Net-wage rounding propagation
lone_parent_two_children_area4_high_rent_cap,"Lone parent with two children, Area 4 rent high enough to bind the Accommodation Supplement maximum.",250,net_benefit,NZD/week,0,0,0,0,0,match,MATCH_SNAPSHOT_PRECISION,Match at oracle precision
lone_parent_two_children_area4_high_rent_cap,"Lone parent with two children, Area 4 rent high enough to bind the Accommodation Supplement maximum.",250,FTC_abated,NZD/week,261.857534,275.6849315068493150684931506849315068493,13.8273975068493150684931506849315068493,13.8273975068493150684931506849315068493,0.05280503980782662937814556324711859101713,b,B_WFF_VINTAGE,Working for Families forecast vintage
lone_parent_two_children_area4_high_rent_cap,"Lone parent with two children, Area 4 rent high enough to bind the Accommodation Supplement maximum.",250,IWTC_abated,NZD/week,97.5,147.5,50,50,0.5128205128205128205128205128205128205128,b,B_WFF_VINTAGE,Working for Families forecast vintage
lone_parent_two_children_area4_high_rent_cap,"Lone parent with two children, Area 4 rent high enough to bind the Accommodation Supplement maximum.",250,MFTC,NZD/week,0,0,0,0,0,match,MATCH_SNAPSHOT_PRECISION,Match at oracle precision
lone_parent_two_children_area4_high_rent_cap,"Lone parent with two children, Area 4 rent high enough to bind the Accommodation Supplement maximum.",250,IETC_abated,NZD/week,0,0,0,0,0,match,MATCH_SNAPSHOT_PRECISION,Match at oracle precision
lone_parent_two_children_area4_high_rent_cap,"Lone parent with two children, Area 4 rent high enough to bind the Accommodation Supplement maximum.",250,WinterEnergy,NZD/week,0,0,0,0,0,match,MATCH_SNAPSHOT_PRECISION,Match at oracle precision
lone_parent_two_children_area4_high_rent_cap,"Lone parent with two children, Area 4 rent high enough to bind the Accommodation Supplement maximum.",250,BestStart_Total,NZD/week,0,0,0,0,0,match,MATCH_SNAPSHOT_PRECISION,Match at oracle precision
lone_parent_two_children_area4_high_rent_cap,"Lone parent with two children, Area 4 rent high enough to bind the Accommodation Supplement maximum.",250,AS_Amount,NZD/week,120,120,0,0,0,match,MATCH_SNAPSHOT_PRECISION,Match at oracle precision
lone_parent_two_children_area4_high_rent_cap,"Lone parent with two children, Area 4 rent high enough to bind the Accommodation Supplement maximum.",250,WFF_abated,NZD/week,359.357534,423.1849315068493150684931506849315068493,63.8273975068493150684931506849315068493,63.8273975068493150684931506849315068493,0.1776153036125000653763756924181573075056,b,B_WFF_VINTAGE,Working for Families forecast vintage
lone_parent_two_children_area4_high_rent_cap,"Lone parent with two children, Area 4 rent high enough to bind the Accommodation Supplement maximum.",250,Net_Income,NZD/week,698.732534,762.5598356164383561643835616438356164383,63.8273016164383561643835616438356164383,63.8273016164383561643835616438356164383,0.09134725880166094593841190976207731074148,b,B_COMPOUND_NET_INCOME,Compound forecast-vintage level difference
lone_parent_two_children_area4_high_rent_cap,"Lone parent with two children, Area 4 rent high enough to bind the Accommodation Supplement maximum.",250,Net_Income_annual,NZD/year,36433.910714,39762.04857142857142857142857142857142857,3328.13785742857142857142857142857142857,3328.13785742857142857142857142857142857,0.09134725842509433967021574261160910821488,b,B_COMPOUND_NET_INCOME,Compound forecast-vintage level difference
lone_parent_two_children_area4_high_rent_cap,"Lone parent with two children, Area 4 rent high enough to bind the Accommodation Supplement maximum.",250,EMTR,ratio,0.1225,0.1224520547945205479452054794520547945,-0.0000479452054794520547945205479452055,0.0000479452054794520547945205479452055,0.0003913894324853228962818003913894326530612,c,C_EMTR_DISCRETE_ROUNDING,EMTR statutory discreteness/period convention
lone_parent_two_children_area4_high_rent_cap,"Lone parent with two children, Area 4 rent high enough to bind the Accommodation Supplement maximum.",370,gross_wage1,NZD/week,370,370,0,0,0,match,MATCH_SNAPSHOT_PRECISION,Match at oracle precision
lone_parent_two_children_area4_high_rent_cap,"Lone parent with two children, Area 4 rent high enough to bind the Accommodation Supplement maximum.",370,hours1,hours/week,20,20,0,0,0,match,MATCH_SNAPSHOT_PRECISION,Match at oracle precision
lone_parent_two_children_area4_high_rent_cap,"Lone parent with two children, Area 4 rent high enough to bind the Accommodation Supplement maximum.",370,gross_wage1_annual,NZD/year,19292.857143,19292.85714285714285714285714285714285714,-0.00000014285714285714285714285714286,0.00000014285714285714285714285714286,0.000000000007404664938856685191122867936533707012688,match,MATCH_SNAPSHOT_PRECISION,Match at oracle precision
lone_parent_two_children_area4_high_rent_cap,"Lone parent with two children, Area 4 rent high enough to bind the Accommodation Supplement maximum.",370,gross_wage2,NZD/week,0,0,0,0,0,match,MATCH_SNAPSHOT_PRECISION,Match at oracle precision
lone_parent_two_children_area4_high_rent_cap,"Lone parent with two children, Area 4 rent high enough to bind the Accommodation Supplement maximum.",370,wage1_tax,NZD/week,43.807534,43.80753424657534246575342465753424657534,0.00000024657534246575342465753424657534,0.00000024657534246575342465753424657534,0.00000000562860585728823322165393392322288672994,match,MATCH_SNAPSHOT_PRECISION,Match at oracle precision
lone_parent_two_children_area4_high_rent_cap,"Lone parent with two children, Area 4 rent high enough to bind the Accommodation Supplement maximum.",370,wage1_ACC_levy,NZD/week,6.475,6.475095890410958904109589041095890410959,0.000095890410958904109589041095890410959,0.000095890410958904109589041095890410959,0.00001480932987782302850796001480932987783784,c,C_ACC_ANNUAL_CENTS,ACC period/rounding convention
lone_parent_two_children_area4_high_rent_cap,"Lone parent with two children, Area 4 rent high enough to bind the Accommodation Supplement maximum.",370,net_wage1,NZD/week,319.717466,319.7173698630136986301369863013698630137,-0.0000961369863013698630136986301369863,0.0000961369863013698630136986301369863,0.0000003006935701828997450320672507049905743967,c,C_NET_WAGE_ROUNDING,Net-wage rounding propagation
lone_parent_two_children_area4_high_rent_cap,"Lone parent with two children, Area 4 rent high enough to bind the Accommodation Supplement maximum.",370,net_wage,NZD/week,319.717466,319.7173698630136986301369863013698630137,-0.0000961369863013698630136986301369863,0.0000961369863013698630136986301369863,0.0000003006935701828997450320672507049905743967,c,C_NET_WAGE_ROUNDING,Net-wage rounding propagation
lone_parent_two_children_area4_high_rent_cap,"Lone parent with two children, Area 4 rent high enough to bind the Accommodation Supplement maximum.",370,net_benefit,NZD/week,0,0,0,0,0,match,MATCH_SNAPSHOT_PRECISION,Match at oracle precision
lone_parent_two_children_area4_high_rent_cap,"Lone parent with two children, Area 4 rent high enough to bind the Accommodation Supplement maximum.",370,FTC_abated,NZD/week,261.857534,275.6849315068493150684931506849315068493,13.8273975068493150684931506849315068493,13.8273975068493150684931506849315068493,0.05280503980782662937814556324711859101713,b,B_WFF_VINTAGE,Working for Families forecast vintage
lone_parent_two_children_area4_high_rent_cap,"Lone parent with two children, Area 4 rent high enough to bind the Accommodation Supplement maximum.",370,IWTC_abated,NZD/week,97.5,147.5,50,50,0.5128205128205128205128205128205128205128,b,B_WFF_VINTAGE,Working for Families forecast vintage
lone_parent_two_children_area4_high_rent_cap,"Lone parent with two children, Area 4 rent high enough to bind the Accommodation Supplement maximum.",370,MFTC,NZD/week,375.807534,377.7306111696522655426765015961538461538,1.9230771696522655426765015961538461538,1.9230771696522655426765015961538461538,0.00511718631391851112457075327328016301504,b,B_WFF_VINTAGE,Working for Families forecast vintage
lone_parent_two_children_area4_high_rent_cap,"Lone parent with two children, Area 4 rent high enough to bind the Accommodation Supplement maximum.",370,IETC_abated,NZD/week,0,0,0,0,0,match,MATCH_SNAPSHOT_PRECISION,Match at oracle precision
lone_parent_two_children_area4_high_rent_cap,"Lone parent with two children, Area 4 rent high enough to bind the Accommodation Supplement maximum.",370,WinterEnergy,NZD/week,0,0,0,0,0,match,MATCH_SNAPSHOT_PRECISION,Match at oracle precision
lone_parent_two_children_area4_high_rent_cap,"Lone parent with two children, Area 4 rent high enough to bind the Accommodation Supplement maximum.",370,BestStart_Total,NZD/week,0,0,0,0,0,match,MATCH_SNAPSHOT_PRECISION,Match at oracle precision
lone_parent_two_children_area4_high_rent_cap,"Lone parent with two children, Area 4 rent high enough to bind the Accommodation Supplement maximum.",370,AS_Amount,NZD/week,120,120,0,0,0,match,MATCH_SNAPSHOT_PRECISION,Match at oracle precision
lone_parent_two_children_area4_high_rent_cap,"Lone parent with two children, Area 4 rent high enough to bind the Accommodation Supplement maximum.",370,WFF_abated,NZD/week,359.357534,423.1849315068493150684931506849315068493,63.8273975068493150684931506849315068493,63.8273975068493150684931506849315068493,0.1776153036125000653763756924181573075056,b,B_WFF_VINTAGE,Working for Families forecast vintage
lone_parent_two_children_area4_high_rent_cap,"Lone parent with two children, Area 4 rent high enough to bind the Accommodation Supplement maximum.",370,Net_Income,NZD/week,1174.882534,1240.632912539515279241306638582455216017,65.750378539515279241306638582455216017,65.750378539515279241306638582455216017,0.0559633636868035006819725507830685105895,b,B_COMPOUND_NET_INCOME,Compound forecast-vintage level difference
lone_parent_two_children_area4_high_rent_cap,"Lone parent with two children, Area 4 rent high enough to bind the Accommodation Supplement maximum.",370,Net_Income_annual,NZD/year,61261.732143,64690.14472527472527472527472608516483517,3428.41258227472527472527472608516483517,3428.41258227472527472527472608516483517,0.05596336346272358573792530001538067733656,b,B_COMPOUND_NET_INCOME,Compound forecast-vintage level difference
lone_parent_two_children_area4_high_rent_cap,"Lone parent with two children, Area 4 rent high enough to bind the Accommodation Supplement maximum.",370,EMTR,ratio,1.0175,1.017452054794520547945205479452054795,-0.000047945205479452054794520547945205,0.000047945205479452054794520547945205,0.00004712059506580054525260004712059459459459,c,C_EMTR_DISCRETE_ROUNDING,EMTR statutory discreteness/period convention
lone_parent_two_children_area4_high_rent_cap,"Lone parent with two children, Area 4 rent high enough to bind the Accommodation Supplement maximum.",555,gross_wage1,NZD/week,555,555,0,0,0,match,MATCH_SNAPSHOT_PRECISION,Match at oracle precision
lone_parent_two_children_area4_high_rent_cap,"Lone parent with two children, Area 4 rent high enough to bind the Accommodation Supplement maximum.",555,hours1,hours/week,30,30,0,0,0,match,MATCH_SNAPSHOT_PRECISION,Match at oracle precision
lone_parent_two_children_area4_high_rent_cap,"Lone parent with two children, Area 4 rent high enough to bind the Accommodation Supplement maximum.",555,gross_wage1_annual,NZD/year,28939.285714,28939.28571428571428571428571428571428571,0.00000028571428571428571428571428571,0.00000028571428571428571428571428571,0.000000000009872886585312826228165497482050257904303,match,MATCH_SNAPSHOT_PRECISION,Match at oracle precision
lone_parent_two_children_area4_high_rent_cap,"Lone parent with two children, Area 4 rent high enough to bind the Accommodation Supplement maximum.",555,gross_wage2,NZD/week,0,0,0,0,0,match,MATCH_SNAPSHOT_PRECISION,Match at oracle precision
lone_parent_two_children_area4_high_rent_cap,"Lone parent with two children, Area 4 rent high enough to bind the Accommodation Supplement maximum.",555,wage1_tax,NZD/week,76.182534,76.18253424657534246575342465753424657535,0.00000024657534246575342465753424657535,0.00000024657534246575342465753424657535,0.000000003236638761133272682391140291754406594036,match,MATCH_SNAPSHOT_PRECISION,Match at oracle precision
lone_parent_two_children_area4_high_rent_cap,"Lone parent with two children, Area 4 rent high enough to bind the Accommodation Supplement maximum.",555,wage1_ACC_levy,NZD/week,9.7125,9.71254794520547945205479452054794520548,0.00004794520547945205479452054794520548,0.00004794520547945205479452054794520548,0.000004936443292607676169320004936443292664093,c,C_ACC_ANNUAL_CENTS,ACC period/rounding convention
lone_parent_two_children_area4_high_rent_cap,"Lone parent with two children, Area 4 rent high enough to bind the Accommodation Supplement maximum.",555,net_wage1,NZD/week,469.104966,469.1049178082191780821917808219178082191,-0.0000481917808219178082191780821917809,0.0000481917808219178082191780821917809,0.0000001027313380048886718013939809619941222281,c,C_NET_WAGE_ROUNDING,Net-wage rounding propagation
lone_parent_two_children_area4_high_rent_cap,"Lone parent with two children, Area 4 rent high enough to bind the Accommodation Supplement maximum.",555,net_wage,NZD/week,469.104966,469.1049178082191780821917808219178082191,-0.0000481917808219178082191780821917809,0.0000481917808219178082191780821917809,0.0000001027313380048886718013939809619941222281,c,C_NET_WAGE_ROUNDING,Net-wage rounding propagation
lone_parent_two_children_area4_high_rent_cap,"Lone parent with two children, Area 4 rent high enough to bind the Accommodation Supplement maximum.",555,net_benefit,NZD/week,0,0,0,0,0,match,MATCH_SNAPSHOT_PRECISION,Match at oracle precision
lone_parent_two_children_area4_high_rent_cap,"Lone parent with two children, Area 4 rent high enough to bind the Accommodation Supplement maximum.",555,FTC_abated,NZD/week,261.857534,275.6849315068493150684931506849315068493,13.8273975068493150684931506849315068493,13.8273975068493150684931506849315068493,0.05280503980782662937814556324711859101713,b,B_WFF_VINTAGE,Working for Families forecast vintage
lone_parent_two_children_area4_high_rent_cap,"Lone parent with two children, Area 4 rent high enough to bind the Accommodation Supplement maximum.",555,IWTC_abated,NZD/week,97.5,147.5,50,50,0.5128205128205128205128205128205128205128,b,B_WFF_VINTAGE,Working for Families forecast vintage
lone_parent_two_children_area4_high_rent_cap,"Lone parent with two children, Area 4 rent high enough to bind the Accommodation Supplement maximum.",555,MFTC,NZD/week,223.182534,225.1056111696522655426765015769230769231,1.9230771696522655426765015769230769231,1.9230771696522655426765015769230769231,0.008616611413025113975435468336976032914386,b,B_WFF_VINTAGE,Working for Families forecast vintage
lone_parent_two_children_area4_high_rent_cap,"Lone parent with two children, Area 4 rent high enough to bind the Accommodation Supplement maximum.",555,IETC_abated,NZD/week,0,0,0,0,0,match,MATCH_SNAPSHOT_PRECISION,Match at oracle precision
lone_parent_two_children_area4_high_rent_cap,"Lone parent with two children, Area 4 rent high enough to bind the Accommodation Supplement maximum.",555,WinterEnergy,NZD/week,0,0,0,0,0,match,MATCH_SNAPSHOT_PRECISION,Match at oracle precision
lone_parent_two_children_area4_high_rent_cap,"Lone parent with two children, Area 4 rent high enough to bind the Accommodation Supplement maximum.",555,BestStart_Total,NZD/week,0,0,0,0,0,match,MATCH_SNAPSHOT_PRECISION,Match at oracle precision
lone_parent_two_children_area4_high_rent_cap,"Lone parent with two children, Area 4 rent high enough to bind the Accommodation Supplement maximum.",555,AS_Amount,NZD/week,120,120,0,0,0,match,MATCH_SNAPSHOT_PRECISION,Match at oracle precision
lone_parent_two_children_area4_high_rent_cap,"Lone parent with two children, Area 4 rent high enough to bind the Accommodation Supplement maximum.",555,WFF_abated,NZD/week,359.357534,423.1849315068493150684931506849315068493,63.8273975068493150684931506849315068493,63.8273975068493150684931506849315068493,0.1776153036125000653763756924181573075056,b,B_WFF_VINTAGE,Working for Families forecast vintage
lone_parent_two_children_area4_high_rent_cap,"Lone parent with two children, Area 4 rent high enough to bind the Accommodation Supplement maximum.",555,Net_Income,NZD/week,1171.645034,1237.395460484720758693361433083772391992,65.750426484720758693361433083772391992,65.750426484720758693361433083772391992,0.05611804307337742592553969130190705181788,b,B_COMPOUND_NET_INCOME,Compound forecast-vintage level difference
lone_parent_two_children_area4_high_rent_cap,"Lone parent with two children, Area 4 rent high enough to bind the Accommodation Supplement maximum.",555,Net_Income_annual,NZD/year,61092.919643,64521.33472527472527472527472508241758244,3428.41508227472527472527472508241758244,3428.41508227472527472527472508241758244,0.05611804284864541704164228209993420337605,b,B_COMPOUND_NET_INCOME,Compound forecast-vintage level difference
lone_parent_two_children_area4_high_rent_cap,"Lone parent with two children, Area 4 rent high enough to bind the Accommodation Supplement maximum.",555,EMTR,ratio,1.0175,1.017452054794520547945205477534246576,-0.000047945205479452054794522465753424,0.000047945205479452054794522465753424,0.00004712059506580054525260193194439705159705,c,C_EMTR_DISCRETE_ROUNDING,EMTR statutory discreteness/period convention
lone_parent_two_children_area4_high_rent_cap,"Lone parent with two children, Area 4 rent high enough to bind the Accommodation Supplement maximum.",740,gross_wage1,NZD/week,740,740,0,0,0,match,MATCH_SNAPSHOT_PRECISION,Match at oracle precision
lone_parent_two_children_area4_high_rent_cap,"Lone parent with two children, Area 4 rent high enough to bind the Accommodation Supplement maximum.",740,hours1,hours/week,40,40,0,0,0,match,MATCH_SNAPSHOT_PRECISION,Match at oracle precision
lone_parent_two_children_area4_high_rent_cap,"Lone parent with two children, Area 4 rent high enough to bind the Accommodation Supplement maximum.",740,gross_wage1_annual,NZD/year,38585.714286,38585.71428571428571428571428571428571428,-0.00000028571428571428571428571428572,0.00000028571428571428571428571428572,0.000000000007404664938856685191122867936533707012688,match,MATCH_SNAPSHOT_PRECISION,Match at oracle precision
lone_parent_two_children_area4_high_rent_cap,"Lone parent with two children, Area 4 rent high enough to bind the Accommodation Supplement maximum.",740,gross_wage2,NZD/week,0,0,0,0,0,match,MATCH_SNAPSHOT_PRECISION,Match at oracle precision
lone_parent_two_children_area4_high_rent_cap,"Lone parent with two children, Area 4 rent high enough to bind the Accommodation Supplement maximum.",740,wage1_tax,NZD/week,108.557534,108.5575342465753424657534246575342465753,0.0000002465753424657534246575342465753,0.0000002465753424657534246575342465753,0.000000002271379363368307764411213012404095325157,match,MATCH_SNAPSHOT_PRECISION,Match at oracle precision
lone_parent_two_children_area4_high_rent_cap,"Lone parent with two children, Area 4 rent high enough to bind the Accommodation Supplement maximum.",740,wage1_ACC_levy,NZD/week,12.95,12.95,0,0,0,match,MATCH_SNAPSHOT_PRECISION,Match at oracle precision
lone_parent_two_children_area4_high_rent_cap,"Lone parent with two children, Area 4 rent high enough to bind the Accommodation Supplement maximum.",740,net_wage1,NZD/week,618.492466,618.4924657534246575342465753424657534247,-0.0000002465753424657534246575342465753,0.0000002465753424657534246575342465753,0.0000000003986715376832956032443154231975721431019,match,MATCH_SNAPSHOT_PRECISION,Match at oracle precision
lone_parent_two_children_area4_high_rent_cap,"Lone parent with two children, Area 4 rent high enough to bind the Accommodation Supplement maximum.",740,net_wage,NZD/week,618.492466,618.4924657534246575342465753424657534247,-0.0000002465753424657534246575342465753,0.0000002465753424657534246575342465753,0.0000000003986715376832956032443154231975721431019,match,MATCH_SNAPSHOT_PRECISION,Match at oracle precision
lone_parent_two_children_area4_high_rent_cap,"Lone parent with two children, Area 4 rent high enough to bind the Accommodation Supplement maximum.",740,net_benefit,NZD/week,0,0,0,0,0,match,MATCH_SNAPSHOT_PRECISION,Match at oracle precision
lone_parent_two_children_area4_high_rent_cap,"Lone parent with two children, Area 4 rent high enough to bind the Accommodation Supplement maximum.",740,FTC_abated,NZD/week,261.857534,275.6849315068493150684931506849315068493,13.8273975068493150684931506849315068493,13.8273975068493150684931506849315068493,0.05280503980782662937814556324711859101713,b,B_WFF_VINTAGE,Working for Families forecast vintage
lone_parent_two_children_area4_high_rent_cap,"Lone parent with two children, Area 4 rent high enough to bind the Accommodation Supplement maximum.",740,IWTC_abated,NZD/week,97.5,147.5,50,50,0.5128205128205128205128205128205128205128,b,B_WFF_VINTAGE,Working for Families forecast vintage
lone_parent_two_children_area4_high_rent_cap,"Lone parent with two children, Area 4 rent high enough to bind the Accommodation Supplement maximum.",740,MFTC,NZD/week,70.557534,72.480611169652265542676501575,1.923077169652265542676501575,1.923077169652265542676501575,0.02725544758483573905341563630894469752869,b,B_WFF_VINTAGE,Working for Families forecast vintage
lone_parent_two_children_area4_high_rent_cap,"Lone parent with two children, Area 4 rent high enough to bind the Accommodation Supplement maximum.",740,IETC_abated,NZD/week,0,0,0,0,0,match,MATCH_SNAPSHOT_PRECISION,Match at oracle precision
lone_parent_two_children_area4_high_rent_cap,"Lone parent with two children, Area 4 rent high enough to bind the Accommodation Supplement maximum.",740,WinterEnergy,NZD/week,0,0,0,0,0,match,MATCH_SNAPSHOT_PRECISION,Match at oracle precision
lone_parent_two_children_area4_high_rent_cap,"Lone parent with two children, Area 4 rent high enough to bind the Accommodation Supplement maximum.",740,BestStart_Total,NZD/week,0,0,0,0,0,match,MATCH_SNAPSHOT_PRECISION,Match at oracle precision
lone_parent_two_children_area4_high_rent_cap,"Lone parent with two children, Area 4 rent high enough to bind the Accommodation Supplement maximum.",740,AS_Amount,NZD/week,120,120,0,0,0,match,MATCH_SNAPSHOT_PRECISION,Match at oracle precision
lone_parent_two_children_area4_high_rent_cap,"Lone parent with two children, Area 4 rent high enough to bind the Accommodation Supplement maximum.",740,WFF_abated,NZD/week,359.357534,423.1849315068493150684931506849315068493,63.8273975068493150684931506849315068493,63.8273975068493150684931506849315068493,0.1776153036125000653763756924181573075056,b,B_WFF_VINTAGE,Working for Families forecast vintage
lone_parent_two_children_area4_high_rent_cap,"Lone parent with two children, Area 4 rent high enough to bind the Accommodation Supplement maximum.",740,Net_Income,NZD/week,1168.407534,1234.158008429926238145416227602397260274,65.750474429926238145416227602397260274,65.750474429926238145416227602397260274,0.05627357965146965420493105755889217013043,b,B_COMPOUND_NET_INCOME,Compound forecast-vintage level difference
lone_parent_two_children_area4_high_rent_cap,"Lone parent with two children, Area 4 rent high enough to bind the Accommodation Supplement maximum.",740,Net_Income_annual,NZD/year,60924.107143,64352.52472527472527472527472498214285714,3428.41758227472527472527472498214285714,3428.41758227472527472527472498214285714,0.0562735794260817547444000089575862240575,b,B_COMPOUND_NET_INCOME,Compound forecast-vintage level difference
lone_parent_two_children_area4_high_rent_cap,"Lone parent with two children, Area 4 rent high enough to bind the Accommodation Supplement maximum.",740,EMTR,ratio,1.0175,1.017452054794520547945205479452054794,-0.000047945205479452054794520547945206,0.000047945205479452054794520547945206,0.00004712059506580054525260004712059557739558,c,C_EMTR_DISCRETE_ROUNDING,EMTR statutory discreteness/period convention
lone_parent_two_children_area4_high_rent_cap,"Lone parent with two children, Area 4 rent high enough to bind the Accommodation Supplement maximum.",1000,gross_wage1,NZD/week,1000,1000,0,0,0,match,MATCH_SNAPSHOT_PRECISION,Match at oracle precision
lone_parent_two_children_area4_high_rent_cap,"Lone parent with two children, Area 4 rent high enough to bind the Accommodation Supplement maximum.",1000,hours1,hours/week,54.054054,54.05405405405405405405405405405405405405,0.00000005405405405405405405405405405405,0.00000005405405405405405405405405405405,0.000000001000000001000000001000000000999925001,match,MATCH_SNAPSHOT_PRECISION,Match at oracle precision
lone_parent_two_children_area4_high_rent_cap,"Lone parent with two children, Area 4 rent high enough to bind the Accommodation Supplement maximum.",1000,gross_wage1_annual,NZD/year,52142.857143,52142.85714285714285714285714285714285714,-0.00000014285714285714285714285714286,0.00000014285714285714285714285714286,0.000000000002739726027389754175267425331081459108682,match,MATCH_SNAPSHOT_PRECISION,Match at oracle precision
lone_parent_two_children_area4_high_rent_cap,"Lone parent with two children, Area 4 rent high enough to bind the Accommodation Supplement maximum.",1000,gross_wage2,NZD/week,0,0,0,0,0,match,MATCH_SNAPSHOT_PRECISION,Match at oracle precision
lone_parent_two_children_area4_high_rent_cap,"Lone parent with two children, Area 4 rent high enough to bind the Accommodation Supplement maximum.",1000,wage1_tax,NZD/week,154.057534,154.0575342465753424657534246575342465754,0.0000002465753424657534246575342465754,0.0000002465753424657534246575342465754,0.00000000160054062961798041410642238746597099237,match,MATCH_SNAPSHOT_PRECISION,Match at oracle precision
lone_parent_two_children_area4_high_rent_cap,"Lone parent with two children, Area 4 rent high enough to bind the Accommodation Supplement maximum.",1000,wage1_ACC_levy,NZD/week,17.5,17.5,0,0,0,match,MATCH_SNAPSHOT_PRECISION,Match at oracle precision
lone_parent_two_children_area4_high_rent_cap,"Lone parent with two children, Area 4 rent high enough to bind the Accommodation Supplement maximum.",1000,net_wage1,NZD/week,828.442466,828.4424657534246575342465753424657534246,-0.0000002465753424657534246575342465754,0.0000002465753424657534246575342465754,0.0000000002976372561589007493702456418686291728556,match,MATCH_SNAPSHOT_PRECISION,Match at oracle precision
lone_parent_two_children_area4_high_rent_cap,"Lone parent with two children, Area 4 rent high enough to bind the Accommodation Supplement maximum.",1000,net_wage,NZD/week,828.442466,828.4424657534246575342465753424657534246,-0.0000002465753424657534246575342465754,0.0000002465753424657534246575342465754,0.0000000002976372561589007493702456418686291728556,match,MATCH_SNAPSHOT_PRECISION,Match at oracle precision
lone_parent_two_children_area4_high_rent_cap,"Lone parent with two children, Area 4 rent high enough to bind the Accommodation Supplement maximum.",1000,net_benefit,NZD/week,0,0,0,0,0,match,MATCH_SNAPSHOT_PRECISION,Match at oracle precision
lone_parent_two_children_area4_high_rent_cap,"Lone parent with two children, Area 4 rent high enough to bind the Accommodation Supplement maximum.",1000,FTC_abated,NZD/week,223.658904,237.4908219178082191780821917808219178082,13.8319179178082191780821917808219178082,13.8319179178082191780821917808219178082,0.06184380621756162758484317611080629192478,b,B_WFF_VINTAGE,Working for Families forecast vintage
lone_parent_two_children_area4_high_rent_cap,"Lone parent with two children, Area 4 rent high enough to bind the Accommodation Supplement maximum.",1000,IWTC_abated,NZD/week,97.5,147.5,50,50,0.5128205128205128205128205128205128205128,b,B_WFF_VINTAGE,Working for Families forecast vintage
lone_parent_two_children_area4_high_rent_cap,"Lone parent with two children, Area 4 rent high enough to bind the Accommodation Supplement maximum.",1000,MFTC,NZD/week,0,0,0,0,0,match,MATCH_SNAPSHOT_PRECISION,Match at oracle precision
lone_parent_two_children_area4_high_rent_cap,"Lone parent with two children, Area 4 rent high enough to bind the Accommodation Supplement maximum.",1000,IETC_abated,NZD/week,0,0,0,0,0,match,MATCH_SNAPSHOT_PRECISION,Match at oracle precision
lone_parent_two_children_area4_high_rent_cap,"Lone parent with two children, Area 4 rent high enough to bind the Accommodation Supplement maximum.",1000,WinterEnergy,NZD/week,0,0,0,0,0,match,MATCH_SNAPSHOT_PRECISION,Match at oracle precision
lone_parent_two_children_area4_high_rent_cap,"Lone parent with two children, Area 4 rent high enough to bind the Accommodation Supplement maximum.",1000,BestStart_Total,NZD/week,0,0,0,0,0,match,MATCH_SNAPSHOT_PRECISION,Match at oracle precision
lone_parent_two_children_area4_high_rent_cap,"Lone parent with two children, Area 4 rent high enough to bind the Accommodation Supplement maximum.",1000,AS_Amount,NZD/week,94.786301,96.25714285714285714285714285,1.47084185714285714285714285,1.47084185714285714285714285,0.0155174518007919429502491383222138819406,b,B_AS_UPSTREAM_VINTAGE,"Accommodation Supplement compound difference, primary vintage"
lone_parent_two_children_area4_high_rent_cap,"Lone parent with two children, Area 4 rent high enough to bind the Accommodation Supplement maximum.",1000,WFF_abated,NZD/week,321.158904,384.9908219178082191780821917808219178082,63.8319179178082191780821917808219178082,63.8319179178082191780821917808219178082,0.1987549375800840918864332398544426400465,b,B_WFF_VINTAGE,Working for Families forecast vintage
lone_parent_two_children_area4_high_rent_cap,"Lone parent with two children, Area 4 rent high enough to bind the Accommodation Supplement maximum.",1000,Net_Income,NZD/week,1244.387671,1309.690430528375733855185909973287671233,65.302759528375733855185909973287671233,65.302759528375733855185909973287671233,0.05247782588194393470102606792323938994812,b,B_COMPOUND_NET_INCOME,Compound forecast-vintage level difference
lone_parent_two_children_area4_high_rent_cap,"Lone parent with two children, Area 4 rent high enough to bind the Accommodation Supplement maximum.",1000,Net_Income_annual,NZD/year,64885.928571,68291.00102040816326530612244860714285715,3405.07244940816326530612244860714285715,3405.07244940816326530612244860714285715,0.0524778256919331537527257320847865478126,b,B_COMPOUND_NET_INCOME,Compound forecast-vintage level difference
lone_parent_two_children_area4_high_rent_cap,"Lone parent with two children, Area 4 rent high enough to bind the Accommodation Supplement maximum.",1000,EMTR,ratio,0.7175,0.72197260273972602739726027397260274,0.00447260273972602739726027397260274,0.00447260273972602739726027397260274,0.006233592668607703689561357453104864111498,c,C_EMTR_DISCRETE_ROUNDING,EMTR statutory discreteness/period convention
lone_parent_two_children_area4_high_rent_cap,"Lone parent with two children, Area 4 rent high enough to bind the Accommodation Supplement maximum.",1500,gross_wage1,NZD/week,1500,1500,0,0,0,match,MATCH_SNAPSHOT_PRECISION,Match at oracle precision
lone_parent_two_children_area4_high_rent_cap,"Lone parent with two children, Area 4 rent high enough to bind the Accommodation Supplement maximum.",1500,hours1,hours/week,81.081081,81.08108108108108108108108108108108108108,0.00000008108108108108108108108108108108,0.00000008108108108108108108108108108108,0.000000001000000001000000001000000000999986667667,match,MATCH_SNAPSHOT_PRECISION,Match at oracle precision
lone_parent_two_children_area4_high_rent_cap,"Lone parent with two children, Area 4 rent high enough to bind the Accommodation Supplement maximum.",1500,gross_wage1_annual,NZD/year,78214.285714,78214.28571428571428571428571428571428571,0.00000028571428571428571428571428571,0.00000028571428571428571428571428571,0.000000000003652968036543024540772759906943462136646,match,MATCH_SNAPSHOT_PRECISION,Match at oracle precision
lone_parent_two_children_area4_high_rent_cap,"Lone parent with two children, Area 4 rent high enough to bind the Accommodation Supplement maximum.",1500,gross_wage2,NZD/week,0,0,0,0,0,match,MATCH_SNAPSHOT_PRECISION,Match at oracle precision
lone_parent_two_children_area4_high_rent_cap,"Lone parent with two children, Area 4 rent high enough to bind the Accommodation Supplement maximum.",1500,wage1_tax,NZD/week,300.869863,300.8698630136986301369863013753424657534,0.0000000136986301369863013753424657534,0.0000000136986301369863013753424657534,0.00000000004553008400507797411182543647915976217266,match,MATCH_SNAPSHOT_PRECISION,Match at oracle precision
lone_parent_two_children_area4_high_rent_cap,"Lone parent with two children, Area 4 rent high enough to bind the Accommodation Supplement maximum.",1500,wage1_ACC_levy,NZD/week,26.25,26.25,0,0,0,match,MATCH_SNAPSHOT_PRECISION,Match at oracle precision
lone_parent_two_children_area4_high_rent_cap,"Lone parent with two children, Area 4 rent high enough to bind the Accommodation Supplement maximum.",1500,net_wage1,NZD/week,1172.880137,1172.880136986301369863013698624657534247,-0.000000013698630136986301375342465753,0.000000013698630136986301375342465753,0.00000000001167948002941267422567193305022267590844,match,MATCH_SNAPSHOT_PRECISION,Match at oracle precision
lone_parent_two_children_area4_high_rent_cap,"Lone parent with two children, Area 4 rent high enough to bind the Accommodation Supplement maximum.",1500,net_wage,NZD/week,1172.880137,1172.880136986301369863013698624657534247,-0.000000013698630136986301375342465753,0.000000013698630136986301375342465753,0.00000000001167948002941267422567193305022267590844,match,MATCH_SNAPSHOT_PRECISION,Match at oracle precision
lone_parent_two_children_area4_high_rent_cap,"Lone parent with two children, Area 4 rent high enough to bind the Accommodation Supplement maximum.",1500,net_benefit,NZD/week,0,0,0,0,0,match,MATCH_SNAPSHOT_PRECISION,Match at oracle precision
lone_parent_two_children_area4_high_rent_cap,"Lone parent with two children, Area 4 rent high enough to bind the Accommodation Supplement maximum.",1500,FTC_abated,NZD/week,86.158904,99.98780821917808219178082191780821917809,13.82890421917808219178082191780821917809,13.82890421917808219178082191780821917809,0.1605046440606774918095618059139682089978,b,B_WFF_VINTAGE,Working for Families forecast vintage
lone_parent_two_children_area4_high_rent_cap,"Lone parent with two children, Area 4 rent high enough to bind the Accommodation Supplement maximum.",1500,IWTC_abated,NZD/week,97.5,147.5,50,50,0.5128205128205128205128205128205128205128,b,B_WFF_VINTAGE,Working for Families forecast vintage
lone_parent_two_children_area4_high_rent_cap,"Lone parent with two children, Area 4 rent high enough to bind the Accommodation Supplement maximum.",1500,MFTC,NZD/week,0,0,0,0,0,match,MATCH_SNAPSHOT_PRECISION,Match at oracle precision
lone_parent_two_children_area4_high_rent_cap,"Lone parent with two children, Area 4 rent high enough to bind the Accommodation Supplement maximum.",1500,IETC_abated,NZD/week,0,0,0,0,0,match,MATCH_SNAPSHOT_PRECISION,Match at oracle precision
lone_parent_two_children_area4_high_rent_cap,"Lone parent with two children, Area 4 rent high enough to bind the Accommodation Supplement maximum.",1500,WinterEnergy,NZD/week,0,0,0,0,0,match,MATCH_SNAPSHOT_PRECISION,Match at oracle precision
lone_parent_two_children_area4_high_rent_cap,"Lone parent with two children, Area 4 rent high enough to bind the Accommodation Supplement maximum.",1500,BestStart_Total,NZD/week,0,0,0,0,0,match,MATCH_SNAPSHOT_PRECISION,Match at oracle precision
lone_parent_two_children_area4_high_rent_cap,"Lone parent with two children, Area 4 rent high enough to bind the Accommodation Supplement maximum.",1500,AS_Amount,NZD/week,0,0,0,0,0,match,MATCH_SNAPSHOT_PRECISION,Match at oracle precision
lone_parent_two_children_area4_high_rent_cap,"Lone parent with two children, Area 4 rent high enough to bind the Accommodation Supplement maximum.",1500,WFF_abated,NZD/week,183.658904,247.4878082191780821917808219178082191781,63.8289042191780821917808219178082191781,63.8289042191780821917808219178082191781,0.3475404830858518146867566078789635986181,b,B_WFF_VINTAGE,Working for Families forecast vintage
lone_parent_two_children_area4_high_rent_cap,"Lone parent with two children, Area 4 rent high enough to bind the Accommodation Supplement maximum.",1500,Net_Income,NZD/week,1356.539041,1420.367945205479452054794520542465753425,63.828904205479452054794520542465753425,63.828904205479452054794520542465753425,0.04705275873109165610427464324078067829454,b,B_COMPOUND_NET_INCOME,Compound forecast-vintage level difference
lone_parent_two_children_area4_high_rent_cap,"Lone parent with two children, Area 4 rent high enough to bind the Accommodation Supplement maximum.",1500,Net_Income_annual,NZD/year,70733.821429,74062.04285714285714285714285685714285716,3328.22142814285714285714285685714285716,3328.22142814285714285714285685714285716,0.04705275865073404816759773507722302332616,b,B_COMPOUND_NET_INCOME,Compound forecast-vintage level difference
lone_parent_two_children_area4_high_rent_cap,"Lone parent with two children, Area 4 rent high enough to bind the Accommodation Supplement maximum.",1500,EMTR,ratio,0.6225,0.621698630136986301369863016438356165,-0.000801369863013698630136983561643835,0.000801369863013698630136983561643835,0.001287341145403531935963025801837485943775,c,C_EMTR_DISCRETE_ROUNDING,EMTR statutory discreteness/period convention
couple_childless_boarder_proxy,Childless couple boarder proxy using Treasury's rent input at 62 percent of actual board.,0,gross_wage1,NZD/week,0,0,0,0,0,match,MATCH_SNAPSHOT_PRECISION,Match at oracle precision
couple_childless_boarder_proxy,Childless couple boarder proxy using Treasury's rent input at 62 percent of actual board.,0,hours1,hours/week,0,0,0,0,0,match,MATCH_SNAPSHOT_PRECISION,Match at oracle precision
couple_childless_boarder_proxy,Childless couple boarder proxy using Treasury's rent input at 62 percent of actual board.,0,gross_wage1_annual,NZD/year,0,0,0,0,0,match,MATCH_SNAPSHOT_PRECISION,Match at oracle precision
couple_childless_boarder_proxy,Childless couple boarder proxy using Treasury's rent input at 62 percent of actual board.,0,gross_wage2,NZD/week,0,0,0,0,0,match,MATCH_SNAPSHOT_PRECISION,Match at oracle precision
couple_childless_boarder_proxy,Childless couple boarder proxy using Treasury's rent input at 62 percent of actual board.,0,wage1_tax,NZD/week,0,0,0,0,0,match,MATCH_SNAPSHOT_PRECISION,Match at oracle precision
couple_childless_boarder_proxy,Childless couple boarder proxy using Treasury's rent input at 62 percent of actual board.,0,wage1_ACC_levy,NZD/week,0,0,0,0,0,match,MATCH_SNAPSHOT_PRECISION,Match at oracle precision
couple_childless_boarder_proxy,Childless couple boarder proxy using Treasury's rent input at 62 percent of actual board.,0,net_wage1,NZD/week,0,0,0,0,0,match,MATCH_SNAPSHOT_PRECISION,Match at oracle precision
couple_childless_boarder_proxy,Childless couple boarder proxy using Treasury's rent input at 62 percent of actual board.,0,net_wage,NZD/week,0,0,0,0,0,match,MATCH_SNAPSHOT_PRECISION,Match at oracle precision
couple_childless_boarder_proxy,Childless couple boarder proxy using Treasury's rent input at 62 percent of actual board.,0,net_benefit,NZD/week,628.94,633.94,5,5,0.007949883931694597258880020351702865138169,b,B_BENEFIT_VINTAGE,Main-benefit forecast vintage
couple_childless_boarder_proxy,Childless couple boarder proxy using Treasury's rent input at 62 percent of actual board.,0,FTC_abated,NZD/week,0,0,0,0,0,match,MATCH_SNAPSHOT_PRECISION,Match at oracle precision
couple_childless_boarder_proxy,Childless couple boarder proxy using Treasury's rent input at 62 percent of actual board.,0,IWTC_abated,NZD/week,0,0,0,0,0,match,MATCH_SNAPSHOT_PRECISION,Match at oracle precision
couple_childless_boarder_proxy,Childless couple boarder proxy using Treasury's rent input at 62 percent of actual board.,0,MFTC,NZD/week,0,0,0,0,0,match,MATCH_SNAPSHOT_PRECISION,Match at oracle precision
couple_childless_boarder_proxy,Childless couple boarder proxy using Treasury's rent input at 62 percent of actual board.,0,IETC_abated,NZD/week,0,0,0,0,0,match,MATCH_SNAPSHOT_PRECISION,Match at oracle precision
couple_childless_boarder_proxy,Childless couple boarder proxy using Treasury's rent input at 62 percent of actual board.,0,WinterEnergy,NZD/week,13.424658,13.42465753424657534246575342465753424658,-0.00000046575342465753424657534246575342,0.00000046575342465753424657534246575342,0.00000003469387634735531039787698619610421360455,match,MATCH_SNAPSHOT_PRECISION,Match at oracle precision
couple_childless_boarder_proxy,Childless couple boarder proxy using Treasury's rent input at 62 percent of actual board.,0,BestStart_Total,NZD/week,0,0,0,0,0,match,MATCH_SNAPSHOT_PRECISION,Match at oracle precision
couple_childless_boarder_proxy,Childless couple boarder proxy using Treasury's rent input at 62 percent of actual board.,0,AS_Amount,NZD/week,63.5355,62.6605,-0.875,0.875,0.01377182834793147138214069299840246791164,b,B_AS_UPSTREAM_VINTAGE,"Accommodation Supplement compound difference, primary vintage"
couple_childless_boarder_proxy,Childless couple boarder proxy using Treasury's rent input at 62 percent of actual board.,0,WFF_abated,NZD/week,0,0,0,0,0,match,MATCH_SNAPSHOT_PRECISION,Match at oracle precision
couple_childless_boarder_proxy,Childless couple boarder proxy using Treasury's rent input at 62 percent of actual board.,0,Net_Income,NZD/week,705.900158,710.0251575342465753424657534246575342466,4.1249995342465753424657534246575342466,4.1249995342465753424657534246575342466,0.005843601942141193489385440008156981099018,b,B_COMPOUND_NET_INCOME,Compound forecast-vintage level difference
couple_childless_boarder_proxy,Childless couple boarder proxy using Treasury's rent input at 62 percent of actual board.,0,Net_Income_annual,NZD/year,36807.651071,37022.74035714285714285714285714285714286,215.08928614285714285714285714285714286,215.08928614285714285714285714285714286,0.005843602617509097687706203292237168547136,b,B_COMPOUND_NET_INCOME,Compound forecast-vintage level difference
couple_childless_boarder_proxy,Childless couple boarder proxy using Treasury's rent input at 62 percent of actual board.,0,EMTR,ratio,0.1925,0.1924520547945205479452054794520547945,-0.0000479452054794520547945205479452055,0.0000479452054794520547945205479452055,0.0002490660024906600249066002490660025974026,c,C_EMTR_DISCRETE_ROUNDING,EMTR statutory discreteness/period convention
couple_childless_boarder_proxy,Childless couple boarder proxy using Treasury's rent input at 62 percent of actual board.,160,gross_wage1,NZD/week,160,160,0,0,0,match,MATCH_SNAPSHOT_PRECISION,Match at oracle precision
couple_childless_boarder_proxy,Childless couple boarder proxy using Treasury's rent input at 62 percent of actual board.,160,hours1,hours/week,8.648649,8.648648648648648648648648648648648648649,-0.000000351351351351351351351351351351351,0.000000351351351351351351351351351351351,0.00000004062499834960944204711641683589552541674,match,MATCH_SNAPSHOT_PRECISION,Match at oracle precision
couple_childless_boarder_proxy,Childless couple boarder proxy using Treasury's rent input at 62 percent of actual board.,160,gross_wage1_annual,NZD/year,8342.857143,8342.857142857142857142857142857142857142,-0.000000142857142857142857142857142858,0.000000142857142857142857142857142858,0.00000000001712328767093966973166199195675236315143,match,MATCH_SNAPSHOT_PRECISION,Match at oracle precision
couple_childless_boarder_proxy,Childless couple boarder proxy using Treasury's rent input at 62 percent of actual board.,160,gross_wage2,NZD/week,0,0,0,0,0,match,MATCH_SNAPSHOT_PRECISION,Match at oracle precision
couple_childless_boarder_proxy,Childless couple boarder proxy using Treasury's rent input at 62 percent of actual board.,160,wage1_tax,NZD/week,28,28,0,0,0,match,MATCH_SNAPSHOT_PRECISION,Match at oracle precision
couple_childless_boarder_proxy,Childless couple boarder proxy using Treasury's rent input at 62 percent of actual board.,160,wage1_ACC_levy,NZD/week,2.8,2.8,0,0,0,match,MATCH_SNAPSHOT_PRECISION,Match at oracle precision
couple_childless_boarder_proxy,Childless couple boarder proxy using Treasury's rent input at 62 percent of actual board.,160,net_wage1,NZD/week,129.2,129.2,0,0,0,match,MATCH_SNAPSHOT_PRECISION,Match at oracle precision
couple_childless_boarder_proxy,Childless couple boarder proxy using Treasury's rent input at 62 percent of actual board.,160,net_wage,NZD/week,129.2,129.2,0,0,0,match,MATCH_SNAPSHOT_PRECISION,Match at oracle precision
couple_childless_boarder_proxy,Childless couple boarder proxy using Treasury's rent input at 62 percent of actual board.,160,net_benefit,NZD/week,628.94,633.94,5,5,0.007949883931694597258880020351702865138169,b,B_BENEFIT_VINTAGE,Main-benefit forecast vintage
couple_childless_boarder_proxy,Childless couple boarder proxy using Treasury's rent input at 62 percent of actual board.,160,FTC_abated,NZD/week,0,0,0,0,0,match,MATCH_SNAPSHOT_PRECISION,Match at oracle precision
couple_childless_boarder_proxy,Childless couple boarder proxy using Treasury's rent input at 62 percent of actual board.,160,IWTC_abated,NZD/week,0,0,0,0,0,match,MATCH_SNAPSHOT_PRECISION,Match at oracle precision
couple_childless_boarder_proxy,Childless couple boarder proxy using Treasury's rent input at 62 percent of actual board.,160,MFTC,NZD/week,0,0,0,0,0,match,MATCH_SNAPSHOT_PRECISION,Match at oracle precision
couple_childless_boarder_proxy,Childless couple boarder proxy using Treasury's rent input at 62 percent of actual board.,160,IETC_abated,NZD/week,0,0,0,0,0,match,MATCH_SNAPSHOT_PRECISION,Match at oracle precision
couple_childless_boarder_proxy,Childless couple boarder proxy using Treasury's rent input at 62 percent of actual board.,160,WinterEnergy,NZD/week,13.424658,13.42465753424657534246575342465753424658,-0.00000046575342465753424657534246575342,0.00000046575342465753424657534246575342,0.00000003469387634735531039787698619610421360455,match,MATCH_SNAPSHOT_PRECISION,Match at oracle precision
couple_childless_boarder_proxy,Childless couple boarder proxy using Treasury's rent input at 62 percent of actual board.,160,BestStart_Total,NZD/week,0,0,0,0,0,match,MATCH_SNAPSHOT_PRECISION,Match at oracle precision
couple_childless_boarder_proxy,Childless couple boarder proxy using Treasury's rent input at 62 percent of actual board.,160,AS_Amount,NZD/week,63.5355,62.6605,-0.875,0.875,0.01377182834793147138214069299840246791164,b,B_AS_UPSTREAM_VINTAGE,"Accommodation Supplement compound difference, primary vintage"
couple_childless_boarder_proxy,Childless couple boarder proxy using Treasury's rent input at 62 percent of actual board.,160,WFF_abated,NZD/week,0,0,0,0,0,match,MATCH_SNAPSHOT_PRECISION,Match at oracle precision
couple_childless_boarder_proxy,Childless couple boarder proxy using Treasury's rent input at 62 percent of actual board.,160,Net_Income,NZD/week,835.100158,839.2251575342465753424657534246575342466,4.1249995342465753424657534246575342466,4.1249995342465753424657534246575342466,0.004939526707940792106119746925802323038957,b,B_COMPOUND_NET_INCOME,Compound forecast-vintage level difference
couple_childless_boarder_proxy,Childless couple boarder proxy using Treasury's rent input at 62 percent of actual board.,160,Net_Income_annual,NZD/year,43544.508214,43759.5975,215.089286,215.089286,0.004939527275011148665352107907951305999333,b,B_COMPOUND_NET_INCOME,Compound forecast-vintage level difference
couple_childless_boarder_proxy,Childless couple boarder proxy using Treasury's rent input at 62 percent of actual board.,160,EMTR,ratio,0.8925,0.8924520547945205479452054794520547945,-0.0000479452054794520547945205479452055,0.0000479452054794520547945205479452055,0.00005372011818426000537201181842600056022409,c,C_EMTR_DISCRETE_ROUNDING,EMTR statutory discreteness/period convention
couple_childless_boarder_proxy,Childless couple boarder proxy using Treasury's rent input at 62 percent of actual board.,250,gross_wage1,NZD/week,250,250,0,0,0,match,MATCH_SNAPSHOT_PRECISION,Match at oracle precision
couple_childless_boarder_proxy,Childless couple boarder proxy using Treasury's rent input at 62 percent of actual board.,250,hours1,hours/week,13.513514,13.51351351351351351351351351351351351351,-0.00000048648648648648648648648648648649,0.00000048648648648648648648648648648649,0.00000003599999870400004665599832038406072617381,match,MATCH_SNAPSHOT_PRECISION,Match at oracle precision
couple_childless_boarder_proxy,Childless couple boarder proxy using Treasury's rent input at 62 percent of actual board.,250,gross_wage1_annual,NZD/year,13035.714286,13035.71428571428571428571428571428571428,-0.00000028571428571428571428571428572,0.00000028571428571428571428571428572,0.00000000002191780821869769187465868072647323439504,match,MATCH_SNAPSHOT_PRECISION,Match at oracle precision
couple_childless_boarder_proxy,Childless couple boarder proxy using Treasury's rent input at 62 percent of actual board.,250,gross_wage2,NZD/week,0,0,0,0,0,match,MATCH_SNAPSHOT_PRECISION,Match at oracle precision
couple_childless_boarder_proxy,Childless couple boarder proxy using Treasury's rent input at 62 percent of actual board.,250,wage1_tax,NZD/week,43.75,43.75,0,0,0,match,MATCH_SNAPSHOT_PRECISION,Match at oracle precision
couple_childless_boarder_proxy,Childless couple boarder proxy using Treasury's rent input at 62 percent of actual board.,250,wage1_ACC_levy,NZD/week,4.375,4.375095890410958904109589041095890410959,0.000095890410958904109589041095890410959,0.000095890410958904109589041095890410959,0.0000219178082191780821917808219178082192,c,C_ACC_ANNUAL_CENTS,ACC period/rounding convention
couple_childless_boarder_proxy,Childless couple boarder proxy using Treasury's rent input at 62 percent of actual board.,250,net_wage1,NZD/week,201.875,201.874904109589041095890410958904109589,-0.000095890410958904109589041095890411,0.000095890410958904109589041095890411,0.0000004749989397345095211841044997667417956656,c,C_NET_WAGE_ROUNDING,Net-wage rounding propagation
couple_childless_boarder_proxy,Childless couple boarder proxy using Treasury's rent input at 62 percent of actual board.,250,net_wage,NZD/week,201.875,201.874904109589041095890410958904109589,-0.000095890410958904109589041095890411,0.000095890410958904109589041095890411,0.0000004749989397345095211841044997667417956656,c,C_NET_WAGE_ROUNDING,Net-wage rounding propagation
couple_childless_boarder_proxy,Childless couple boarder proxy using Treasury's rent input at 62 percent of actual board.,250,net_benefit,NZD/week,565.94,570.94,5,5,0.008834858818956073081952150404636533908188,b,B_BENEFIT_VINTAGE,Main-benefit forecast vintage
couple_childless_boarder_proxy,Childless couple boarder proxy using Treasury's rent input at 62 percent of actual board.,250,FTC_abated,NZD/week,0,0,0,0,0,match,MATCH_SNAPSHOT_PRECISION,Match at oracle precision
couple_childless_boarder_proxy,Childless couple boarder proxy using Treasury's rent input at 62 percent of actual board.,250,IWTC_abated,NZD/week,0,0,0,0,0,match,MATCH_SNAPSHOT_PRECISION,Match at oracle precision
couple_childless_boarder_proxy,Childless couple boarder proxy using Treasury's rent input at 62 percent of actual board.,250,MFTC,NZD/week,0,0,0,0,0,match,MATCH_SNAPSHOT_PRECISION,Match at oracle precision
couple_childless_boarder_proxy,Childless couple boarder proxy using Treasury's rent input at 62 percent of actual board.,250,IETC_abated,NZD/week,0,0,0,0,0,match,MATCH_SNAPSHOT_PRECISION,Match at oracle precision
couple_childless_boarder_proxy,Childless couple boarder proxy using Treasury's rent input at 62 percent of actual board.,250,WinterEnergy,NZD/week,13.424658,13.42465753424657534246575342465753424658,-0.00000046575342465753424657534246575342,0.00000046575342465753424657534246575342,0.00000003469387634735531039787698619610421360455,match,MATCH_SNAPSHOT_PRECISION,Match at oracle precision
couple_childless_boarder_proxy,Childless couple boarder proxy using Treasury's rent input at 62 percent of actual board.,250,BestStart_Total,NZD/week,0,0,0,0,0,match,MATCH_SNAPSHOT_PRECISION,Match at oracle precision
couple_childless_boarder_proxy,Childless couple boarder proxy using Treasury's rent input at 62 percent of actual board.,250,AS_Amount,NZD/week,63.5355,62.6605,-0.875,0.875,0.01377182834793147138214069299840246791164,b,B_AS_UPSTREAM_VINTAGE,"Accommodation Supplement compound difference, primary vintage"
couple_childless_boarder_proxy,Childless couple boarder proxy using Treasury's rent input at 62 percent of actual board.,250,WFF_abated,NZD/week,0,0,0,0,0,match,MATCH_SNAPSHOT_PRECISION,Match at oracle precision
couple_childless_boarder_proxy,Childless couple boarder proxy using Treasury's rent input at 62 percent of actual board.,250,Net_Income,NZD/week,844.775158,848.9000616438356164383561643835616438356,4.1249036438356164383561643835616438356,4.1249036438356164383561643835616438356,0.004882842025801635182975118195369144408008,b,B_COMPOUND_NET_INCOME,Compound forecast-vintage level difference
couple_childless_boarder_proxy,Childless couple boarder proxy using Treasury's rent input at 62 percent of actual board.,250,Net_Income_annual,NZD/year,44048.990357,44264.07464285714285714285714285714285714,215.08428585714285714285714285714285714,215.08428585714285714285714285714285714,0.004882842583086877927980680659602861760548,b,B_COMPOUND_NET_INCOME,Compound forecast-vintage level difference
couple_childless_boarder_proxy,Childless couple boarder proxy using Treasury's rent input at 62 percent of actual board.,250,EMTR,ratio,0.8925,0.8924520547945205479452054794520547945,-0.0000479452054794520547945205479452055,0.0000479452054794520547945205479452055,0.00005372011818426000537201181842600056022409,c,C_EMTR_DISCRETE_ROUNDING,EMTR statutory discreteness/period convention
couple_childless_boarder_proxy,Childless couple boarder proxy using Treasury's rent input at 62 percent of actual board.,370,gross_wage1,NZD/week,370,370,0,0,0,match,MATCH_SNAPSHOT_PRECISION,Match at oracle precision
couple_childless_boarder_proxy,Childless couple boarder proxy using Treasury's rent input at 62 percent of actual board.,370,hours1,hours/week,20,20,0,0,0,match,MATCH_SNAPSHOT_PRECISION,Match at oracle precision
couple_childless_boarder_proxy,Childless couple boarder proxy using Treasury's rent input at 62 percent of actual board.,370,gross_wage1_annual,NZD/year,19292.857143,19292.85714285714285714285714285714285714,-0.00000014285714285714285714285714286,0.00000014285714285714285714285714286,0.000000000007404664938856685191122867936533707012688,match,MATCH_SNAPSHOT_PRECISION,Match at oracle precision
couple_childless_boarder_proxy,Childless couple boarder proxy using Treasury's rent input at 62 percent of actual board.,370,gross_wage2,NZD/week,0,0,0,0,0,match,MATCH_SNAPSHOT_PRECISION,Match at oracle precision
couple_childless_boarder_proxy,Childless couple boarder proxy using Treasury's rent input at 62 percent of actual board.,370,wage1_tax,NZD/week,62.65435,62.84988061529042626463610622246575342466,0.19553061529042626463610622246575342466,0.19553061529042626463610622246575342466,0.003120782759543850740389234306408947258411,b,B_BENEFIT_GROSSUP_TAX,Benefit-vintage tax interaction
couple_childless_boarder_proxy,Childless couple boarder proxy using Treasury's rent input at 62 percent of actual board.,370,wage1_ACC_levy,NZD/week,6.475,6.475095890410958904109589041095890410959,0.000095890410958904109589041095890410959,0.000095890410958904109589041095890410959,0.00001480932987782302850796001480932987783784,c,C_ACC_ANNUAL_CENTS,ACC period/rounding convention
couple_childless_boarder_proxy,Childless couple boarder proxy using Treasury's rent input at 62 percent of actual board.,370,net_wage1,NZD/week,300.87065,300.6750234942986148312543047364383561643,-0.1956265057013851687456952635616438357,0.1956265057013851687456952635616438357,0.0006502013596254243102333021302065982032478,b,B_BENEFIT_GROSSUP_TAX,Benefit-vintage tax interaction
couple_childless_boarder_proxy,Childless couple boarder proxy using Treasury's rent input at 62 percent of actual board.,370,net_wage,NZD/week,300.87065,300.6750234942986148312543047364383561643,-0.1956265057013851687456952635616438357,0.1956265057013851687456952635616438357,0.0006502013596254243102333021302065982032478,b,B_BENEFIT_GROSSUP_TAX,Benefit-vintage tax interaction
couple_childless_boarder_proxy,Childless couple boarder proxy using Treasury's rent input at 62 percent of actual board.,370,net_benefit,NZD/week,481.94,486.94,5,5,0.010374735444246171722621073162634352824,b,B_BENEFIT_VINTAGE,Main-benefit forecast vintage
couple_childless_boarder_proxy,Childless couple boarder proxy using Treasury's rent input at 62 percent of actual board.,370,FTC_abated,NZD/week,0,0,0,0,0,match,MATCH_SNAPSHOT_PRECISION,Match at oracle precision
couple_childless_boarder_proxy,Childless couple boarder proxy using Treasury's rent input at 62 percent of actual board.,370,IWTC_abated,NZD/week,0,0,0,0,0,match,MATCH_SNAPSHOT_PRECISION,Match at oracle precision
couple_childless_boarder_proxy,Childless couple boarder proxy using Treasury's rent input at 62 percent of actual board.,370,MFTC,NZD/week,0,0,0,0,0,match,MATCH_SNAPSHOT_PRECISION,Match at oracle precision
couple_childless_boarder_proxy,Childless couple boarder proxy using Treasury's rent input at 62 percent of actual board.,370,IETC_abated,NZD/week,0,0,0,0,0,match,MATCH_SNAPSHOT_PRECISION,Match at oracle precision
couple_childless_boarder_proxy,Childless couple boarder proxy using Treasury's rent input at 62 percent of actual board.,370,WinterEnergy,NZD/week,13.424658,13.42465753424657534246575342465753424658,-0.00000046575342465753424657534246575342,0.00000046575342465753424657534246575342,0.00000003469387634735531039787698619610421360455,match,MATCH_SNAPSHOT_PRECISION,Match at oracle precision
couple_childless_boarder_proxy,Childless couple boarder proxy using Treasury's rent input at 62 percent of actual board.,370,BestStart_Total,NZD/week,0,0,0,0,0,match,MATCH_SNAPSHOT_PRECISION,Match at oracle precision
couple_childless_boarder_proxy,Childless couple boarder proxy using Treasury's rent input at 62 percent of actual board.,370,AS_Amount,NZD/week,63.5355,62.6605,-0.875,0.875,0.01377182834793147138214069299840246791164,b,B_AS_UPSTREAM_VINTAGE,"Accommodation Supplement compound difference, primary vintage"
couple_childless_boarder_proxy,Childless couple boarder proxy using Treasury's rent input at 62 percent of actual board.,370,WFF_abated,NZD/week,0,0,0,0,0,match,MATCH_SNAPSHOT_PRECISION,Match at oracle precision
couple_childless_boarder_proxy,Childless couple boarder proxy using Treasury's rent input at 62 percent of actual board.,370,Net_Income,NZD/week,859.770808,863.7001810285451901737200581610958904109,3.9293730285451901737200581610958904109,3.9293730285451901737200581610958904109,0.004570256389241340901306872657969902149667,b,B_COMPOUND_NET_INCOME,Compound forecast-vintage level difference
couple_childless_boarder_proxy,Childless couple boarder proxy using Treasury's rent input at 62 percent of actual board.,370,Net_Income_annual,NZD/year,44830.906399,45035.79515363128491620111731839999999999,204.88875463128491620111731839999999999,204.88875463128491620111731839999999999,0.004570256795786202819153875533044183008601,b,B_COMPOUND_NET_INCOME,Compound forecast-vintage level difference
couple_childless_boarder_proxy,Childless couple boarder proxy using Treasury's rent input at 62 percent of actual board.,370,EMTR,ratio,0.865126,0.8650777531185428943139205635616438356,-0.0000482468814571056860794364383561644,0.0000482468814571056860794364383561644,0.00005576861804766668217050052634664129849294,c,C_EMTR_DISCRETE_ROUNDING,EMTR statutory discreteness/period convention
couple_childless_boarder_proxy,Childless couple boarder proxy using Treasury's rent input at 62 percent of actual board.,555,gross_wage1,NZD/week,555,555,0,0,0,match,MATCH_SNAPSHOT_PRECISION,Match at oracle precision
couple_childless_boarder_proxy,Childless couple boarder proxy using Treasury's rent input at 62 percent of actual board.,555,hours1,hours/week,30,30,0,0,0,match,MATCH_SNAPSHOT_PRECISION,Match at oracle precision
couple_childless_boarder_proxy,Childless couple boarder proxy using Treasury's rent input at 62 percent of actual board.,555,gross_wage1_annual,NZD/year,28939.285714,28939.28571428571428571428571428571428571,0.00000028571428571428571428571428571,0.00000028571428571428571428571428571,0.000000000009872886585312826228165497482050257904303,match,MATCH_SNAPSHOT_PRECISION,Match at oracle precision
couple_childless_boarder_proxy,Childless couple boarder proxy using Treasury's rent input at 62 percent of actual board.,555,gross_wage2,NZD/week,0,0,0,0,0,match,MATCH_SNAPSHOT_PRECISION,Match at oracle precision
couple_childless_boarder_proxy,Childless couple boarder proxy using Treasury's rent input at 62 percent of actual board.,555,wage1_tax,NZD/week,89.965104,90.16063480523456034284839672520547945206,0.19553080523456034284839672520547945206,0.19553080523456034284839672520547945206,0.00217340720502652164830929029110530958826,b,B_BENEFIT_GROSSUP_TAX,Benefit-vintage tax interaction
couple_childless_boarder_proxy,Childless couple boarder proxy using Treasury's rent input at 62 percent of actual board.,555,wage1_ACC_levy,NZD/week,9.7125,9.71254794520547945205479452054794520548,0.00004794520547945205479452054794520548,0.00004794520547945205479452054794520548,0.000004936443292607676169320004936443292664093,c,C_ACC_ANNUAL_CENTS,ACC period/rounding convention
couple_childless_boarder_proxy,Childless couple boarder proxy using Treasury's rent input at 62 percent of actual board.,555,net_wage1,NZD/week,455.322396,455.1268172495599602050968087542465753424,-0.1955787504400397949031912457534246576,0.1955787504400397949031912457534246576,0.0004295390522368238502004000825679232734249,b,B_BENEFIT_GROSSUP_TAX,Benefit-vintage tax interaction
couple_childless_boarder_proxy,Childless couple boarder proxy using Treasury's rent input at 62 percent of actual board.,555,net_wage,NZD/week,455.322396,455.1268172495599602050968087542465753424,-0.1955787504400397949031912457534246576,0.1955787504400397949031912457534246576,0.0004295390522368238502004000825679232734249,b,B_BENEFIT_GROSSUP_TAX,Benefit-vintage tax interaction
couple_childless_boarder_proxy,Childless couple boarder proxy using Treasury's rent input at 62 percent of actual board.,555,net_benefit,NZD/week,352.44,357.44,5,5,0.01418681193962092838497332879355351265464,b,B_BENEFIT_VINTAGE,Main-benefit forecast vintage
couple_childless_boarder_proxy,Childless couple boarder proxy using Treasury's rent input at 62 percent of actual board.,555,FTC_abated,NZD/week,0,0,0,0,0,match,MATCH_SNAPSHOT_PRECISION,Match at oracle precision
couple_childless_boarder_proxy,Childless couple boarder proxy using Treasury's rent input at 62 percent of actual board.,555,IWTC_abated,NZD/week,0,0,0,0,0,match,MATCH_SNAPSHOT_PRECISION,Match at oracle precision
couple_childless_boarder_proxy,Childless couple boarder proxy using Treasury's rent input at 62 percent of actual board.,555,MFTC,NZD/week,0,0,0,0,0,match,MATCH_SNAPSHOT_PRECISION,Match at oracle precision
couple_childless_boarder_proxy,Childless couple boarder proxy using Treasury's rent input at 62 percent of actual board.,555,IETC_abated,NZD/week,0,0,0,0,0,match,MATCH_SNAPSHOT_PRECISION,Match at oracle precision
couple_childless_boarder_proxy,Childless couple boarder proxy using Treasury's rent input at 62 percent of actual board.,555,WinterEnergy,NZD/week,13.424658,13.42465753424657534246575342465753424658,-0.00000046575342465753424657534246575342,0.00000046575342465753424657534246575342,0.00000003469387634735531039787698619610421360455,match,MATCH_SNAPSHOT_PRECISION,Match at oracle precision
couple_childless_boarder_proxy,Childless couple boarder proxy using Treasury's rent input at 62 percent of actual board.,555,BestStart_Total,NZD/week,0,0,0,0,0,match,MATCH_SNAPSHOT_PRECISION,Match at oracle precision
couple_childless_boarder_proxy,Childless couple boarder proxy using Treasury's rent input at 62 percent of actual board.,555,AS_Amount,NZD/week,63.5355,62.6605,-0.875,0.875,0.01377182834793147138214069299840246791164,b,B_AS_UPSTREAM_VINTAGE,"Accommodation Supplement compound difference, primary vintage"
couple_childless_boarder_proxy,Childless couple boarder proxy using Treasury's rent input at 62 percent of actual board.,555,WFF_abated,NZD/week,0,0,0,0,0,match,MATCH_SNAPSHOT_PRECISION,Match at oracle precision
couple_childless_boarder_proxy,Childless couple boarder proxy using Treasury's rent input at 62 percent of actual board.,555,Net_Income,NZD/week,884.722553,888.651974783806535547562562178904109589,3.929421783806535547562562178904109589,3.929421783806535547562562178904109589,0.004441416996189691965004719596996765593925,b,B_COMPOUND_NET_INCOME,Compound forecast-vintage level difference
couple_childless_boarder_proxy,Childless couple boarder proxy using Treasury's rent input at 62 percent of actual board.,555,Net_Income_annual,NZD/year,46131.961716,46336.85297086991221069433359932857142857,204.89125486991221069433359932857142857,204.89125486991221069433359932857142857,0.004441416476742838080229486318265534489025,b,B_COMPOUND_NET_INCOME,Compound forecast-vintage level difference
couple_childless_boarder_proxy,Childless couple boarder proxy using Treasury's rent input at 62 percent of actual board.,555,EMTR,ratio,0.865126,0.8650777531185428943139205635616438356,-0.0000482468814571056860794364383561644,0.0000482468814571056860794364383561644,0.00005576861804766668217050052634664129849294,c,C_EMTR_DISCRETE_ROUNDING,EMTR statutory discreteness/period convention
couple_childless_boarder_proxy,Childless couple boarder proxy using Treasury's rent input at 62 percent of actual board.,740,gross_wage1,NZD/week,740,740,0,0,0,match,MATCH_SNAPSHOT_PRECISION,Match at oracle precision
couple_childless_boarder_proxy,Childless couple boarder proxy using Treasury's rent input at 62 percent of actual board.,740,hours1,hours/week,40,40,0,0,0,match,MATCH_SNAPSHOT_PRECISION,Match at oracle precision
couple_childless_boarder_proxy,Childless couple boarder proxy using Treasury's rent input at 62 percent of actual board.,740,gross_wage1_annual,NZD/year,38585.714286,38585.71428571428571428571428571428571428,-0.00000028571428571428571428571428572,0.00000028571428571428571428571428572,0.000000000007404664938856685191122867936533707012688,match,MATCH_SNAPSHOT_PRECISION,Match at oracle precision
couple_childless_boarder_proxy,Childless couple boarder proxy using Treasury's rent input at 62 percent of actual board.,740,gross_wage2,NZD/week,0,0,0,0,0,match,MATCH_SNAPSHOT_PRECISION,Match at oracle precision
couple_childless_boarder_proxy,Childless couple boarder proxy using Treasury's rent input at 62 percent of actual board.,740,wage1_tax,NZD/week,117.275858,117.4713889951786944210606872269863013699,0.1955309951786944210606872269863013699,0.1955309951786944210606872269863013699,0.001667274053784321245901157482781335694001,b,B_BENEFIT_GROSSUP_TAX,Benefit-vintage tax interaction
couple_childless_boarder_proxy,Childless couple boarder proxy using Treasury's rent input at 62 percent of actual board.,740,wage1_ACC_levy,NZD/week,12.95,12.95,0,0,0,match,MATCH_SNAPSHOT_PRECISION,Match at oracle precision
couple_childless_boarder_proxy,Childless couple boarder proxy using Treasury's rent input at 62 percent of actual board.,740,net_wage1,NZD/week,609.774142,609.5786110048213055789393127730136986301,-0.1955309951786944210606872269863013699,0.1955309951786944210606872269863013699,0.0003206613428004207188252453430311273676475,b,B_BENEFIT_GROSSUP_TAX,Benefit-vintage tax interaction
couple_childless_boarder_proxy,Childless couple boarder proxy using Treasury's rent input at 62 percent of actual board.,740,net_wage,NZD/week,609.774142,609.5786110048213055789393127730136986301,-0.1955309951786944210606872269863013699,0.1955309951786944210606872269863013699,0.0003206613428004207188252453430311273676475,b,B_BENEFIT_GROSSUP_TAX,Benefit-vintage tax interaction
couple_childless_boarder_proxy,Childless couple boarder proxy using Treasury's rent input at 62 percent of actual board.,740,net_benefit,NZD/week,222.94,227.94,5,5,0.02242755898448012918273975060554409258096,b,B_BENEFIT_VINTAGE,Main-benefit forecast vintage
couple_childless_boarder_proxy,Childless couple boarder proxy using Treasury's rent input at 62 percent of actual board.,740,FTC_abated,NZD/week,0,0,0,0,0,match,MATCH_SNAPSHOT_PRECISION,Match at oracle precision
couple_childless_boarder_proxy,Childless couple boarder proxy using Treasury's rent input at 62 percent of actual board.,740,IWTC_abated,NZD/week,0,0,0,0,0,match,MATCH_SNAPSHOT_PRECISION,Match at oracle precision
couple_childless_boarder_proxy,Childless couple boarder proxy using Treasury's rent input at 62 percent of actual board.,740,MFTC,NZD/week,0,0,0,0,0,match,MATCH_SNAPSHOT_PRECISION,Match at oracle precision
couple_childless_boarder_proxy,Childless couple boarder proxy using Treasury's rent input at 62 percent of actual board.,740,IETC_abated,NZD/week,0,0,0,0,0,match,MATCH_SNAPSHOT_PRECISION,Match at oracle precision
couple_childless_boarder_proxy,Childless couple boarder proxy using Treasury's rent input at 62 percent of actual board.,740,WinterEnergy,NZD/week,13.424658,13.42465753424657534246575342465753424658,-0.00000046575342465753424657534246575342,0.00000046575342465753424657534246575342,0.00000003469387634735531039787698619610421360455,match,MATCH_SNAPSHOT_PRECISION,Match at oracle precision
couple_childless_boarder_proxy,Childless couple boarder proxy using Treasury's rent input at 62 percent of actual board.,740,BestStart_Total,NZD/week,0,0,0,0,0,match,MATCH_SNAPSHOT_PRECISION,Match at oracle precision
couple_childless_boarder_proxy,Childless couple boarder proxy using Treasury's rent input at 62 percent of actual board.,740,AS_Amount,NZD/week,63.5355,62.6605,-0.875,0.875,0.01377182834793147138214069299840246791164,b,B_AS_UPSTREAM_VINTAGE,"Accommodation Supplement compound difference, primary vintage"
couple_childless_boarder_proxy,Childless couple boarder proxy using Treasury's rent input at 62 percent of actual board.,740,WFF_abated,NZD/week,0,0,0,0,0,match,MATCH_SNAPSHOT_PRECISION,Match at oracle precision
couple_childless_boarder_proxy,Childless couple boarder proxy using Treasury's rent input at 62 percent of actual board.,740,Net_Income,NZD/week,909.674299,913.6037685390678809214050661976712328767,3.9294695390678809214050661976712328767,3.9294695390678809214050661976712328767,0.004319644452291908624545043013984539181424,b,B_COMPOUND_NET_INCOME,Compound forecast-vintage level difference
couple_childless_boarder_proxy,Childless couple boarder proxy using Treasury's rent input at 62 percent of actual board.,740,Net_Income_annual,NZD/year,47433.017033,47637.91078810853950518754988030714285714,204.89375510853950518754988030714285714,204.89375510853950518754988030714285714,0.004319644161913446236076574140679601099327,b,B_COMPOUND_NET_INCOME,Compound forecast-vintage level difference
couple_childless_boarder_proxy,Childless couple boarder proxy using Treasury's rent input at 62 percent of actual board.,740,EMTR,ratio,0.865126,0.8650777531185428943139205647123287671,-0.0000482468814571056860794352876712329,0.0000482468814571056860794352876712329,0.0000557686180476666821704991962687896329552,c,C_EMTR_DISCRETE_ROUNDING,EMTR statutory discreteness/period convention
couple_childless_boarder_proxy,Childless couple boarder proxy using Treasury's rent input at 62 percent of actual board.,1000,gross_wage1,NZD/week,1000,1000,0,0,0,match,MATCH_SNAPSHOT_PRECISION,Match at oracle precision
couple_childless_boarder_proxy,Childless couple boarder proxy using Treasury's rent input at 62 percent of actual board.,1000,hours1,hours/week,54.054054,54.05405405405405405405405405405405405405,0.00000005405405405405405405405405405405,0.00000005405405405405405405405405405405,0.000000001000000001000000001000000000999925001,match,MATCH_SNAPSHOT_PRECISION,Match at oracle precision
couple_childless_boarder_proxy,Childless couple boarder proxy using Treasury's rent input at 62 percent of actual board.,1000,gross_wage1_annual,NZD/year,52142.857143,52142.85714285714285714285714285714285714,-0.00000014285714285714285714285714286,0.00000014285714285714285714285714286,0.000000000002739726027389754175267425331081459108682,match,MATCH_SNAPSHOT_PRECISION,Match at oracle precision
couple_childless_boarder_proxy,Childless couple boarder proxy using Treasury's rent input at 62 percent of actual board.,1000,gross_wage2,NZD/week,0,0,0,0,0,match,MATCH_SNAPSHOT_PRECISION,Match at oracle precision
couple_childless_boarder_proxy,Childless couple boarder proxy using Treasury's rent input at 62 percent of actual board.,1000,wage1_tax,NZD/week,155.65854,155.8540705594245044769266090170410958904,0.1955305594245044769266090170410958904,0.1955305594245044769266090170410958904,0.001256150542234974559870656740331085531189,b,B_BENEFIT_GROSSUP_TAX,Benefit-vintage tax interaction
couple_childless_boarder_proxy,Childless couple boarder proxy using Treasury's rent input at 62 percent of actual board.,1000,wage1_ACC_levy,NZD/week,17.5,17.5,0,0,0,match,MATCH_SNAPSHOT_PRECISION,Match at oracle precision
couple_childless_boarder_proxy,Childless couple boarder proxy using Treasury's rent input at 62 percent of actual board.,1000,net_wage1,NZD/week,826.84146,826.6459294405754955230733909829589041096,-0.1955305594245044769266090170410958904,0.1955305594245044769266090170410958904,0.0002364789005917827063565595961299471973745,b,B_BENEFIT_GROSSUP_TAX,Benefit-vintage tax interaction
couple_childless_boarder_proxy,Childless couple boarder proxy using Treasury's rent input at 62 percent of actual board.,1000,net_wage,NZD/week,826.84146,826.6459294405754955230733909829589041096,-0.1955305594245044769266090170410958904,0.1955305594245044769266090170410958904,0.0002364789005917827063565595961299471973745,b,B_BENEFIT_GROSSUP_TAX,Benefit-vintage tax interaction
couple_childless_boarder_proxy,Childless couple boarder proxy using Treasury's rent input at 62 percent of actual board.,1000,net_benefit,NZD/week,40.94,45.94,5,5,0.122129946262823644357596482657547630679,b,B_BENEFIT_VINTAGE,Main-benefit forecast vintage
couple_childless_boarder_proxy,Childless couple boarder proxy using Treasury's rent input at 62 percent of actual board.,1000,FTC_abated,NZD/week,0,0,0,0,0,match,MATCH_SNAPSHOT_PRECISION,Match at oracle precision
couple_childless_boarder_proxy,Childless couple boarder proxy using Treasury's rent input at 62 percent of actual board.,1000,IWTC_abated,NZD/week,0,0,0,0,0,match,MATCH_SNAPSHOT_PRECISION,Match at oracle precision
couple_childless_boarder_proxy,Childless couple boarder proxy using Treasury's rent input at 62 percent of actual board.,1000,MFTC,NZD/week,0,0,0,0,0,match,MATCH_SNAPSHOT_PRECISION,Match at oracle precision
couple_childless_boarder_proxy,Childless couple boarder proxy using Treasury's rent input at 62 percent of actual board.,1000,IETC_abated,NZD/week,0,0,0,0,0,match,MATCH_SNAPSHOT_PRECISION,Match at oracle precision
couple_childless_boarder_proxy,Childless couple boarder proxy using Treasury's rent input at 62 percent of actual board.,1000,WinterEnergy,NZD/week,13.424658,13.42465753424657534246575342465753424658,-0.00000046575342465753424657534246575342,0.00000046575342465753424657534246575342,0.00000003469387634735531039787698619610421360455,match,MATCH_SNAPSHOT_PRECISION,Match at oracle precision
couple_childless_boarder_proxy,Childless couple boarder proxy using Treasury's rent input at 62 percent of actual board.,1000,BestStart_Total,NZD/week,0,0,0,0,0,match,MATCH_SNAPSHOT_PRECISION,Match at oracle precision
couple_childless_boarder_proxy,Childless couple boarder proxy using Treasury's rent input at 62 percent of actual board.,1000,AS_Amount,NZD/week,63.5355,62.6605,-0.875,0.875,0.01377182834793147138214069299840246791164,b,B_AS_UPSTREAM_VINTAGE,"Accommodation Supplement compound difference, primary vintage"
couple_childless_boarder_proxy,Childless couple boarder proxy using Treasury's rent input at 62 percent of actual board.,1000,WFF_abated,NZD/week,0,0,0,0,0,match,MATCH_SNAPSHOT_PRECISION,Match at oracle precision
couple_childless_boarder_proxy,Childless couple boarder proxy using Treasury's rent input at 62 percent of actual board.,1000,Net_Income,NZD/week,944.741618,948.6710869748220708655391444076164383562,3.9294689748220708655391444076164383562,3.9294689748220708655391444076164383562,0.004159305465065339024303621191393770435336,b,B_COMPOUND_NET_INCOME,Compound forecast-vintage level difference
couple_childless_boarder_proxy,Childless couple boarder proxy using Treasury's rent input at 62 percent of actual board.,1000,Net_Income_annual,NZD/year,49261.527209,49466.42096368715083798882681554,204.89375468715083798882681554,204.89375468715083798882681554,0.004159305776653166489709403835385261167492,b,B_COMPOUND_NET_INCOME,Compound forecast-vintage level difference
couple_childless_boarder_proxy,Childless couple boarder proxy using Treasury's rent input at 62 percent of actual board.,1000,EMTR,ratio,0.865126,0.8958709726792683860105609470136986301,0.0307449726792683860105609470136986301,0.0307449726792683860105609470136986301,0.03553814436194078782808625219181787404378,b,B_EMTR_INSTRUMENT_VINTAGE,Named-instrument vintage boundary in EMTR
couple_childless_boarder_proxy,Childless couple boarder proxy using Treasury's rent input at 62 percent of actual board.,1500,gross_wage1,NZD/week,1500,1500,0,0,0,match,MATCH_SNAPSHOT_PRECISION,Match at oracle precision
couple_childless_boarder_proxy,Childless couple boarder proxy using Treasury's rent input at 62 percent of actual board.,1500,hours1,hours/week,81.081081,81.08108108108108108108108108108108108108,0.00000008108108108108108108108108108108,0.00000008108108108108108108108108108108,0.000000001000000001000000001000000000999986667667,match,MATCH_SNAPSHOT_PRECISION,Match at oracle precision
couple_childless_boarder_proxy,Childless couple boarder proxy using Treasury's rent input at 62 percent of actual board.,1500,gross_wage1_annual,NZD/year,78214.285714,78214.28571428571428571428571428571428571,0.00000028571428571428571428571428571,0.00000028571428571428571428571428571,0.000000000003652968036543024540772759906943462136646,match,MATCH_SNAPSHOT_PRECISION,Match at oracle precision
couple_childless_boarder_proxy,Childless couple boarder proxy using Treasury's rent input at 62 percent of actual board.,1500,gross_wage2,NZD/week,0,0,0,0,0,match,MATCH_SNAPSHOT_PRECISION,Match at oracle precision
couple_childless_boarder_proxy,Childless couple boarder proxy using Treasury's rent input at 62 percent of actual board.,1500,wage1_tax,NZD/week,300.869863,300.8698630136986301369863013753424657534,0.0000000136986301369863013753424657534,0.0000000136986301369863013753424657534,0.00000000004553008400507797411182543647915976217266,match,MATCH_SNAPSHOT_PRECISION,Match at oracle precision
couple_childless_boarder_proxy,Childless couple boarder proxy using Treasury's rent input at 62 percent of actual board.,1500,wage1_ACC_levy,NZD/week,26.25,26.25,0,0,0,match,MATCH_SNAPSHOT_PRECISION,Match at oracle precision
couple_childless_boarder_proxy,Childless couple boarder proxy using Treasury's rent input at 62 percent of actual board.,1500,net_wage1,NZD/week,1172.880137,1172.880136986301369863013698624657534247,-0.000000013698630136986301375342465753,0.000000013698630136986301375342465753,0.00000000001167948002941267422567193305022267590844,match,MATCH_SNAPSHOT_PRECISION,Match at oracle precision
couple_childless_boarder_proxy,Childless couple boarder proxy using Treasury's rent input at 62 percent of actual board.,1500,net_wage,NZD/week,1172.880137,1172.880136986301369863013698624657534247,-0.000000013698630136986301375342465753,0.000000013698630136986301375342465753,0.00000000001167948002941267422567193305022267590844,match,MATCH_SNAPSHOT_PRECISION,Match at oracle precision
couple_childless_boarder_proxy,Childless couple boarder proxy using Treasury's rent input at 62 percent of actual board.,1500,net_benefit,NZD/week,0,0,0,0,0,match,MATCH_SNAPSHOT_PRECISION,Match at oracle precision
couple_childless_boarder_proxy,Childless couple boarder proxy using Treasury's rent input at 62 percent of actual board.,1500,FTC_abated,NZD/week,0,0,0,0,0,match,MATCH_SNAPSHOT_PRECISION,Match at oracle precision
couple_childless_boarder_proxy,Childless couple boarder proxy using Treasury's rent input at 62 percent of actual board.,1500,IWTC_abated,NZD/week,0,0,0,0,0,match,MATCH_SNAPSHOT_PRECISION,Match at oracle precision
couple_childless_boarder_proxy,Childless couple boarder proxy using Treasury's rent input at 62 percent of actual board.,1500,MFTC,NZD/week,0,0,0,0,0,match,MATCH_SNAPSHOT_PRECISION,Match at oracle precision
couple_childless_boarder_proxy,Childless couple boarder proxy using Treasury's rent input at 62 percent of actual board.,1500,IETC_abated,NZD/week,0,0,0,0,0,match,MATCH_SNAPSHOT_PRECISION,Match at oracle precision
couple_childless_boarder_proxy,Childless couple boarder proxy using Treasury's rent input at 62 percent of actual board.,1500,WinterEnergy,NZD/week,0,0,0,0,0,match,MATCH_SNAPSHOT_PRECISION,Match at oracle precision
couple_childless_boarder_proxy,Childless couple boarder proxy using Treasury's rent input at 62 percent of actual board.,1500,BestStart_Total,NZD/week,0,0,0,0,0,match,MATCH_SNAPSHOT_PRECISION,Match at oracle precision
couple_childless_boarder_proxy,Childless couple boarder proxy using Treasury's rent input at 62 percent of actual board.,1500,AS_Amount,NZD/week,0,0,0,0,0,match,MATCH_SNAPSHOT_PRECISION,Match at oracle precision
couple_childless_boarder_proxy,Childless couple boarder proxy using Treasury's rent input at 62 percent of actual board.,1500,WFF_abated,NZD/week,0,0,0,0,0,match,MATCH_SNAPSHOT_PRECISION,Match at oracle precision
couple_childless_boarder_proxy,Childless couple boarder proxy using Treasury's rent input at 62 percent of actual board.,1500,Net_Income,NZD/week,1172.880137,1172.880136986301369863013698624657534247,-0.000000013698630136986301375342465753,0.000000013698630136986301375342465753,0.00000000001167948002941267422567193305022267590844,match,MATCH_SNAPSHOT_PRECISION,Match at oracle precision
couple_childless_boarder_proxy,Childless couple boarder proxy using Treasury's rent input at 62 percent of actual board.,1500,Net_Income_annual,NZD/year,61157.321429,61157.32142857142857142857142828571428573,-0.00000042857142857142857171428571427,0.00000042857142857142857171428571427,0.000000000007007688017680342998173817457658622925364,match,MATCH_SNAPSHOT_PRECISION,Match at oracle precision
couple_childless_boarder_proxy,Childless couple boarder proxy using Treasury's rent input at 62 percent of actual board.,1500,EMTR,ratio,0.3475,0.347452054794520547945205482191780822,-0.000047945205479452054794517808219178,0.000047945205479452054794517808219178,0.0001379718143293584310633605991918791366906,c,C_EMTR_DISCRETE_ROUNDING,EMTR statutory discreteness/period convention
large_family_four_children_age_bands,"Lone parent with four children aged 3, 6, 13, and 16 spanning child age bands.",0,gross_wage1,NZD/week,0,0,0,0,0,match,MATCH_SNAPSHOT_PRECISION,Match at oracle precision
large_family_four_children_age_bands,"Lone parent with four children aged 3, 6, 13, and 16 spanning child age bands.",0,hours1,hours/week,0,0,0,0,0,match,MATCH_SNAPSHOT_PRECISION,Match at oracle precision
large_family_four_children_age_bands,"Lone parent with four children aged 3, 6, 13, and 16 spanning child age bands.",0,gross_wage1_annual,NZD/year,0,0,0,0,0,match,MATCH_SNAPSHOT_PRECISION,Match at oracle precision
large_family_four_children_age_bands,"Lone parent with four children aged 3, 6, 13, and 16 spanning child age bands.",0,gross_wage2,NZD/week,0,0,0,0,0,match,MATCH_SNAPSHOT_PRECISION,Match at oracle precision
large_family_four_children_age_bands,"Lone parent with four children aged 3, 6, 13, and 16 spanning child age bands.",0,wage1_tax,NZD/week,0,0,0,0,0,match,MATCH_SNAPSHOT_PRECISION,Match at oracle precision
large_family_four_children_age_bands,"Lone parent with four children aged 3, 6, 13, and 16 spanning child age bands.",0,wage1_ACC_levy,NZD/week,0,0,0,0,0,match,MATCH_SNAPSHOT_PRECISION,Match at oracle precision
large_family_four_children_age_bands,"Lone parent with four children aged 3, 6, 13, and 16 spanning child age bands.",0,net_wage1,NZD/week,0,0,0,0,0,match,MATCH_SNAPSHOT_PRECISION,Match at oracle precision
large_family_four_children_age_bands,"Lone parent with four children aged 3, 6, 13, and 16 spanning child age bands.",0,net_wage,NZD/week,0,0,0,0,0,match,MATCH_SNAPSHOT_PRECISION,Match at oracle precision
large_family_four_children_age_bands,"Lone parent with four children aged 3, 6, 13, and 16 spanning child age bands.",0,net_benefit,NZD/week,517.39,521.52,4.13,4.13,0.007982373064806045729527049227855196273604,b,B_BENEFIT_VINTAGE,Main-benefit forecast vintage
large_family_four_children_age_bands,"Lone parent with four children aged 3, 6, 13, and 16 spanning child age bands.",0,FTC_abated,NZD/week,496.980822,523.2356164383561643835616438356164383562,26.2547944383561643835616438356164383562,26.2547944383561643835616438356164383562,0.05282858669012416013019038355491399295122,b,B_WFF_VINTAGE,Working for Families forecast vintage
large_family_four_children_age_bands,"Lone parent with four children aged 3, 6, 13, and 16 spanning child age bands.",0,IWTC_abated,NZD/week,0,0,0,0,0,match,MATCH_SNAPSHOT_PRECISION,Match at oracle precision
large_family_four_children_age_bands,"Lone parent with four children aged 3, 6, 13, and 16 spanning child age bands.",0,MFTC,NZD/week,0,0,0,0,0,match,MATCH_SNAPSHOT_PRECISION,Match at oracle precision
large_family_four_children_age_bands,"Lone parent with four children aged 3, 6, 13, and 16 spanning child age bands.",0,IETC_abated,NZD/week,0,0,0,0,0,match,MATCH_SNAPSHOT_PRECISION,Match at oracle precision
large_family_four_children_age_bands,"Lone parent with four children aged 3, 6, 13, and 16 spanning child age bands.",0,WinterEnergy,NZD/week,13.424658,13.42465753424657534246575342465753424658,-0.00000046575342465753424657534246575342,0.00000046575342465753424657534246575342,0.00000003469387634735531039787698619610421360455,match,MATCH_SNAPSHOT_PRECISION,Match at oracle precision
large_family_four_children_age_bands,"Lone parent with four children aged 3, 6, 13, and 16 spanning child age bands.",0,BestStart_Total,NZD/week,0,0,0,0,0,match,MATCH_SNAPSHOT_PRECISION,Match at oracle precision
large_family_four_children_age_bands,"Lone parent with four children aged 3, 6, 13, and 16 spanning child age bands.",0,AS_Amount,NZD/week,0,0,0,0,0,match,MATCH_SNAPSHOT_PRECISION,Match at oracle precision
large_family_four_children_age_bands,"Lone parent with four children aged 3, 6, 13, and 16 spanning child age bands.",0,WFF_abated,NZD/week,496.980822,523.2356164383561643835616438356164383562,26.2547944383561643835616438356164383562,26.2547944383561643835616438356164383562,0.05282858669012416013019038355491399295122,b,B_WFF_VINTAGE,Working for Families forecast vintage
large_family_four_children_age_bands,"Lone parent with four children aged 3, 6, 13, and 16 spanning child age bands.",0,Net_Income,NZD/week,1027.795479,1058.180273972602739726027397260273972603,30.384794972602739726027397260273972603,30.384794972602739726027397260273972603,0.02956307513841743579612242803052257111845,b,B_COMPOUND_NET_INCOME,Compound forecast-vintage level difference
large_family_four_children_age_bands,"Lone parent with four children aged 3, 6, 13, and 16 spanning child age bands.",0,Net_Income_annual,NZD/year,53592.192857,55176.54285714285714285714285714285714287,1584.35000014285714285714285714285714287,1584.35000014285714285714285714285714287,0.02956307468832963829803122879784603815265,b,B_COMPOUND_NET_INCOME,Compound forecast-vintage level difference
large_family_four_children_age_bands,"Lone parent with four children aged 3, 6, 13, and 16 spanning child age bands.",0,EMTR,ratio,0.1925,0.192452054794520547945205479452054794,-0.000047945205479452054794520547945206,0.000047945205479452054794520547945206,0.0002490660024906600249066002490660051948052,c,C_EMTR_DISCRETE_ROUNDING,EMTR statutory discreteness/period convention
large_family_four_children_age_bands,"Lone parent with four children aged 3, 6, 13, and 16 spanning child age bands.",160,gross_wage1,NZD/week,160,160,0,0,0,match,MATCH_SNAPSHOT_PRECISION,Match at oracle precision
large_family_four_children_age_bands,"Lone parent with four children aged 3, 6, 13, and 16 spanning child age bands.",160,hours1,hours/week,8.648649,8.648648648648648648648648648648648648649,-0.000000351351351351351351351351351351351,0.000000351351351351351351351351351351351,0.00000004062499834960944204711641683589552541674,match,MATCH_SNAPSHOT_PRECISION,Match at oracle precision
large_family_four_children_age_bands,"Lone parent with four children aged 3, 6, 13, and 16 spanning child age bands.",160,gross_wage1_annual,NZD/year,8342.857143,8342.857142857142857142857142857142857142,-0.000000142857142857142857142857142858,0.000000142857142857142857142857142858,0.00000000001712328767093966973166199195675236315143,match,MATCH_SNAPSHOT_PRECISION,Match at oracle precision
large_family_four_children_age_bands,"Lone parent with four children aged 3, 6, 13, and 16 spanning child age bands.",160,gross_wage2,NZD/week,0,0,0,0,0,match,MATCH_SNAPSHOT_PRECISION,Match at oracle precision
large_family_four_children_age_bands,"Lone parent with four children aged 3, 6, 13, and 16 spanning child age bands.",160,wage1_tax,NZD/week,16.8,16.8,0,0,0,match,MATCH_SNAPSHOT_PRECISION,Match at oracle precision
large_family_four_children_age_bands,"Lone parent with four children aged 3, 6, 13, and 16 spanning child age bands.",160,wage1_ACC_levy,NZD/week,2.8,2.8,0,0,0,match,MATCH_SNAPSHOT_PRECISION,Match at oracle precision
large_family_four_children_age_bands,"Lone parent with four children aged 3, 6, 13, and 16 spanning child age bands.",160,net_wage1,NZD/week,140.4,140.4,0,0,0,match,MATCH_SNAPSHOT_PRECISION,Match at oracle precision
large_family_four_children_age_bands,"Lone parent with four children aged 3, 6, 13, and 16 spanning child age bands.",160,net_wage,NZD/week,140.4,140.4,0,0,0,match,MATCH_SNAPSHOT_PRECISION,Match at oracle precision
large_family_four_children_age_bands,"Lone parent with four children aged 3, 6, 13, and 16 spanning child age bands.",160,net_benefit,NZD/week,0,0,0,0,0,match,MATCH_SNAPSHOT_PRECISION,Match at oracle precision
large_family_four_children_age_bands,"Lone parent with four children aged 3, 6, 13, and 16 spanning child age bands.",160,FTC_abated,NZD/week,496.980822,523.2356164383561643835616438356164383562,26.2547944383561643835616438356164383562,26.2547944383561643835616438356164383562,0.05282858669012416013019038355491399295122,b,B_WFF_VINTAGE,Working for Families forecast vintage
large_family_four_children_age_bands,"Lone parent with four children aged 3, 6, 13, and 16 spanning child age bands.",160,IWTC_abated,NZD/week,112.5,162.5,50,50,0.4444444444444444444444444444444444444444,b,B_WFF_VINTAGE,Working for Families forecast vintage
large_family_four_children_age_bands,"Lone parent with four children aged 3, 6, 13, and 16 spanning child age bands.",160,MFTC,NZD/week,0,0,0,0,0,match,MATCH_SNAPSHOT_PRECISION,Match at oracle precision
large_family_four_children_age_bands,"Lone parent with four children aged 3, 6, 13, and 16 spanning child age bands.",160,IETC_abated,NZD/week,0,0,0,0,0,match,MATCH_SNAPSHOT_PRECISION,Match at oracle precision
large_family_four_children_age_bands,"Lone parent with four children aged 3, 6, 13, and 16 spanning child age bands.",160,WinterEnergy,NZD/week,0,0,0,0,0,match,MATCH_SNAPSHOT_PRECISION,Match at oracle precision
large_family_four_children_age_bands,"Lone parent with four children aged 3, 6, 13, and 16 spanning child age bands.",160,BestStart_Total,NZD/week,0,0,0,0,0,match,MATCH_SNAPSHOT_PRECISION,Match at oracle precision
large_family_four_children_age_bands,"Lone parent with four children aged 3, 6, 13, and 16 spanning child age bands.",160,AS_Amount,NZD/week,0,0,0,0,0,match,MATCH_SNAPSHOT_PRECISION,Match at oracle precision
large_family_four_children_age_bands,"Lone parent with four children aged 3, 6, 13, and 16 spanning child age bands.",160,WFF_abated,NZD/week,609.480822,685.7356164383561643835616438356164383562,76.2547944383561643835616438356164383562,76.2547944383561643835616438356164383562,0.1251143459906211197955653538769041667339,b,B_WFF_VINTAGE,Working for Families forecast vintage
large_family_four_children_age_bands,"Lone parent with four children aged 3, 6, 13, and 16 spanning child age bands.",160,Net_Income,NZD/week,749.880822,826.1356164383561643835616438356164383562,76.2547944383561643835616438356164383562,76.2547944383561643835616438356164383562,0.1016892180746504867723656010976320692679,b,B_COMPOUND_NET_INCOME,Compound forecast-vintage level difference
large_family_four_children_age_bands,"Lone parent with four children aged 3, 6, 13, and 16 spanning child age bands.",160,Net_Income_annual,NZD/year,39100.928571,43077.07142857142857142857142857142857143,3976.14285757142857142857142857142857143,3976.14285757142857142857142857142857143,0.101689218207477965099924312704666396078,b,B_COMPOUND_NET_INCOME,Compound forecast-vintage level difference
large_family_four_children_age_bands,"Lone parent with four children aged 3, 6, 13, and 16 spanning child age bands.",160,EMTR,ratio,0.1225,0.1224520547945205479452054794520547945,-0.0000479452054794520547945205479452055,0.0000479452054794520547945205479452055,0.0003913894324853228962818003913894326530612,c,C_EMTR_DISCRETE_ROUNDING,EMTR statutory discreteness/period convention
large_family_four_children_age_bands,"Lone parent with four children aged 3, 6, 13, and 16 spanning child age bands.",250,gross_wage1,NZD/week,250,250,0,0,0,match,MATCH_SNAPSHOT_PRECISION,Match at oracle precision
large_family_four_children_age_bands,"Lone parent with four children aged 3, 6, 13, and 16 spanning child age bands.",250,hours1,hours/week,13.513514,13.51351351351351351351351351351351351351,-0.00000048648648648648648648648648648649,0.00000048648648648648648648648648648649,0.00000003599999870400004665599832038406072617381,match,MATCH_SNAPSHOT_PRECISION,Match at oracle precision
large_family_four_children_age_bands,"Lone parent with four children aged 3, 6, 13, and 16 spanning child age bands.",250,gross_wage1_annual,NZD/year,13035.714286,13035.71428571428571428571428571428571428,-0.00000028571428571428571428571428572,0.00000028571428571428571428571428572,0.00000000002191780821869769187465868072647323439504,match,MATCH_SNAPSHOT_PRECISION,Match at oracle precision
large_family_four_children_age_bands,"Lone parent with four children aged 3, 6, 13, and 16 spanning child age bands.",250,gross_wage2,NZD/week,0,0,0,0,0,match,MATCH_SNAPSHOT_PRECISION,Match at oracle precision
large_family_four_children_age_bands,"Lone parent with four children aged 3, 6, 13, and 16 spanning child age bands.",250,wage1_tax,NZD/week,26.25,26.25,0,0,0,match,MATCH_SNAPSHOT_PRECISION,Match at oracle precision
large_family_four_children_age_bands,"Lone parent with four children aged 3, 6, 13, and 16 spanning child age bands.",250,wage1_ACC_levy,NZD/week,4.375,4.375095890410958904109589041095890410959,0.000095890410958904109589041095890410959,0.000095890410958904109589041095890410959,0.0000219178082191780821917808219178082192,c,C_ACC_ANNUAL_CENTS,ACC period/rounding convention
large_family_four_children_age_bands,"Lone parent with four children aged 3, 6, 13, and 16 spanning child age bands.",250,net_wage1,NZD/week,219.375,219.374904109589041095890410958904109589,-0.000095890410958904109589041095890411,0.000095890410958904109589041095890411,0.0000004371072864223549155056004371072866096866,c,C_NET_WAGE_ROUNDING,Net-wage rounding propagation
large_family_four_children_age_bands,"Lone parent with four children aged 3, 6, 13, and 16 spanning child age bands.",250,net_wage,NZD/week,219.375,219.374904109589041095890410958904109589,-0.000095890410958904109589041095890411,0.000095890410958904109589041095890411,0.0000004371072864223549155056004371072866096866,c,C_NET_WAGE_ROUNDING,Net-wage rounding propagation
large_family_four_children_age_bands,"Lone parent with four children aged 3, 6, 13, and 16 spanning child age bands.",250,net_benefit,NZD/week,0,0,0,0,0,match,MATCH_SNAPSHOT_PRECISION,Match at oracle precision
large_family_four_children_age_bands,"Lone parent with four children aged 3, 6, 13, and 16 spanning child age bands.",250,FTC_abated,NZD/week,496.980822,523.2356164383561643835616438356164383562,26.2547944383561643835616438356164383562,26.2547944383561643835616438356164383562,0.05282858669012416013019038355491399295122,b,B_WFF_VINTAGE,Working for Families forecast vintage
large_family_four_children_age_bands,"Lone parent with four children aged 3, 6, 13, and 16 spanning child age bands.",250,IWTC_abated,NZD/week,112.5,162.5,50,50,0.4444444444444444444444444444444444444444,b,B_WFF_VINTAGE,Working for Families forecast vintage
large_family_four_children_age_bands,"Lone parent with four children aged 3, 6, 13, and 16 spanning child age bands.",250,MFTC,NZD/week,0,0,0,0,0,match,MATCH_SNAPSHOT_PRECISION,Match at oracle precision
large_family_four_children_age_bands,"Lone parent with four children aged 3, 6, 13, and 16 spanning child age bands.",250,IETC_abated,NZD/week,0,0,0,0,0,match,MATCH_SNAPSHOT_PRECISION,Match at oracle precision
large_family_four_children_age_bands,"Lone parent with four children aged 3, 6, 13, and 16 spanning child age bands.",250,WinterEnergy,NZD/week,0,0,0,0,0,match,MATCH_SNAPSHOT_PRECISION,Match at oracle precision
large_family_four_children_age_bands,"Lone parent with four children aged 3, 6, 13, and 16 spanning child age bands.",250,BestStart_Total,NZD/week,0,0,0,0,0,match,MATCH_SNAPSHOT_PRECISION,Match at oracle precision
large_family_four_children_age_bands,"Lone parent with four children aged 3, 6, 13, and 16 spanning child age bands.",250,AS_Amount,NZD/week,0,0,0,0,0,match,MATCH_SNAPSHOT_PRECISION,Match at oracle precision
large_family_four_children_age_bands,"Lone parent with four children aged 3, 6, 13, and 16 spanning child age bands.",250,WFF_abated,NZD/week,609.480822,685.7356164383561643835616438356164383562,76.2547944383561643835616438356164383562,76.2547944383561643835616438356164383562,0.1251143459906211197955653538769041667339,b,B_WFF_VINTAGE,Working for Families forecast vintage
large_family_four_children_age_bands,"Lone parent with four children aged 3, 6, 13, and 16 spanning child age bands.",250,Net_Income,NZD/week,828.855822,905.1105205479452054794520547945205479452,76.2546985479452054794520547945205479452,76.2546985479452054794520547945205479452,0.09199995526839070146442435774375310830018,b,B_COMPOUND_NET_INCOME,Compound forecast-vintage level difference
large_family_four_children_age_bands,"Lone parent with four children aged 3, 6, 13, and 16 spanning child age bands.",250,Net_Income_annual,NZD/year,43218.910714,47195.04857142857142857142857142857142857,3976.13785742857142857142857142857142857,3976.13785742857142857142857142857142857,0.09199995538389569020759444796747848522303,b,B_COMPOUND_NET_INCOME,Compound forecast-vintage level difference
large_family_four_children_age_bands,"Lone parent with four children aged 3, 6, 13, and 16 spanning child age bands.",250,EMTR,ratio,0.1225,0.1224520547945205479452054794520547945,-0.0000479452054794520547945205479452055,0.0000479452054794520547945205479452055,0.0003913894324853228962818003913894326530612,c,C_EMTR_DISCRETE_ROUNDING,EMTR statutory discreteness/period convention
large_family_four_children_age_bands,"Lone parent with four children aged 3, 6, 13, and 16 spanning child age bands.",370,gross_wage1,NZD/week,370,370,0,0,0,match,MATCH_SNAPSHOT_PRECISION,Match at oracle precision
large_family_four_children_age_bands,"Lone parent with four children aged 3, 6, 13, and 16 spanning child age bands.",370,hours1,hours/week,20,20,0,0,0,match,MATCH_SNAPSHOT_PRECISION,Match at oracle precision
large_family_four_children_age_bands,"Lone parent with four children aged 3, 6, 13, and 16 spanning child age bands.",370,gross_wage1_annual,NZD/year,19292.857143,19292.85714285714285714285714285714285714,-0.00000014285714285714285714285714286,0.00000014285714285714285714285714286,0.000000000007404664938856685191122867936533707012688,match,MATCH_SNAPSHOT_PRECISION,Match at oracle precision
large_family_four_children_age_bands,"Lone parent with four children aged 3, 6, 13, and 16 spanning child age bands.",370,gross_wage2,NZD/week,0,0,0,0,0,match,MATCH_SNAPSHOT_PRECISION,Match at oracle precision
large_family_four_children_age_bands,"Lone parent with four children aged 3, 6, 13, and 16 spanning child age bands.",370,wage1_tax,NZD/week,43.807534,43.80753424657534246575342465753424657534,0.00000024657534246575342465753424657534,0.00000024657534246575342465753424657534,0.00000000562860585728823322165393392322288672994,match,MATCH_SNAPSHOT_PRECISION,Match at oracle precision
large_family_four_children_age_bands,"Lone parent with four children aged 3, 6, 13, and 16 spanning child age bands.",370,wage1_ACC_levy,NZD/week,6.475,6.475095890410958904109589041095890410959,0.000095890410958904109589041095890410959,0.000095890410958904109589041095890410959,0.00001480932987782302850796001480932987783784,c,C_ACC_ANNUAL_CENTS,ACC period/rounding convention
large_family_four_children_age_bands,"Lone parent with four children aged 3, 6, 13, and 16 spanning child age bands.",370,net_wage1,NZD/week,319.717466,319.7173698630136986301369863013698630137,-0.0000961369863013698630136986301369863,0.0000961369863013698630136986301369863,0.0000003006935701828997450320672507049905743967,c,C_NET_WAGE_ROUNDING,Net-wage rounding propagation
large_family_four_children_age_bands,"Lone parent with four children aged 3, 6, 13, and 16 spanning child age bands.",370,net_wage,NZD/week,319.717466,319.7173698630136986301369863013698630137,-0.0000961369863013698630136986301369863,0.0000961369863013698630136986301369863,0.0000003006935701828997450320672507049905743967,c,C_NET_WAGE_ROUNDING,Net-wage rounding propagation
large_family_four_children_age_bands,"Lone parent with four children aged 3, 6, 13, and 16 spanning child age bands.",370,net_benefit,NZD/week,0,0,0,0,0,match,MATCH_SNAPSHOT_PRECISION,Match at oracle precision
large_family_four_children_age_bands,"Lone parent with four children aged 3, 6, 13, and 16 spanning child age bands.",370,FTC_abated,NZD/week,496.980822,523.2356164383561643835616438356164383562,26.2547944383561643835616438356164383562,26.2547944383561643835616438356164383562,0.05282858669012416013019038355491399295122,b,B_WFF_VINTAGE,Working for Families forecast vintage
large_family_four_children_age_bands,"Lone parent with four children aged 3, 6, 13, and 16 spanning child age bands.",370,IWTC_abated,NZD/week,112.5,162.5,50,50,0.4444444444444444444444444444444444444444,b,B_WFF_VINTAGE,Working for Families forecast vintage
large_family_four_children_age_bands,"Lone parent with four children aged 3, 6, 13, and 16 spanning child age bands.",370,MFTC,NZD/week,375.807534,377.7306111696522655426765015961538461538,1.9230771696522655426765015961538461538,1.9230771696522655426765015961538461538,0.00511718631391851112457075327328016301504,b,B_WFF_VINTAGE,Working for Families forecast vintage
large_family_four_children_age_bands,"Lone parent with four children aged 3, 6, 13, and 16 spanning child age bands.",370,IETC_abated,NZD/week,0,0,0,0,0,match,MATCH_SNAPSHOT_PRECISION,Match at oracle precision
large_family_four_children_age_bands,"Lone parent with four children aged 3, 6, 13, and 16 spanning child age bands.",370,WinterEnergy,NZD/week,0,0,0,0,0,match,MATCH_SNAPSHOT_PRECISION,Match at oracle precision
large_family_four_children_age_bands,"Lone parent with four children aged 3, 6, 13, and 16 spanning child age bands.",370,BestStart_Total,NZD/week,0,0,0,0,0,match,MATCH_SNAPSHOT_PRECISION,Match at oracle precision
large_family_four_children_age_bands,"Lone parent with four children aged 3, 6, 13, and 16 spanning child age bands.",370,AS_Amount,NZD/week,0,0,0,0,0,match,MATCH_SNAPSHOT_PRECISION,Match at oracle precision
large_family_four_children_age_bands,"Lone parent with four children aged 3, 6, 13, and 16 spanning child age bands.",370,WFF_abated,NZD/week,609.480822,685.7356164383561643835616438356164383562,76.2547944383561643835616438356164383562,76.2547944383561643835616438356164383562,0.1251143459906211197955653538769041667339,b,B_WFF_VINTAGE,Working for Families forecast vintage
large_family_four_children_age_bands,"Lone parent with four children aged 3, 6, 13, and 16 spanning child age bands.",370,Net_Income,NZD/week,1305.005822,1383.183597471022128556375131733140147524,78.177775471022128556375131733140147524,78.177775471022128556375131733140147524,0.05990607409797603842136355751303318516843,b,B_COMPOUND_NET_INCOME,Compound forecast-vintage level difference
large_family_four_children_age_bands,"Lone parent with four children aged 3, 6, 13, and 16 spanning child age bands.",370,Net_Income_annual,NZD/year,68046.732143,72123.14472527472527472527472608516483518,4076.41258227472527472527472608516483518,4076.41258227472527472527472608516483518,0.0599060741625058007118834924252618835298,b,B_COMPOUND_NET_INCOME,Compound forecast-vintage level difference
large_family_four_children_age_bands,"Lone parent with four children aged 3, 6, 13, and 16 spanning child age bands.",370,EMTR,ratio,1.0175,1.017452054794520547945205479452054795,-0.000047945205479452054794520547945205,0.000047945205479452054794520547945205,0.00004712059506580054525260004712059459459459,c,C_EMTR_DISCRETE_ROUNDING,EMTR statutory discreteness/period convention
large_family_four_children_age_bands,"Lone parent with four children aged 3, 6, 13, and 16 spanning child age bands.",555,gross_wage1,NZD/week,555,555,0,0,0,match,MATCH_SNAPSHOT_PRECISION,Match at oracle precision
large_family_four_children_age_bands,"Lone parent with four children aged 3, 6, 13, and 16 spanning child age bands.",555,hours1,hours/week,30,30,0,0,0,match,MATCH_SNAPSHOT_PRECISION,Match at oracle precision
large_family_four_children_age_bands,"Lone parent with four children aged 3, 6, 13, and 16 spanning child age bands.",555,gross_wage1_annual,NZD/year,28939.285714,28939.28571428571428571428571428571428571,0.00000028571428571428571428571428571,0.00000028571428571428571428571428571,0.000000000009872886585312826228165497482050257904303,match,MATCH_SNAPSHOT_PRECISION,Match at oracle precision
large_family_four_children_age_bands,"Lone parent with four children aged 3, 6, 13, and 16 spanning child age bands.",555,gross_wage2,NZD/week,0,0,0,0,0,match,MATCH_SNAPSHOT_PRECISION,Match at oracle precision
large_family_four_children_age_bands,"Lone parent with four children aged 3, 6, 13, and 16 spanning child age bands.",555,wage1_tax,NZD/week,76.182534,76.18253424657534246575342465753424657535,0.00000024657534246575342465753424657535,0.00000024657534246575342465753424657535,0.000000003236638761133272682391140291754406594036,match,MATCH_SNAPSHOT_PRECISION,Match at oracle precision
large_family_four_children_age_bands,"Lone parent with four children aged 3, 6, 13, and 16 spanning child age bands.",555,wage1_ACC_levy,NZD/week,9.7125,9.71254794520547945205479452054794520548,0.00004794520547945205479452054794520548,0.00004794520547945205479452054794520548,0.000004936443292607676169320004936443292664093,c,C_ACC_ANNUAL_CENTS,ACC period/rounding convention
large_family_four_children_age_bands,"Lone parent with four children aged 3, 6, 13, and 16 spanning child age bands.",555,net_wage1,NZD/week,469.104966,469.1049178082191780821917808219178082191,-0.0000481917808219178082191780821917809,0.0000481917808219178082191780821917809,0.0000001027313380048886718013939809619941222281,c,C_NET_WAGE_ROUNDING,Net-wage rounding propagation
large_family_four_children_age_bands,"Lone parent with four children aged 3, 6, 13, and 16 spanning child age bands.",555,net_wage,NZD/week,469.104966,469.1049178082191780821917808219178082191,-0.0000481917808219178082191780821917809,0.0000481917808219178082191780821917809,0.0000001027313380048886718013939809619941222281,c,C_NET_WAGE_ROUNDING,Net-wage rounding propagation
large_family_four_children_age_bands,"Lone parent with four children aged 3, 6, 13, and 16 spanning child age bands.",555,net_benefit,NZD/week,0,0,0,0,0,match,MATCH_SNAPSHOT_PRECISION,Match at oracle precision
large_family_four_children_age_bands,"Lone parent with four children aged 3, 6, 13, and 16 spanning child age bands.",555,FTC_abated,NZD/week,496.980822,523.2356164383561643835616438356164383562,26.2547944383561643835616438356164383562,26.2547944383561643835616438356164383562,0.05282858669012416013019038355491399295122,b,B_WFF_VINTAGE,Working for Families forecast vintage
large_family_four_children_age_bands,"Lone parent with four children aged 3, 6, 13, and 16 spanning child age bands.",555,IWTC_abated,NZD/week,112.5,162.5,50,50,0.4444444444444444444444444444444444444444,b,B_WFF_VINTAGE,Working for Families forecast vintage
large_family_four_children_age_bands,"Lone parent with four children aged 3, 6, 13, and 16 spanning child age bands.",555,MFTC,NZD/week,223.182534,225.1056111696522655426765015769230769231,1.9230771696522655426765015769230769231,1.9230771696522655426765015769230769231,0.008616611413025113975435468336976032914386,b,B_WFF_VINTAGE,Working for Families forecast vintage
large_family_four_children_age_bands,"Lone parent with four children aged 3, 6, 13, and 16 spanning child age bands.",555,IETC_abated,NZD/week,0,0,0,0,0,match,MATCH_SNAPSHOT_PRECISION,Match at oracle precision
large_family_four_children_age_bands,"Lone parent with four children aged 3, 6, 13, and 16 spanning child age bands.",555,WinterEnergy,NZD/week,0,0,0,0,0,match,MATCH_SNAPSHOT_PRECISION,Match at oracle precision
large_family_four_children_age_bands,"Lone parent with four children aged 3, 6, 13, and 16 spanning child age bands.",555,BestStart_Total,NZD/week,0,0,0,0,0,match,MATCH_SNAPSHOT_PRECISION,Match at oracle precision
large_family_four_children_age_bands,"Lone parent with four children aged 3, 6, 13, and 16 spanning child age bands.",555,AS_Amount,NZD/week,0,0,0,0,0,match,MATCH_SNAPSHOT_PRECISION,Match at oracle precision
large_family_four_children_age_bands,"Lone parent with four children aged 3, 6, 13, and 16 spanning child age bands.",555,WFF_abated,NZD/week,609.480822,685.7356164383561643835616438356164383562,76.2547944383561643835616438356164383562,76.2547944383561643835616438356164383562,0.1251143459906211197955653538769041667339,b,B_WFF_VINTAGE,Working for Families forecast vintage
large_family_four_children_age_bands,"Lone parent with four children aged 3, 6, 13, and 16 spanning child age bands.",555,Net_Income,NZD/week,1301.768322,1379.946145416227608008429926234457323498,78.177823416227608008429926234457323498,78.177823416227608008429926234457323498,0.06005509743555398024843772948598247077178,b,B_COMPOUND_NET_INCOME,Compound forecast-vintage level difference
large_family_four_children_age_bands,"Lone parent with four children aged 3, 6, 13, and 16 spanning child age bands.",555,Net_Income_annual,NZD/year,67877.919643,71954.33472527472527472527472508241758239,4076.41508227472527472527472508241758239,4076.41508227472527472527472508241758239,0.06005509750025332364803917485144510916592,b,B_COMPOUND_NET_INCOME,Compound forecast-vintage level difference
large_family_four_children_age_bands,"Lone parent with four children aged 3, 6, 13, and 16 spanning child age bands.",555,EMTR,ratio,1.0175,1.017452054794520547945205477534246575,-0.000047945205479452054794522465753425,0.000047945205479452054794522465753425,0.00004712059506580054525260193194439803439803,c,C_EMTR_DISCRETE_ROUNDING,EMTR statutory discreteness/period convention
large_family_four_children_age_bands,"Lone parent with four children aged 3, 6, 13, and 16 spanning child age bands.",740,gross_wage1,NZD/week,740,740,0,0,0,match,MATCH_SNAPSHOT_PRECISION,Match at oracle precision
large_family_four_children_age_bands,"Lone parent with four children aged 3, 6, 13, and 16 spanning child age bands.",740,hours1,hours/week,40,40,0,0,0,match,MATCH_SNAPSHOT_PRECISION,Match at oracle precision
large_family_four_children_age_bands,"Lone parent with four children aged 3, 6, 13, and 16 spanning child age bands.",740,gross_wage1_annual,NZD/year,38585.714286,38585.71428571428571428571428571428571428,-0.00000028571428571428571428571428572,0.00000028571428571428571428571428572,0.000000000007404664938856685191122867936533707012688,match,MATCH_SNAPSHOT_PRECISION,Match at oracle precision
large_family_four_children_age_bands,"Lone parent with four children aged 3, 6, 13, and 16 spanning child age bands.",740,gross_wage2,NZD/week,0,0,0,0,0,match,MATCH_SNAPSHOT_PRECISION,Match at oracle precision
large_family_four_children_age_bands,"Lone parent with four children aged 3, 6, 13, and 16 spanning child age bands.",740,wage1_tax,NZD/week,108.557534,108.5575342465753424657534246575342465753,0.0000002465753424657534246575342465753,0.0000002465753424657534246575342465753,0.000000002271379363368307764411213012404095325157,match,MATCH_SNAPSHOT_PRECISION,Match at oracle precision
large_family_four_children_age_bands,"Lone parent with four children aged 3, 6, 13, and 16 spanning child age bands.",740,wage1_ACC_levy,NZD/week,12.95,12.95,0,0,0,match,MATCH_SNAPSHOT_PRECISION,Match at oracle precision
large_family_four_children_age_bands,"Lone parent with four children aged 3, 6, 13, and 16 spanning child age bands.",740,net_wage1,NZD/week,618.492466,618.4924657534246575342465753424657534247,-0.0000002465753424657534246575342465753,0.0000002465753424657534246575342465753,0.0000000003986715376832956032443154231975721431019,match,MATCH_SNAPSHOT_PRECISION,Match at oracle precision
large_family_four_children_age_bands,"Lone parent with four children aged 3, 6, 13, and 16 spanning child age bands.",740,net_wage,NZD/week,618.492466,618.4924657534246575342465753424657534247,-0.0000002465753424657534246575342465753,0.0000002465753424657534246575342465753,0.0000000003986715376832956032443154231975721431019,match,MATCH_SNAPSHOT_PRECISION,Match at oracle precision
large_family_four_children_age_bands,"Lone parent with four children aged 3, 6, 13, and 16 spanning child age bands.",740,net_benefit,NZD/week,0,0,0,0,0,match,MATCH_SNAPSHOT_PRECISION,Match at oracle precision
large_family_four_children_age_bands,"Lone parent with four children aged 3, 6, 13, and 16 spanning child age bands.",740,FTC_abated,NZD/week,496.980822,523.2356164383561643835616438356164383562,26.2547944383561643835616438356164383562,26.2547944383561643835616438356164383562,0.05282858669012416013019038355491399295122,b,B_WFF_VINTAGE,Working for Families forecast vintage
large_family_four_children_age_bands,"Lone parent with four children aged 3, 6, 13, and 16 spanning child age bands.",740,IWTC_abated,NZD/week,112.5,162.5,50,50,0.4444444444444444444444444444444444444444,b,B_WFF_VINTAGE,Working for Families forecast vintage
large_family_four_children_age_bands,"Lone parent with four children aged 3, 6, 13, and 16 spanning child age bands.",740,MFTC,NZD/week,70.557534,72.480611169652265542676501575,1.923077169652265542676501575,1.923077169652265542676501575,0.02725544758483573905341563630894469752869,b,B_WFF_VINTAGE,Working for Families forecast vintage
large_family_four_children_age_bands,"Lone parent with four children aged 3, 6, 13, and 16 spanning child age bands.",740,IETC_abated,NZD/week,0,0,0,0,0,match,MATCH_SNAPSHOT_PRECISION,Match at oracle precision
large_family_four_children_age_bands,"Lone parent with four children aged 3, 6, 13, and 16 spanning child age bands.",740,WinterEnergy,NZD/week,0,0,0,0,0,match,MATCH_SNAPSHOT_PRECISION,Match at oracle precision
large_family_four_children_age_bands,"Lone parent with four children aged 3, 6, 13, and 16 spanning child age bands.",740,BestStart_Total,NZD/week,0,0,0,0,0,match,MATCH_SNAPSHOT_PRECISION,Match at oracle precision
large_family_four_children_age_bands,"Lone parent with four children aged 3, 6, 13, and 16 spanning child age bands.",740,AS_Amount,NZD/week,0,0,0,0,0,match,MATCH_SNAPSHOT_PRECISION,Match at oracle precision
large_family_four_children_age_bands,"Lone parent with four children aged 3, 6, 13, and 16 spanning child age bands.",740,WFF_abated,NZD/week,609.480822,685.7356164383561643835616438356164383562,76.2547944383561643835616438356164383562,76.2547944383561643835616438356164383562,0.1251143459906211197955653538769041667339,b,B_WFF_VINTAGE,Working for Families forecast vintage
large_family_four_children_age_bands,"Lone parent with four children aged 3, 6, 13, and 16 spanning child age bands.",740,Net_Income,NZD/week,1298.530822,1376.708693361433087460484720753082191781,78.177871361433087460484720753082191781,78.177871361433087460484720753082191781,0.06020486386378057606127790531034633522238,b,B_COMPOUND_NET_INCOME,Compound forecast-vintage level difference
large_family_four_children_age_bands,"Lone parent with four children aged 3, 6, 13, and 16 spanning child age bands.",740,Net_Income_annual,NZD/year,67709.107143,71785.52472527472527472527472498214285715,4076.41758227472527472527472498214285715,4076.41758227472527472527472498214285715,0.06020486392865039163680402284613157858002,b,B_COMPOUND_NET_INCOME,Compound forecast-vintage level difference
large_family_four_children_age_bands,"Lone parent with four children aged 3, 6, 13, and 16 spanning child age bands.",740,EMTR,ratio,1.0175,1.017452054794520547945205479452054795,-0.000047945205479452054794520547945205,0.000047945205479452054794520547945205,0.00004712059506580054525260004712059459459459,c,C_EMTR_DISCRETE_ROUNDING,EMTR statutory discreteness/period convention
large_family_four_children_age_bands,"Lone parent with four children aged 3, 6, 13, and 16 spanning child age bands.",1000,gross_wage1,NZD/week,1000,1000,0,0,0,match,MATCH_SNAPSHOT_PRECISION,Match at oracle precision
large_family_four_children_age_bands,"Lone parent with four children aged 3, 6, 13, and 16 spanning child age bands.",1000,hours1,hours/week,54.054054,54.05405405405405405405405405405405405405,0.00000005405405405405405405405405405405,0.00000005405405405405405405405405405405,0.000000001000000001000000001000000000999925001,match,MATCH_SNAPSHOT_PRECISION,Match at oracle precision
large_family_four_children_age_bands,"Lone parent with four children aged 3, 6, 13, and 16 spanning child age bands.",1000,gross_wage1_annual,NZD/year,52142.857143,52142.85714285714285714285714285714285714,-0.00000014285714285714285714285714286,0.00000014285714285714285714285714286,0.000000000002739726027389754175267425331081459108682,match,MATCH_SNAPSHOT_PRECISION,Match at oracle precision
large_family_four_children_age_bands,"Lone parent with four children aged 3, 6, 13, and 16 spanning child age bands.",1000,gross_wage2,NZD/week,0,0,0,0,0,match,MATCH_SNAPSHOT_PRECISION,Match at oracle precision
large_family_four_children_age_bands,"Lone parent with four children aged 3, 6, 13, and 16 spanning child age bands.",1000,wage1_tax,NZD/week,154.057534,154.0575342465753424657534246575342465754,0.0000002465753424657534246575342465754,0.0000002465753424657534246575342465754,0.00000000160054062961798041410642238746597099237,match,MATCH_SNAPSHOT_PRECISION,Match at oracle precision
large_family_four_children_age_bands,"Lone parent with four children aged 3, 6, 13, and 16 spanning child age bands.",1000,wage1_ACC_levy,NZD/week,17.5,17.5,0,0,0,match,MATCH_SNAPSHOT_PRECISION,Match at oracle precision
large_family_four_children_age_bands,"Lone parent with four children aged 3, 6, 13, and 16 spanning child age bands.",1000,net_wage1,NZD/week,828.442466,828.4424657534246575342465753424657534246,-0.0000002465753424657534246575342465754,0.0000002465753424657534246575342465754,0.0000000002976372561589007493702456418686291728556,match,MATCH_SNAPSHOT_PRECISION,Match at oracle precision
large_family_four_children_age_bands,"Lone parent with four children aged 3, 6, 13, and 16 spanning child age bands.",1000,net_wage,NZD/week,828.442466,828.4424657534246575342465753424657534246,-0.0000002465753424657534246575342465754,0.0000002465753424657534246575342465754,0.0000000002976372561589007493702456418686291728556,match,MATCH_SNAPSHOT_PRECISION,Match at oracle precision
large_family_four_children_age_bands,"Lone parent with four children aged 3, 6, 13, and 16 spanning child age bands.",1000,net_benefit,NZD/week,0,0,0,0,0,match,MATCH_SNAPSHOT_PRECISION,Match at oracle precision
large_family_four_children_age_bands,"Lone parent with four children aged 3, 6, 13, and 16 spanning child age bands.",1000,FTC_abated,NZD/week,458.782192,485.0415068493150684931506849315068493151,26.2593148493150684931506849315068493151,26.2593148493150684931506849315068493151,0.05723699678673462655488311745872396310252,b,B_WFF_VINTAGE,Working for Families forecast vintage
large_family_four_children_age_bands,"Lone parent with four children aged 3, 6, 13, and 16 spanning child age bands.",1000,IWTC_abated,NZD/week,112.5,162.5,50,50,0.4444444444444444444444444444444444444444,b,B_WFF_VINTAGE,Working for Families forecast vintage
large_family_four_children_age_bands,"Lone parent with four children aged 3, 6, 13, and 16 spanning child age bands.",1000,MFTC,NZD/week,0,0,0,0,0,match,MATCH_SNAPSHOT_PRECISION,Match at oracle precision
large_family_four_children_age_bands,"Lone parent with four children aged 3, 6, 13, and 16 spanning child age bands.",1000,IETC_abated,NZD/week,0,0,0,0,0,match,MATCH_SNAPSHOT_PRECISION,Match at oracle precision
large_family_four_children_age_bands,"Lone parent with four children aged 3, 6, 13, and 16 spanning child age bands.",1000,WinterEnergy,NZD/week,0,0,0,0,0,match,MATCH_SNAPSHOT_PRECISION,Match at oracle precision
large_family_four_children_age_bands,"Lone parent with four children aged 3, 6, 13, and 16 spanning child age bands.",1000,BestStart_Total,NZD/week,0,0,0,0,0,match,MATCH_SNAPSHOT_PRECISION,Match at oracle precision
large_family_four_children_age_bands,"Lone parent with four children aged 3, 6, 13, and 16 spanning child age bands.",1000,AS_Amount,NZD/week,0,0,0,0,0,match,MATCH_SNAPSHOT_PRECISION,Match at oracle precision
large_family_four_children_age_bands,"Lone parent with four children aged 3, 6, 13, and 16 spanning child age bands.",1000,WFF_abated,NZD/week,571.282192,647.5415068493150684931506849315068493151,76.2593148493150684931506849315068493151,76.2593148493150684931506849315068493151,0.133487995805258828185477003161174765474,b,B_WFF_VINTAGE,Working for Families forecast vintage
large_family_four_children_age_bands,"Lone parent with four children aged 3, 6, 13, and 16 spanning child age bands.",1000,Net_Income,NZD/week,1399.724658,1475.98397260273972602739726027397260274,76.25931460273972602739726027397260274,76.25931460273972602739726027397260274,0.05448165406452368579149318685073318379735,b,B_COMPOUND_NET_INCOME,Compound forecast-vintage level difference
large_family_four_children_age_bands,"Lone parent with four children aged 3, 6, 13, and 16 spanning child age bands.",1000,Net_Income_annual,NZD/year,72985.642857,76962.02142857142857142857142857142857144,3976.37857157142857142857142857142857144,3976.37857157142857142857142857142857144,0.05448165441746269404142588257385537837217,b,B_COMPOUND_NET_INCOME,Compound forecast-vintage level difference
large_family_four_children_age_bands,"Lone parent with four children aged 3, 6, 13, and 16 spanning child age bands.",1000,EMTR,ratio,0.4675,0.47197260273972602739726027397260274,0.00447260273972602739726027397260274,0.00447260273972602739726027397260274,0.009567064683905940956706468390594096256684,c,C_EMTR_DISCRETE_ROUNDING,EMTR statutory discreteness/period convention
large_family_four_children_age_bands,"Lone parent with four children aged 3, 6, 13, and 16 spanning child age bands.",1500,gross_wage1,NZD/week,1500,1500,0,0,0,match,MATCH_SNAPSHOT_PRECISION,Match at oracle precision
large_family_four_children_age_bands,"Lone parent with four children aged 3, 6, 13, and 16 spanning child age bands.",1500,hours1,hours/week,81.081081,81.08108108108108108108108108108108108108,0.00000008108108108108108108108108108108,0.00000008108108108108108108108108108108,0.000000001000000001000000001000000000999986667667,match,MATCH_SNAPSHOT_PRECISION,Match at oracle precision
large_family_four_children_age_bands,"Lone parent with four children aged 3, 6, 13, and 16 spanning child age bands.",1500,gross_wage1_annual,NZD/year,78214.285714,78214.28571428571428571428571428571428571,0.00000028571428571428571428571428571,0.00000028571428571428571428571428571,0.000000000003652968036543024540772759906943462136646,match,MATCH_SNAPSHOT_PRECISION,Match at oracle precision
large_family_four_children_age_bands,"Lone parent with four children aged 3, 6, 13, and 16 spanning child age bands.",1500,gross_wage2,NZD/week,0,0,0,0,0,match,MATCH_SNAPSHOT_PRECISION,Match at oracle precision
large_family_four_children_age_bands,"Lone parent with four children aged 3, 6, 13, and 16 spanning child age bands.",1500,wage1_tax,NZD/week,300.869863,300.8698630136986301369863013753424657534,0.0000000136986301369863013753424657534,0.0000000136986301369863013753424657534,0.00000000004553008400507797411182543647915976217266,match,MATCH_SNAPSHOT_PRECISION,Match at oracle precision
large_family_four_children_age_bands,"Lone parent with four children aged 3, 6, 13, and 16 spanning child age bands.",1500,wage1_ACC_levy,NZD/week,26.25,26.25,0,0,0,match,MATCH_SNAPSHOT_PRECISION,Match at oracle precision
large_family_four_children_age_bands,"Lone parent with four children aged 3, 6, 13, and 16 spanning child age bands.",1500,net_wage1,NZD/week,1172.880137,1172.880136986301369863013698624657534247,-0.000000013698630136986301375342465753,0.000000013698630136986301375342465753,0.00000000001167948002941267422567193305022267590844,match,MATCH_SNAPSHOT_PRECISION,Match at oracle precision
large_family_four_children_age_bands,"Lone parent with four children aged 3, 6, 13, and 16 spanning child age bands.",1500,net_wage,NZD/week,1172.880137,1172.880136986301369863013698624657534247,-0.000000013698630136986301375342465753,0.000000013698630136986301375342465753,0.00000000001167948002941267422567193305022267590844,match,MATCH_SNAPSHOT_PRECISION,Match at oracle precision
large_family_four_children_age_bands,"Lone parent with four children aged 3, 6, 13, and 16 spanning child age bands.",1500,net_benefit,NZD/week,0,0,0,0,0,match,MATCH_SNAPSHOT_PRECISION,Match at oracle precision
large_family_four_children_age_bands,"Lone parent with four children aged 3, 6, 13, and 16 spanning child age bands.",1500,FTC_abated,NZD/week,321.282192,347.538493150684931506849315068493150685,26.256301150684931506849315068493150685,26.256301150684931506849315068493150685,0.08172348734063956930065179295244957331778,b,B_WFF_VINTAGE,Working for Families forecast vintage
large_family_four_children_age_bands,"Lone parent with four children aged 3, 6, 13, and 16 spanning child age bands.",1500,IWTC_abated,NZD/week,112.5,162.5,50,50,0.4444444444444444444444444444444444444444,b,B_WFF_VINTAGE,Working for Families forecast vintage
large_family_four_children_age_bands,"Lone parent with four children aged 3, 6, 13, and 16 spanning child age bands.",1500,MFTC,NZD/week,0,0,0,0,0,match,MATCH_SNAPSHOT_PRECISION,Match at oracle precision
large_family_four_children_age_bands,"Lone parent with four children aged 3, 6, 13, and 16 spanning child age bands.",1500,IETC_abated,NZD/week,0,0,0,0,0,match,MATCH_SNAPSHOT_PRECISION,Match at oracle precision
large_family_four_children_age_bands,"Lone parent with four children aged 3, 6, 13, and 16 spanning child age bands.",1500,WinterEnergy,NZD/week,0,0,0,0,0,match,MATCH_SNAPSHOT_PRECISION,Match at oracle precision
large_family_four_children_age_bands,"Lone parent with four children aged 3, 6, 13, and 16 spanning child age bands.",1500,BestStart_Total,NZD/week,0,0,0,0,0,match,MATCH_SNAPSHOT_PRECISION,Match at oracle precision
large_family_four_children_age_bands,"Lone parent with four children aged 3, 6, 13, and 16 spanning child age bands.",1500,AS_Amount,NZD/week,0,0,0,0,0,match,MATCH_SNAPSHOT_PRECISION,Match at oracle precision
large_family_four_children_age_bands,"Lone parent with four children aged 3, 6, 13, and 16 spanning child age bands.",1500,WFF_abated,NZD/week,433.782192,510.038493150684931506849315068493150685,76.256301150684931506849315068493150685,76.256301150684931506849315068493150685,0.1757939872983189026506863035735066567348,b,B_WFF_VINTAGE,Working for Families forecast vintage
large_family_four_children_age_bands,"Lone parent with four children aged 3, 6, 13, and 16 spanning child age bands.",1500,Net_Income,NZD/week,1606.662329,1682.918630136986301369863013693150684932,76.256301136986301369863013693150684932,76.256301136986301369863013693150684932,0.0474625562326147633040464557336059162261,b,B_COMPOUND_NET_INCOME,Compound forecast-vintage level difference
large_family_four_children_age_bands,"Lone parent with four children aged 3, 6, 13, and 16 spanning child age bands.",1500,Net_Income_annual,NZD/year,83775.964286,87752.18571428571428571428571400000000002,3976.22142828571428571428571400000000002,3976.22142828571428571428571400000000002,0.04746255638086627282243546235747830685399,b,B_COMPOUND_NET_INCOME,Compound forecast-vintage level difference
large_family_four_children_age_bands,"Lone parent with four children aged 3, 6, 13, and 16 spanning child age bands.",1500,EMTR,ratio,0.6225,0.621698630136986301369863016438356164,-0.000801369863013698630136983561643836,0.000801369863013698630136983561643836,0.001287341145403531935963025801837487550201,c,C_EMTR_DISCRETE_ROUNDING,EMTR statutory discreteness/period convention
